solid OpenSCAD_Model
  facet normal 0.164314 0.0321429 -0.985884
    outer loop
      vertex 71.1 0 -16.8
      vertex 75.9 0.0889485 -15.9971
      vertex 75.9 0 -16
    endloop
  endfacet
  facet normal 0.164309 0.0323645 -0.985878
    outer loop
      vertex 75.9 0.0889485 -15.9971
      vertex 71.1 0 -16.8
      vertex 71.1 0.444741 -16.7854
    endloop
  endfacet
  facet normal 0.164313 -0.92319 0.347451
    outer loop
      vertex 75.9 -5.54328 -7.7039
      vertex 71.1 -6.28238 -7.39775
      vertex 75.9 -5.65023 -7.98807
    endloop
  endfacet
  facet normal 0.164309 -0.0323645 -0.985878
    outer loop
      vertex 71.1 0 -16.8
      vertex 75.9 -0.0889485 -15.9971
      vertex 71.1 -0.444741 -16.7854
    endloop
  endfacet
  facet normal 0.164314 -0.0321429 -0.985884
    outer loop
      vertex 75.9 -0.0889485 -15.9971
      vertex 71.1 0 -16.8
      vertex 75.9 0 -16
    endloop
  endfacet
  facet normal 0.164313 0.520871 0.837672
    outer loop
      vertex 71.1 3.4 -4.11103
      vertex 75.9 3 -4.80385
      vertex 75.9 3.07557 -4.85084
    endloop
  endfacet
  facet normal 0.164313 0.520889 0.837661
    outer loop
      vertex 71.1 3.4 -4.11103
      vertex 75.9 3.07557 -4.85084
      vertex 71.1 3.77788 -4.34601
    endloop
  endfacet
  facet normal 0.164314 0.71996 0.674284
    outer loop
      vertex 75.9 4.51104 -6.04393
      vertex 71.1 5.11251 -5.51645
      vertex 75.9 4.30348 -5.82231
    endloop
  endfacet
  facet normal 0.164308 0.160807 -0.973213
    outer loop
      vertex 75.9 0.870964 -15.9342
      vertex 71.1 1.32661 -16.6693
      vertex 75.9 1.17054 -15.8847
    endloop
  endfacet
  facet normal 0.164315 0.719954 0.674289
    outer loop
      vertex 75.9 4.24264 -5.75736
      vertex 71.1 5.11251 -5.51645
      vertex 71.1 4.80833 -5.19167
    endloop
  endfacet
  facet normal 0.164308 0.719902 0.674347
    outer loop
      vertex 71.1 5.11251 -5.51645
      vertex 75.9 4.24264 -5.75736
      vertex 75.9 4.30348 -5.82231
    endloop
  endfacet
  facet normal 0.164309 0.923202 -0.347419
    outer loop
      vertex 75.9 5.54328 -12.2961
      vertex 71.1 6.28238 -12.6022
      vertex 75.9 5.65023 -12.0119
    endloop
  endfacet
  facet normal 0.164315 -0.719954 0.674289
    outer loop
      vertex 71.1 -5.11251 -5.51645
      vertex 75.9 -4.24264 -5.75736
      vertex 71.1 -4.80833 -5.19167
    endloop
  endfacet
  facet normal 0.164308 -0.719902 0.674347
    outer loop
      vertex 75.9 -4.24264 -5.75736
      vertex 71.1 -5.11251 -5.51645
      vertex 75.9 -4.30348 -5.82231
    endloop
  endfacet
  facet normal 0.164313 -0.837661 0.520889
    outer loop
      vertex 71.1 -5.88897 -6.6
      vertex 75.9 -5.14916 -6.92443
      vertex 71.1 -5.65399 -6.22212
    endloop
  endfacet
  facet normal 0.164313 -0.837672 0.520871
    outer loop
      vertex 71.1 -5.88897 -6.6
      vertex 75.9 -5.19615 -7
      vertex 75.9 -5.14916 -6.92443
    endloop
  endfacet
  facet normal 0.164319 -0.67418 -0.720056
    outer loop
      vertex 75.9 -4.17769 -14.3035
      vertex 71.1 -4.48355 -15.1125
      vertex 75.9 -3.95607 -14.511
    endloop
  endfacet
  facet normal 0.164314 -0.407201 -0.898436
    outer loop
      vertex 71.1 -2.60225 -16.2824
      vertex 75.9 -2.65373 -15.3812
      vertex 71.1 -3.00756 -16.0987
    endloop
  endfacet
  facet normal 0.164262 -0.407765 -0.89819
    outer loop
      vertex 75.9 -2.65373 -15.3812
      vertex 71.1 -2.60225 -16.2824
      vertex 75.9 -2.57267 -15.418
    endloop
  endfacet
  facet normal 0.164313 0.574558 0.801801
    outer loop
      vertex 75.9 3.58023 -5.18804
      vertex 71.1 3.77788 -4.34601
      vertex 75.9 3.33342 -5.01118
    endloop
  endfacet
  facet normal 0.164313 0.407119 0.898474
    outer loop
      vertex 75.9 2.57267 -4.58204
      vertex 71.1 2.60225 -3.71762
      vertex 75.9 2.2961 -4.45672
    endloop
  endfacet
  facet normal 0.164308 0.2239 -0.960662
    outer loop
      vertex 71.1 1.32661 -16.6693
      vertex 75.9 1.25721 -15.8645
      vertex 75.9 1.17054 -15.8847
    endloop
  endfacet
  facet normal 0.164308 0.223895 -0.960663
    outer loop
      vertex 75.9 1.25721 -15.8645
      vertex 71.1 1.32661 -16.6693
      vertex 71.1 1.75997 -16.5683
    endloop
  endfacet
  facet normal -1 0 0
    outer loop
      vertex 71.1 6 -10
      vertex 71.1 6.8 -10
      vertex 71.1 6.78544 -10.4447
    endloop
  endfacet
  facet normal -1 0 0
    outer loop
      vertex 71.1 5.98715 -10.3924
      vertex 71.1 6.78544 -10.4447
      vertex 71.1 6.74182 -10.8876
    endloop
  endfacet
  facet normal -1 0 0
    outer loop
      vertex 71.1 6.8 -10
      vertex 71.1 6 -10
      vertex 71.1 6.78544 -9.55526
    endloop
  endfacet
  facet normal -1 0 0
    outer loop
      vertex 71.1 5.94867 -10.7832
      vertex 71.1 6.74182 -10.8876
      vertex 71.1 6.66934 -11.3266
    endloop
  endfacet
  facet normal -1 0 0
    outer loop
      vertex 71.1 5.98715 -9.60758
      vertex 71.1 6.78544 -9.55526
      vertex 71.1 6 -10
    endloop
  endfacet
  facet normal -1 0 0
    outer loop
      vertex 71.1 5.88471 -11.1705
      vertex 71.1 6.66934 -11.3266
      vertex 71.1 6.5683 -11.76
    endloop
  endfacet
  facet normal -1 -0 0
    outer loop
      vertex 71.1 6.78544 -9.55526
      vertex 71.1 5.98715 -9.60758
      vertex 71.1 6.74182 -9.11242
    endloop
  endfacet
  facet normal -1 0 0
    outer loop
      vertex 71.1 5.79555 -11.5529
      vertex 71.1 6.5683 -11.76
      vertex 71.1 6.43912 -12.1858
    endloop
  endfacet
  facet normal -1 0 0
    outer loop
      vertex 71.1 5.94867 -9.21684
      vertex 71.1 6.74182 -9.11242
      vertex 71.1 5.98715 -9.60758
    endloop
  endfacet
  facet normal -1 0 0
    outer loop
      vertex 71.1 5.68158 -11.9286
      vertex 71.1 6.43912 -12.1858
      vertex 71.1 6.28238 -12.6022
    endloop
  endfacet
  facet normal -1 -0 0
    outer loop
      vertex 71.1 6.74182 -9.11242
      vertex 71.1 5.94867 -9.21684
      vertex 71.1 6.66934 -8.67339
    endloop
  endfacet
  facet normal -1 0 0
    outer loop
      vertex 71.1 5.54328 -12.2961
      vertex 71.1 6.28238 -12.6022
      vertex 71.1 6.09873 -13.0076
    endloop
  endfacet
  facet normal -1 0 0
    outer loop
      vertex 71.1 5.88471 -8.82946
      vertex 71.1 6.66934 -8.67339
      vertex 71.1 5.94867 -9.21684
    endloop
  endfacet
  facet normal -1 -0 0
    outer loop
      vertex 71.1 6.66934 -8.67339
      vertex 71.1 5.88471 -8.82946
      vertex 71.1 6.5683 -8.24003
    endloop
  endfacet
  facet normal -1 0 0
    outer loop
      vertex 71.1 6.78544 -10.4447
      vertex 71.1 5.98715 -10.3924
      vertex 71.1 6 -10
    endloop
  endfacet
  facet normal -1 0 0
    outer loop
      vertex 71.1 6.74182 -10.8876
      vertex 71.1 5.94867 -10.7832
      vertex 71.1 5.98715 -10.3924
    endloop
  endfacet
  facet normal -1 0 0
    outer loop
      vertex 71.1 5.38124 -12.6537
      vertex 71.1 6.09873 -13.0076
      vertex 71.1 5.88897 -13.4
    endloop
  endfacet
  facet normal -1 0 0
    outer loop
      vertex 71.1 6.66934 -11.3266
      vertex 71.1 5.88471 -11.1705
      vertex 71.1 5.94867 -10.7832
    endloop
  endfacet
  facet normal -1 0 0
    outer loop
      vertex 71.1 6.5683 -11.76
      vertex 71.1 5.79555 -11.5529
      vertex 71.1 5.88471 -11.1705
    endloop
  endfacet
  facet normal -1 0 0
    outer loop
      vertex 71.1 6.43912 -12.1858
      vertex 71.1 5.68158 -11.9286
      vertex 71.1 5.79555 -11.5529
    endloop
  endfacet
  facet normal -1 0 0
    outer loop
      vertex 71.1 5.19615 -13
      vertex 71.1 5.88897 -13.4
      vertex 71.1 5.65399 -13.7779
    endloop
  endfacet
  facet normal -1 0 0
    outer loop
      vertex 71.1 6.28238 -12.6022
      vertex 71.1 5.54328 -12.2961
      vertex 71.1 5.68158 -11.9286
    endloop
  endfacet
  facet normal -1 0 0
    outer loop
      vertex 71.1 4.98882 -13.3334
      vertex 71.1 5.65399 -13.7779
      vertex 71.1 5.3948 -14.1396
    endloop
  endfacet
  facet normal -1 0 0
    outer loop
      vertex 71.1 6.09873 -13.0076
      vertex 71.1 5.38124 -12.6537
      vertex 71.1 5.54328 -12.2961
    endloop
  endfacet
  facet normal -1 0 0
    outer loop
      vertex 71.1 5.88897 -13.4
      vertex 71.1 5.19615 -13
      vertex 71.1 5.38124 -12.6537
    endloop
  endfacet
  facet normal -1 0 0
    outer loop
      vertex 71.1 4.76012 -13.6526
      vertex 71.1 5.3948 -14.1396
      vertex 71.1 5.11251 -14.4836
    endloop
  endfacet
  facet normal -1 0 0
    outer loop
      vertex 71.1 5.65399 -13.7779
      vertex 71.1 4.98882 -13.3334
      vertex 71.1 5.19615 -13
    endloop
  endfacet
  facet normal -1 0 0
    outer loop
      vertex 71.1 4.51104 -13.9561
      vertex 71.1 5.11251 -14.4836
      vertex 71.1 4.80833 -14.8083
    endloop
  endfacet
  facet normal -1 0 0
    outer loop
      vertex 71.1 5.3948 -14.1396
      vertex 71.1 4.76012 -13.6526
      vertex 71.1 4.98882 -13.3334
    endloop
  endfacet
  facet normal -1 0 0
    outer loop
      vertex 71.1 5.11251 -14.4836
      vertex 71.1 4.51104 -13.9561
      vertex 71.1 4.76012 -13.6526
    endloop
  endfacet
  facet normal -1 0 0
    outer loop
      vertex 71.1 4.24264 -14.2426
      vertex 71.1 4.80833 -14.8083
      vertex 71.1 4.48355 -15.1125
    endloop
  endfacet
  facet normal -1 0 0
    outer loop
      vertex 71.1 4.80833 -14.8083
      vertex 71.1 4.24264 -14.2426
      vertex 71.1 4.51104 -13.9561
    endloop
  endfacet
  facet normal -1 0 0
    outer loop
      vertex 71.1 3.95607 -14.511
      vertex 71.1 4.48355 -15.1125
      vertex 71.1 4.13958 -15.3948
    endloop
  endfacet
  facet normal -1 0 0
    outer loop
      vertex 71.1 4.48355 -15.1125
      vertex 71.1 3.95607 -14.511
      vertex 71.1 4.24264 -14.2426
    endloop
  endfacet
  facet normal -1 0 0
    outer loop
      vertex 71.1 3.65257 -14.7601
      vertex 71.1 4.13958 -15.3948
      vertex 71.1 3.77788 -15.654
    endloop
  endfacet
  facet normal -1 0 0
    outer loop
      vertex 71.1 4.13958 -15.3948
      vertex 71.1 3.65257 -14.7601
      vertex 71.1 3.95607 -14.511
    endloop
  endfacet
  facet normal -1 0 0
    outer loop
      vertex 71.1 3.33342 -14.9888
      vertex 71.1 3.77788 -15.654
      vertex 71.1 3.4 -15.889
    endloop
  endfacet
  facet normal -1 0 0
    outer loop
      vertex 71.1 3.77788 -15.654
      vertex 71.1 3.33342 -14.9888
      vertex 71.1 3.65257 -14.7601
    endloop
  endfacet
  facet normal -1 0 0
    outer loop
      vertex 71.1 3 -15.1962
      vertex 71.1 3.4 -15.889
      vertex 71.1 3.00756 -16.0987
    endloop
  endfacet
  facet normal -1 0 0
    outer loop
      vertex 71.1 3.4 -15.889
      vertex 71.1 3 -15.1962
      vertex 71.1 3.33342 -14.9888
    endloop
  endfacet
  facet normal -1 0 0
    outer loop
      vertex 71.1 3.00756 -16.0987
      vertex 71.1 2.65373 -15.3812
      vertex 71.1 3 -15.1962
    endloop
  endfacet
  facet normal -1 0 0
    outer loop
      vertex 71.1 2.60225 -16.2824
      vertex 71.1 2.65373 -15.3812
      vertex 71.1 3.00756 -16.0987
    endloop
  endfacet
  facet normal -1 0 0
    outer loop
      vertex 71.1 2.60225 -16.2824
      vertex 71.1 2.2961 -15.5433
      vertex 71.1 2.65373 -15.3812
    endloop
  endfacet
  facet normal -1 0 0
    outer loop
      vertex 71.1 2.18579 -16.4391
      vertex 71.1 2.2961 -15.5433
      vertex 71.1 2.60225 -16.2824
    endloop
  endfacet
  facet normal -1 0 0
    outer loop
      vertex 71.1 2.18579 -16.4391
      vertex 71.1 1.92864 -15.6816
      vertex 71.1 2.2961 -15.5433
    endloop
  endfacet
  facet normal -1 0 0
    outer loop
      vertex 71.1 1.75997 -16.5683
      vertex 71.1 1.92864 -15.6816
      vertex 71.1 2.18579 -16.4391
    endloop
  endfacet
  facet normal -1 0 0
    outer loop
      vertex 71.1 1.75997 -16.5683
      vertex 71.1 1.55291 -15.7956
      vertex 71.1 1.92864 -15.6816
    endloop
  endfacet
  facet normal -1 0 0
    outer loop
      vertex 71.1 1.32661 -16.6693
      vertex 71.1 1.55291 -15.7956
      vertex 71.1 1.75997 -16.5683
    endloop
  endfacet
  facet normal -1 0 0
    outer loop
      vertex 71.1 1.32661 -16.6693
      vertex 71.1 1.17054 -15.8847
      vertex 71.1 1.55291 -15.7956
    endloop
  endfacet
  facet normal -1 0 0
    outer loop
      vertex 71.1 0.887578 -16.7418
      vertex 71.1 1.17054 -15.8847
      vertex 71.1 1.32661 -16.6693
    endloop
  endfacet
  facet normal -1 0 0
    outer loop
      vertex 71.1 0.887578 -16.7418
      vertex 71.1 0.783156 -15.9487
      vertex 71.1 1.17054 -15.8847
    endloop
  endfacet
  facet normal -1 0 0
    outer loop
      vertex 71.1 0.444741 -16.7854
      vertex 71.1 0.783156 -15.9487
      vertex 71.1 0.887578 -16.7418
    endloop
  endfacet
  facet normal -1 0 0
    outer loop
      vertex 71.1 0.444741 -16.7854
      vertex 71.1 0.392418 -15.9872
      vertex 71.1 0.783156 -15.9487
    endloop
  endfacet
  facet normal -1 0 0
    outer loop
      vertex 71.1 0 -16.8
      vertex 71.1 0.392418 -15.9872
      vertex 71.1 0.444741 -16.7854
    endloop
  endfacet
  facet normal -1 0 0
    outer loop
      vertex 71.1 0 -16.8
      vertex 71.1 0 -16
      vertex 71.1 0.392418 -15.9872
    endloop
  endfacet
  facet normal -1 0 0
    outer loop
      vertex 71.1 0 -16.8
      vertex 71.1 -0.392418 -15.9872
      vertex 71.1 0 -16
    endloop
  endfacet
  facet normal -1 0 0
    outer loop
      vertex 71.1 -0.444741 -16.7854
      vertex 71.1 -0.392418 -15.9872
      vertex 71.1 0 -16.8
    endloop
  endfacet
  facet normal -1 0 0
    outer loop
      vertex 71.1 -0.444741 -16.7854
      vertex 71.1 -0.783156 -15.9487
      vertex 71.1 -0.392418 -15.9872
    endloop
  endfacet
  facet normal -1 0 0
    outer loop
      vertex 71.1 -0.887578 -16.7418
      vertex 71.1 -0.783156 -15.9487
      vertex 71.1 -0.444741 -16.7854
    endloop
  endfacet
  facet normal -1 0 0
    outer loop
      vertex 71.1 -0.887578 -16.7418
      vertex 71.1 -1.17054 -15.8847
      vertex 71.1 -0.783156 -15.9487
    endloop
  endfacet
  facet normal -1 0 0
    outer loop
      vertex 71.1 -1.32661 -16.6693
      vertex 71.1 -1.17054 -15.8847
      vertex 71.1 -0.887578 -16.7418
    endloop
  endfacet
  facet normal -1 0 0
    outer loop
      vertex 71.1 -1.32661 -16.6693
      vertex 71.1 -1.55291 -15.7956
      vertex 71.1 -1.17054 -15.8847
    endloop
  endfacet
  facet normal -1 0 0
    outer loop
      vertex 71.1 -1.75997 -16.5683
      vertex 71.1 -1.55291 -15.7956
      vertex 71.1 -1.32661 -16.6693
    endloop
  endfacet
  facet normal -1 0 0
    outer loop
      vertex 71.1 -1.75997 -16.5683
      vertex 71.1 -1.92864 -15.6816
      vertex 71.1 -1.55291 -15.7956
    endloop
  endfacet
  facet normal -1 0 0
    outer loop
      vertex 71.1 -2.18579 -16.4391
      vertex 71.1 -1.92864 -15.6816
      vertex 71.1 -1.75997 -16.5683
    endloop
  endfacet
  facet normal -1 0 0
    outer loop
      vertex 71.1 -2.18579 -16.4391
      vertex 71.1 -2.2961 -15.5433
      vertex 71.1 -1.92864 -15.6816
    endloop
  endfacet
  facet normal -1 0 0
    outer loop
      vertex 71.1 -2.60225 -16.2824
      vertex 71.1 -2.2961 -15.5433
      vertex 71.1 -2.18579 -16.4391
    endloop
  endfacet
  facet normal -1 0 0
    outer loop
      vertex 71.1 -2.60225 -16.2824
      vertex 71.1 -2.65373 -15.3812
      vertex 71.1 -2.2961 -15.5433
    endloop
  endfacet
  facet normal -1 0 0
    outer loop
      vertex 71.1 -3.00756 -16.0987
      vertex 71.1 -2.65373 -15.3812
      vertex 71.1 -2.60225 -16.2824
    endloop
  endfacet
  facet normal -1 -0 0
    outer loop
      vertex 71.1 -2.65373 -15.3812
      vertex 71.1 -3.00756 -16.0987
      vertex 71.1 -3 -15.1962
    endloop
  endfacet
  facet normal -1 0 0
    outer loop
      vertex 71.1 -3.4 -15.889
      vertex 71.1 -3 -15.1962
      vertex 71.1 -3.00756 -16.0987
    endloop
  endfacet
  facet normal -1 -0 0
    outer loop
      vertex 71.1 -3 -15.1962
      vertex 71.1 -3.4 -15.889
      vertex 71.1 -3.33342 -14.9888
    endloop
  endfacet
  facet normal -1 0 0
    outer loop
      vertex 71.1 -3.77788 -15.654
      vertex 71.1 -3.33342 -14.9888
      vertex 71.1 -3.4 -15.889
    endloop
  endfacet
  facet normal -1 -0 0
    outer loop
      vertex 71.1 -3.33342 -14.9888
      vertex 71.1 -3.77788 -15.654
      vertex 71.1 -3.65257 -14.7601
    endloop
  endfacet
  facet normal -1 0 0
    outer loop
      vertex 71.1 -4.13958 -15.3948
      vertex 71.1 -3.65257 -14.7601
      vertex 71.1 -3.77788 -15.654
    endloop
  endfacet
  facet normal -1 -0 0
    outer loop
      vertex 71.1 -3.65257 -14.7601
      vertex 71.1 -4.13958 -15.3948
      vertex 71.1 -3.95607 -14.511
    endloop
  endfacet
  facet normal -1 0 0
    outer loop
      vertex 71.1 -4.48355 -15.1125
      vertex 71.1 -3.95607 -14.511
      vertex 71.1 -4.13958 -15.3948
    endloop
  endfacet
  facet normal -1 -0 0
    outer loop
      vertex 71.1 -3.95607 -14.511
      vertex 71.1 -4.48355 -15.1125
      vertex 71.1 -4.24264 -14.2426
    endloop
  endfacet
  facet normal -1 0 0
    outer loop
      vertex 71.1 -4.80833 -14.8083
      vertex 71.1 -4.24264 -14.2426
      vertex 71.1 -4.48355 -15.1125
    endloop
  endfacet
  facet normal -1 -0 0
    outer loop
      vertex 71.1 -4.24264 -14.2426
      vertex 71.1 -4.80833 -14.8083
      vertex 71.1 -4.51104 -13.9561
    endloop
  endfacet
  facet normal -1 0 0
    outer loop
      vertex 71.1 -5.11251 -14.4836
      vertex 71.1 -4.51104 -13.9561
      vertex 71.1 -4.80833 -14.8083
    endloop
  endfacet
  facet normal -1 -0 0
    outer loop
      vertex 71.1 -4.51104 -13.9561
      vertex 71.1 -5.11251 -14.4836
      vertex 71.1 -4.76012 -13.6526
    endloop
  endfacet
  facet normal -1 0 0
    outer loop
      vertex 71.1 -5.3948 -14.1396
      vertex 71.1 -4.76012 -13.6526
      vertex 71.1 -5.11251 -14.4836
    endloop
  endfacet
  facet normal -1 -0 0
    outer loop
      vertex 71.1 -4.76012 -13.6526
      vertex 71.1 -5.3948 -14.1396
      vertex 71.1 -4.98882 -13.3334
    endloop
  endfacet
  facet normal -1 0 0
    outer loop
      vertex 71.1 -5.65399 -13.7779
      vertex 71.1 -4.98882 -13.3334
      vertex 71.1 -5.3948 -14.1396
    endloop
  endfacet
  facet normal -1 -0 0
    outer loop
      vertex 71.1 -4.98882 -13.3334
      vertex 71.1 -5.65399 -13.7779
      vertex 71.1 -5.19615 -13
    endloop
  endfacet
  facet normal -1 0 0
    outer loop
      vertex 71.1 -5.88897 -13.4
      vertex 71.1 -5.19615 -13
      vertex 71.1 -5.65399 -13.7779
    endloop
  endfacet
  facet normal -1 -0 0
    outer loop
      vertex 71.1 -5.19615 -13
      vertex 71.1 -5.88897 -13.4
      vertex 71.1 -5.38124 -12.6537
    endloop
  endfacet
  facet normal -1 0 0
    outer loop
      vertex 71.1 -6.09873 -13.0076
      vertex 71.1 -5.38124 -12.6537
      vertex 71.1 -5.88897 -13.4
    endloop
  endfacet
  facet normal -1 -0 0
    outer loop
      vertex 71.1 -5.38124 -12.6537
      vertex 71.1 -6.09873 -13.0076
      vertex 71.1 -5.54328 -12.2961
    endloop
  endfacet
  facet normal -1 0 0
    outer loop
      vertex 71.1 -6.28238 -12.6022
      vertex 71.1 -5.54328 -12.2961
      vertex 71.1 -6.09873 -13.0076
    endloop
  endfacet
  facet normal -1 -0 0
    outer loop
      vertex 71.1 -5.54328 -12.2961
      vertex 71.1 -6.28238 -12.6022
      vertex 71.1 -5.68158 -11.9286
    endloop
  endfacet
  facet normal -1 0 0
    outer loop
      vertex 71.1 -6.43912 -12.1858
      vertex 71.1 -5.68158 -11.9286
      vertex 71.1 -6.28238 -12.6022
    endloop
  endfacet
  facet normal -1 -0 0
    outer loop
      vertex 71.1 -5.68158 -11.9286
      vertex 71.1 -6.43912 -12.1858
      vertex 71.1 -5.79555 -11.5529
    endloop
  endfacet
  facet normal -1 0 0
    outer loop
      vertex 71.1 -6.5683 -11.76
      vertex 71.1 -5.79555 -11.5529
      vertex 71.1 -6.43912 -12.1858
    endloop
  endfacet
  facet normal -1 -0 0
    outer loop
      vertex 71.1 -5.79555 -11.5529
      vertex 71.1 -6.5683 -11.76
      vertex 71.1 -5.88471 -11.1705
    endloop
  endfacet
  facet normal -1 0 0
    outer loop
      vertex 71.1 5.79555 -8.44709
      vertex 71.1 6.5683 -8.24003
      vertex 71.1 5.88471 -8.82946
    endloop
  endfacet
  facet normal -1 -0 0
    outer loop
      vertex 71.1 6.5683 -8.24003
      vertex 71.1 5.79555 -8.44709
      vertex 71.1 6.43912 -7.81421
    endloop
  endfacet
  facet normal -1 0 0
    outer loop
      vertex 71.1 5.68158 -8.07136
      vertex 71.1 6.43912 -7.81421
      vertex 71.1 5.79555 -8.44709
    endloop
  endfacet
  facet normal -1 -0 0
    outer loop
      vertex 71.1 6.43912 -7.81421
      vertex 71.1 5.68158 -8.07136
      vertex 71.1 6.28238 -7.39775
    endloop
  endfacet
  facet normal -1 0 0
    outer loop
      vertex 71.1 5.54328 -7.7039
      vertex 71.1 6.28238 -7.39775
      vertex 71.1 5.68158 -8.07136
    endloop
  endfacet
  facet normal -1 -0 0
    outer loop
      vertex 71.1 6.28238 -7.39775
      vertex 71.1 5.54328 -7.7039
      vertex 71.1 6.09873 -6.99244
    endloop
  endfacet
  facet normal -1 0 0
    outer loop
      vertex 71.1 5.38124 -7.34627
      vertex 71.1 6.09873 -6.99244
      vertex 71.1 5.54328 -7.7039
    endloop
  endfacet
  facet normal -1 -0 0
    outer loop
      vertex 71.1 6.09873 -6.99244
      vertex 71.1 5.38124 -7.34627
      vertex 71.1 5.88897 -6.6
    endloop
  endfacet
  facet normal -1 0 0
    outer loop
      vertex 71.1 5.19615 -7
      vertex 71.1 5.88897 -6.6
      vertex 71.1 5.38124 -7.34627
    endloop
  endfacet
  facet normal -1 -0 0
    outer loop
      vertex 71.1 5.88897 -6.6
      vertex 71.1 5.19615 -7
      vertex 71.1 5.65399 -6.22212
    endloop
  endfacet
  facet normal -1 0 0
    outer loop
      vertex 71.1 4.98882 -6.66658
      vertex 71.1 5.65399 -6.22212
      vertex 71.1 5.19615 -7
    endloop
  endfacet
  facet normal -1 -0 0
    outer loop
      vertex 71.1 5.65399 -6.22212
      vertex 71.1 4.98882 -6.66658
      vertex 71.1 5.3948 -5.86042
    endloop
  endfacet
  facet normal -1 0 0
    outer loop
      vertex 71.1 4.76012 -6.34743
      vertex 71.1 5.3948 -5.86042
      vertex 71.1 4.98882 -6.66658
    endloop
  endfacet
  facet normal -1 -0 0
    outer loop
      vertex 71.1 5.3948 -5.86042
      vertex 71.1 4.76012 -6.34743
      vertex 71.1 5.11251 -5.51645
    endloop
  endfacet
  facet normal -1 0 0
    outer loop
      vertex 71.1 4.51104 -6.04393
      vertex 71.1 5.11251 -5.51645
      vertex 71.1 4.76012 -6.34743
    endloop
  endfacet
  facet normal -1 -0 0
    outer loop
      vertex 71.1 5.11251 -5.51645
      vertex 71.1 4.51104 -6.04393
      vertex 71.1 4.80833 -5.19167
    endloop
  endfacet
  facet normal -1 0 0
    outer loop
      vertex 71.1 4.24264 -5.75736
      vertex 71.1 4.80833 -5.19167
      vertex 71.1 4.51104 -6.04393
    endloop
  endfacet
  facet normal -1 -0 0
    outer loop
      vertex 71.1 4.80833 -5.19167
      vertex 71.1 4.24264 -5.75736
      vertex 71.1 4.48355 -4.88749
    endloop
  endfacet
  facet normal -1 0 0
    outer loop
      vertex 71.1 3.95607 -5.48896
      vertex 71.1 4.48355 -4.88749
      vertex 71.1 4.24264 -5.75736
    endloop
  endfacet
  facet normal -1 -0 0
    outer loop
      vertex 71.1 4.48355 -4.88749
      vertex 71.1 3.95607 -5.48896
      vertex 71.1 4.13958 -4.6052
    endloop
  endfacet
  facet normal -1 0 0
    outer loop
      vertex 71.1 3.65257 -5.23988
      vertex 71.1 4.13958 -4.6052
      vertex 71.1 3.95607 -5.48896
    endloop
  endfacet
  facet normal -1 -0 0
    outer loop
      vertex 71.1 4.13958 -4.6052
      vertex 71.1 3.65257 -5.23988
      vertex 71.1 3.77788 -4.34601
    endloop
  endfacet
  facet normal -1 0 0
    outer loop
      vertex 71.1 3.33342 -5.01118
      vertex 71.1 3.77788 -4.34601
      vertex 71.1 3.65257 -5.23988
    endloop
  endfacet
  facet normal -1 -0 0
    outer loop
      vertex 71.1 3.77788 -4.34601
      vertex 71.1 3.33342 -5.01118
      vertex 71.1 3.4 -4.11103
    endloop
  endfacet
  facet normal -1 0 0
    outer loop
      vertex 71.1 3 -4.80385
      vertex 71.1 3.4 -4.11103
      vertex 71.1 3.33342 -5.01118
    endloop
  endfacet
  facet normal -1 -0 0
    outer loop
      vertex 71.1 3.4 -4.11103
      vertex 71.1 3 -4.80385
      vertex 71.1 3.00756 -3.90127
    endloop
  endfacet
  facet normal -1 0 0
    outer loop
      vertex 71.1 2.65373 -4.61876
      vertex 71.1 3.00756 -3.90127
      vertex 71.1 3 -4.80385
    endloop
  endfacet
  facet normal -1 0 0
    outer loop
      vertex 71.1 2.65373 -4.61876
      vertex 71.1 2.60225 -3.71762
      vertex 71.1 3.00756 -3.90127
    endloop
  endfacet
  facet normal -1 0 0
    outer loop
      vertex 71.1 2.2961 -4.45672
      vertex 71.1 2.60225 -3.71762
      vertex 71.1 2.65373 -4.61876
    endloop
  endfacet
  facet normal -1 0 0
    outer loop
      vertex 71.1 2.2961 -4.45672
      vertex 71.1 2.18579 -3.56088
      vertex 71.1 2.60225 -3.71762
    endloop
  endfacet
  facet normal -1 0 0
    outer loop
      vertex 71.1 1.92864 -4.31842
      vertex 71.1 2.18579 -3.56088
      vertex 71.1 2.2961 -4.45672
    endloop
  endfacet
  facet normal -1 0 0
    outer loop
      vertex 71.1 1.92864 -4.31842
      vertex 71.1 1.75997 -3.4317
      vertex 71.1 2.18579 -3.56088
    endloop
  endfacet
  facet normal -1 0 0
    outer loop
      vertex 71.1 1.55291 -4.20445
      vertex 71.1 1.75997 -3.4317
      vertex 71.1 1.92864 -4.31842
    endloop
  endfacet
  facet normal -1 0 0
    outer loop
      vertex 71.1 1.55291 -4.20445
      vertex 71.1 1.32661 -3.33066
      vertex 71.1 1.75997 -3.4317
    endloop
  endfacet
  facet normal -1 0 0
    outer loop
      vertex 71.1 1.17054 -4.11529
      vertex 71.1 1.32661 -3.33066
      vertex 71.1 1.55291 -4.20445
    endloop
  endfacet
  facet normal -1 0 0
    outer loop
      vertex 71.1 1.17054 -4.11529
      vertex 71.1 0.887578 -3.25818
      vertex 71.1 1.32661 -3.33066
    endloop
  endfacet
  facet normal -1 0 0
    outer loop
      vertex 71.1 0.783156 -4.05133
      vertex 71.1 0.887578 -3.25818
      vertex 71.1 1.17054 -4.11529
    endloop
  endfacet
  facet normal -1 0 0
    outer loop
      vertex 71.1 0.783156 -4.05133
      vertex 71.1 0.444741 -3.21456
      vertex 71.1 0.887578 -3.25818
    endloop
  endfacet
  facet normal -1 0 0
    outer loop
      vertex 71.1 0.392418 -4.01285
      vertex 71.1 0.444741 -3.21456
      vertex 71.1 0.783156 -4.05133
    endloop
  endfacet
  facet normal -1 0 0
    outer loop
      vertex 71.1 0 -4
      vertex 71.1 0.444741 -3.21456
      vertex 71.1 0.392418 -4.01285
    endloop
  endfacet
  facet normal -1 0 0
    outer loop
      vertex 71.1 0 -4
      vertex 71.1 0 -3.2
      vertex 71.1 0.444741 -3.21456
    endloop
  endfacet
  facet normal -1 0 0
    outer loop
      vertex 71.1 -0.392418 -4.01285
      vertex 71.1 0 -3.2
      vertex 71.1 0 -4
    endloop
  endfacet
  facet normal -1 0 0
    outer loop
      vertex 71.1 -0.392418 -4.01285
      vertex 71.1 -0.444741 -3.21456
      vertex 71.1 0 -3.2
    endloop
  endfacet
  facet normal -1 0 0
    outer loop
      vertex 71.1 -0.783156 -4.05133
      vertex 71.1 -0.444741 -3.21456
      vertex 71.1 -0.392418 -4.01285
    endloop
  endfacet
  facet normal -1 0 0
    outer loop
      vertex 71.1 -0.783156 -4.05133
      vertex 71.1 -0.887578 -3.25818
      vertex 71.1 -0.444741 -3.21456
    endloop
  endfacet
  facet normal -1 0 0
    outer loop
      vertex 71.1 -1.17054 -4.11529
      vertex 71.1 -0.887578 -3.25818
      vertex 71.1 -0.783156 -4.05133
    endloop
  endfacet
  facet normal -1 0 0
    outer loop
      vertex 71.1 -1.17054 -4.11529
      vertex 71.1 -1.32661 -3.33066
      vertex 71.1 -0.887578 -3.25818
    endloop
  endfacet
  facet normal -1 0 0
    outer loop
      vertex 71.1 -1.55291 -4.20445
      vertex 71.1 -1.32661 -3.33066
      vertex 71.1 -1.17054 -4.11529
    endloop
  endfacet
  facet normal -1 0 0
    outer loop
      vertex 71.1 -1.55291 -4.20445
      vertex 71.1 -1.75997 -3.4317
      vertex 71.1 -1.32661 -3.33066
    endloop
  endfacet
  facet normal -1 0 0
    outer loop
      vertex 71.1 -1.92864 -4.31842
      vertex 71.1 -1.75997 -3.4317
      vertex 71.1 -1.55291 -4.20445
    endloop
  endfacet
  facet normal -1 0 0
    outer loop
      vertex 71.1 -1.92864 -4.31842
      vertex 71.1 -2.18579 -3.56088
      vertex 71.1 -1.75997 -3.4317
    endloop
  endfacet
  facet normal -1 0 0
    outer loop
      vertex 71.1 -2.2961 -4.45672
      vertex 71.1 -2.18579 -3.56088
      vertex 71.1 -1.92864 -4.31842
    endloop
  endfacet
  facet normal -1 0 0
    outer loop
      vertex 71.1 -2.2961 -4.45672
      vertex 71.1 -2.60225 -3.71762
      vertex 71.1 -2.18579 -3.56088
    endloop
  endfacet
  facet normal -1 0 0
    outer loop
      vertex 71.1 -2.65373 -4.61876
      vertex 71.1 -2.60225 -3.71762
      vertex 71.1 -2.2961 -4.45672
    endloop
  endfacet
  facet normal -1 0 0
    outer loop
      vertex 71.1 -3.00756 -3.90127
      vertex 71.1 -2.65373 -4.61876
      vertex 71.1 -3 -4.80385
    endloop
  endfacet
  facet normal -1 0 0
    outer loop
      vertex 71.1 -2.65373 -4.61876
      vertex 71.1 -3.00756 -3.90127
      vertex 71.1 -2.60225 -3.71762
    endloop
  endfacet
  facet normal -1 0 0
    outer loop
      vertex 71.1 -3.4 -4.11103
      vertex 71.1 -3 -4.80385
      vertex 71.1 -3.33342 -5.01118
    endloop
  endfacet
  facet normal -1 0 0
    outer loop
      vertex 71.1 -3 -4.80385
      vertex 71.1 -3.4 -4.11103
      vertex 71.1 -3.00756 -3.90127
    endloop
  endfacet
  facet normal -1 0 0
    outer loop
      vertex 71.1 -3.77788 -4.34601
      vertex 71.1 -3.33342 -5.01118
      vertex 71.1 -3.65257 -5.23988
    endloop
  endfacet
  facet normal -1 0 0
    outer loop
      vertex 71.1 -3.33342 -5.01118
      vertex 71.1 -3.77788 -4.34601
      vertex 71.1 -3.4 -4.11103
    endloop
  endfacet
  facet normal -1 0 0
    outer loop
      vertex 71.1 -4.13958 -4.6052
      vertex 71.1 -3.65257 -5.23988
      vertex 71.1 -3.95607 -5.48896
    endloop
  endfacet
  facet normal -1 0 0
    outer loop
      vertex 71.1 -3.65257 -5.23988
      vertex 71.1 -4.13958 -4.6052
      vertex 71.1 -3.77788 -4.34601
    endloop
  endfacet
  facet normal -1 0 0
    outer loop
      vertex 71.1 -4.48355 -4.88749
      vertex 71.1 -3.95607 -5.48896
      vertex 71.1 -4.24264 -5.75736
    endloop
  endfacet
  facet normal -1 0 0
    outer loop
      vertex 71.1 -3.95607 -5.48896
      vertex 71.1 -4.48355 -4.88749
      vertex 71.1 -4.13958 -4.6052
    endloop
  endfacet
  facet normal -1 0 0
    outer loop
      vertex 71.1 -4.80833 -5.19167
      vertex 71.1 -4.24264 -5.75736
      vertex 71.1 -4.51104 -6.04393
    endloop
  endfacet
  facet normal -1 0 0
    outer loop
      vertex 71.1 -5.11251 -5.51645
      vertex 71.1 -4.51104 -6.04393
      vertex 71.1 -4.76012 -6.34743
    endloop
  endfacet
  facet normal -1 0 0
    outer loop
      vertex 71.1 -4.24264 -5.75736
      vertex 71.1 -4.80833 -5.19167
      vertex 71.1 -4.48355 -4.88749
    endloop
  endfacet
  facet normal -1 0 0
    outer loop
      vertex 71.1 -5.3948 -5.86042
      vertex 71.1 -4.76012 -6.34743
      vertex 71.1 -4.98882 -6.66658
    endloop
  endfacet
  facet normal -1 0 0
    outer loop
      vertex 71.1 -4.51104 -6.04393
      vertex 71.1 -5.11251 -5.51645
      vertex 71.1 -4.80833 -5.19167
    endloop
  endfacet
  facet normal -1 0 0
    outer loop
      vertex 71.1 -5.65399 -6.22212
      vertex 71.1 -4.98882 -6.66658
      vertex 71.1 -5.19615 -7
    endloop
  endfacet
  facet normal -1 0 0
    outer loop
      vertex 71.1 -5.88897 -6.6
      vertex 71.1 -5.19615 -7
      vertex 71.1 -5.38124 -7.34627
    endloop
  endfacet
  facet normal -1 0 0
    outer loop
      vertex 71.1 -4.76012 -6.34743
      vertex 71.1 -5.3948 -5.86042
      vertex 71.1 -5.11251 -5.51645
    endloop
  endfacet
  facet normal -1 0 0
    outer loop
      vertex 71.1 -6.09873 -6.99244
      vertex 71.1 -5.38124 -7.34627
      vertex 71.1 -5.54328 -7.7039
    endloop
  endfacet
  facet normal -1 0 0
    outer loop
      vertex 71.1 -4.98882 -6.66658
      vertex 71.1 -5.65399 -6.22212
      vertex 71.1 -5.3948 -5.86042
    endloop
  endfacet
  facet normal -1 0 0
    outer loop
      vertex 71.1 -6.28238 -7.39775
      vertex 71.1 -5.54328 -7.7039
      vertex 71.1 -5.68158 -8.07136
    endloop
  endfacet
  facet normal -1 0 0
    outer loop
      vertex 71.1 -6.43912 -7.81421
      vertex 71.1 -5.68158 -8.07136
      vertex 71.1 -5.79555 -8.44709
    endloop
  endfacet
  facet normal -1 0 0
    outer loop
      vertex 71.1 -6.5683 -8.24003
      vertex 71.1 -5.79555 -8.44709
      vertex 71.1 -5.88471 -8.82946
    endloop
  endfacet
  facet normal -1 0 0
    outer loop
      vertex 71.1 -5.19615 -7
      vertex 71.1 -5.88897 -6.6
      vertex 71.1 -5.65399 -6.22212
    endloop
  endfacet
  facet normal -1 0 0
    outer loop
      vertex 71.1 -6.66934 -8.67339
      vertex 71.1 -5.88471 -8.82946
      vertex 71.1 -5.94867 -9.21684
    endloop
  endfacet
  facet normal -1 0 0
    outer loop
      vertex 71.1 -6.74182 -9.11242
      vertex 71.1 -5.94867 -9.21684
      vertex 71.1 -5.98715 -9.60758
    endloop
  endfacet
  facet normal -1 0 0
    outer loop
      vertex 71.1 -6.78544 -9.55526
      vertex 71.1 -5.98715 -9.60758
      vertex 71.1 -6 -10
    endloop
  endfacet
  facet normal -1 0 0
    outer loop
      vertex 71.1 -6.66934 -11.3266
      vertex 71.1 -5.88471 -11.1705
      vertex 71.1 -6.5683 -11.76
    endloop
  endfacet
  facet normal -1 0 0
    outer loop
      vertex 71.1 -5.38124 -7.34627
      vertex 71.1 -6.09873 -6.99244
      vertex 71.1 -5.88897 -6.6
    endloop
  endfacet
  facet normal -1 -0 0
    outer loop
      vertex 71.1 -5.88471 -11.1705
      vertex 71.1 -6.66934 -11.3266
      vertex 71.1 -5.94867 -10.7832
    endloop
  endfacet
  facet normal -1 0 0
    outer loop
      vertex 71.1 -5.54328 -7.7039
      vertex 71.1 -6.28238 -7.39775
      vertex 71.1 -6.09873 -6.99244
    endloop
  endfacet
  facet normal -1 0 0
    outer loop
      vertex 71.1 -6.74182 -10.8876
      vertex 71.1 -5.94867 -10.7832
      vertex 71.1 -6.66934 -11.3266
    endloop
  endfacet
  facet normal -1 0 0
    outer loop
      vertex 71.1 -5.68158 -8.07136
      vertex 71.1 -6.43912 -7.81421
      vertex 71.1 -6.28238 -7.39775
    endloop
  endfacet
  facet normal -1 -0 0
    outer loop
      vertex 71.1 -5.94867 -10.7832
      vertex 71.1 -6.74182 -10.8876
      vertex 71.1 -5.98715 -10.3924
    endloop
  endfacet
  facet normal -1 0 0
    outer loop
      vertex 71.1 -5.79555 -8.44709
      vertex 71.1 -6.5683 -8.24003
      vertex 71.1 -6.43912 -7.81421
    endloop
  endfacet
  facet normal -1 0 0
    outer loop
      vertex 71.1 -6.78544 -10.4447
      vertex 71.1 -5.98715 -10.3924
      vertex 71.1 -6.74182 -10.8876
    endloop
  endfacet
  facet normal -1 0 0
    outer loop
      vertex 71.1 -5.88471 -8.82946
      vertex 71.1 -6.66934 -8.67339
      vertex 71.1 -6.5683 -8.24003
    endloop
  endfacet
  facet normal -1 -0 0
    outer loop
      vertex 71.1 -5.98715 -10.3924
      vertex 71.1 -6.78544 -10.4447
      vertex 71.1 -6 -10
    endloop
  endfacet
  facet normal -1 0 0
    outer loop
      vertex 71.1 -5.94867 -9.21684
      vertex 71.1 -6.74182 -9.11242
      vertex 71.1 -6.66934 -8.67339
    endloop
  endfacet
  facet normal -1 0 0
    outer loop
      vertex 71.1 -6.8 -10
      vertex 71.1 -6 -10
      vertex 71.1 -6.78544 -10.4447
    endloop
  endfacet
  facet normal -1 0 0
    outer loop
      vertex 71.1 -5.98715 -9.60758
      vertex 71.1 -6.78544 -9.55526
      vertex 71.1 -6.74182 -9.11242
    endloop
  endfacet
  facet normal -1 0 0
    outer loop
      vertex 71.1 -6 -10
      vertex 71.1 -6.8 -10
      vertex 71.1 -6.78544 -9.55526
    endloop
  endfacet
  facet normal 0.164343 0.285972 -0.94404
    outer loop
      vertex 71.1 1.75997 -16.5683
      vertex 75.9 1.92864 -15.6816
      vertex 75.9 1.84347 -15.7074
    endloop
  endfacet
  facet normal 0.164305 0.286398 -0.943917
    outer loop
      vertex 75.9 1.92864 -15.6816
      vertex 71.1 1.75997 -16.5683
      vertex 71.1 2.18579 -16.4391
    endloop
  endfacet
  facet normal 0.164317 -0.801789 -0.574572
    outer loop
      vertex 75.9 -4.98882 -13.3334
      vertex 71.1 -5.65399 -13.7779
      vertex 75.9 -4.81196 -13.5802
    endloop
  endfacet
  facet normal 0.164313 -0.898474 0.407119
    outer loop
      vertex 75.9 -5.41796 -7.42733
      vertex 71.1 -6.28238 -7.39775
      vertex 75.9 -5.54328 -7.7039
    endloop
  endfacet
  facet normal 0.164314 0.973233 0.160679
    outer loop
      vertex 75.9 5.93417 -9.12904
      vertex 71.1 6.66934 -8.67339
      vertex 75.9 5.88471 -8.82946
    endloop
  endfacet
  facet normal 0.164314 0.762503 0.625772
    outer loop
      vertex 75.9 4.70366 -6.27864
      vertex 71.1 5.3948 -5.86042
      vertex 71.1 5.11251 -5.51645
    endloop
  endfacet
  facet normal 0.164313 0.762474 0.625807
    outer loop
      vertex 71.1 5.3948 -5.86042
      vertex 75.9 4.70366 -6.27864
      vertex 75.9 4.76012 -6.34743
    endloop
  endfacet
  facet normal 0.164302 -0.160715 -0.973229
    outer loop
      vertex 71.1 -0.887578 -16.7418
      vertex 75.9 -0.870964 -15.9342
      vertex 71.1 -1.32661 -16.6693
    endloop
  endfacet
  facet normal 0.164302 -0.160714 -0.97323
    outer loop
      vertex 75.9 -0.870964 -15.9342
      vertex 71.1 -0.887578 -16.7418
      vertex 75.9 -0.783157 -15.9487
    endloop
  endfacet
  facet normal 0.164288 0.719645 -0.674626
    outer loop
      vertex 75.9 4.24264 -14.2426
      vertex 71.1 5.11251 -14.4836
      vertex 75.9 4.30348 -14.1777
    endloop
  endfacet
  facet normal 0.164317 0.719871 -0.674378
    outer loop
      vertex 71.1 5.11251 -14.4836
      vertex 75.9 4.24264 -14.2426
      vertex 71.1 4.80833 -14.8083
    endloop
  endfacet
  facet normal 0.164313 0.464983 0.869938
    outer loop
      vertex 71.1 3.00756 -3.90127
      vertex 75.9 3 -4.80385
      vertex 71.1 3.4 -4.11103
    endloop
  endfacet
  facet normal 0.164316 0.464957 0.869951
    outer loop
      vertex 75.9 3 -4.80385
      vertex 71.1 3.00756 -3.90127
      vertex 75.9 2.92151 -4.7619
    endloop
  endfacet
  facet normal 0.164313 0.407065 -0.898499
    outer loop
      vertex 75.9 2.2961 -15.5433
      vertex 71.1 2.60225 -16.2824
      vertex 75.9 2.57267 -15.418
    endloop
  endfacet
  facet normal 0.164308 -0.223895 -0.960663
    outer loop
      vertex 71.1 -1.32661 -16.6693
      vertex 75.9 -1.25721 -15.8645
      vertex 71.1 -1.75997 -16.5683
    endloop
  endfacet
  facet normal 0.164308 -0.2239 -0.960662
    outer loop
      vertex 75.9 -1.25721 -15.8645
      vertex 71.1 -1.32661 -16.6693
      vertex 75.9 -1.17054 -15.8847
    endloop
  endfacet
  facet normal 0.164312 -0.762519 -0.625753
    outer loop
      vertex 71.1 -5.3948 -14.1396
      vertex 75.9 -4.70366 -13.7214
      vertex 75.9 -4.76012 -13.6526
    endloop
  endfacet
  facet normal 0.164312 -0.76253 -0.62574
    outer loop
      vertex 75.9 -4.70366 -13.7214
      vertex 71.1 -5.3948 -14.1396
      vertex 71.1 -5.11251 -14.4836
    endloop
  endfacet
  facet normal 0.164313 -0.520871 0.837672
    outer loop
      vertex 75.9 -3 -4.80385
      vertex 71.1 -3.4 -4.11103
      vertex 75.9 -3.07557 -4.85084
    endloop
  endfacet
  facet normal 0.164313 -0.520889 0.837661
    outer loop
      vertex 75.9 -3.07557 -4.85084
      vertex 71.1 -3.4 -4.11103
      vertex 71.1 -3.77788 -4.34601
    endloop
  endfacet
  facet normal 0.164305 0.943888 -0.286494
    outer loop
      vertex 75.9 5.68158 -11.9286
      vertex 71.1 6.5683 -11.76
      vertex 75.9 5.70741 -11.8435
    endloop
  endfacet
  facet normal 0.164316 0.943924 -0.286369
    outer loop
      vertex 71.1 6.5683 -11.76
      vertex 75.9 5.68158 -11.9286
      vertex 71.1 6.43912 -12.1858
    endloop
  endfacet
  facet normal 0.164316 -0.674313 -0.719932
    outer loop
      vertex 71.1 -4.48355 -15.1125
      vertex 75.9 -4.24264 -14.2426
      vertex 71.1 -4.80833 -14.8083
    endloop
  endfacet
  facet normal 0.164271 -0.674705 -0.719575
    outer loop
      vertex 75.9 -4.24264 -14.2426
      vertex 71.1 -4.48355 -15.1125
      vertex 75.9 -4.17769 -14.3035
    endloop
  endfacet
  facet normal 0.164295 -0.898406 -0.407277
    outer loop
      vertex 71.1 -6.28238 -12.6022
      vertex 75.9 -5.38124 -12.6537
      vertex 75.9 -5.41796 -12.5727
    endloop
  endfacet
  facet normal 0.164317 -0.898512 -0.407034
    outer loop
      vertex 75.9 -5.38124 -12.6537
      vertex 71.1 -6.28238 -12.6022
      vertex 71.1 -6.09873 -13.0076
    endloop
  endfacet
  facet normal 0.164314 -0.98588 -0.0322888
    outer loop
      vertex 75.9 -5.99709 -10.0889
      vertex 71.1 -6.78544 -10.4447
      vertex 75.9 -5.98715 -10.3924
    endloop
  endfacet
  facet normal 0.164309 -0.898491 -0.407082
    outer loop
      vertex 75.9 -5.54328 -12.2961
      vertex 71.1 -6.28238 -12.6022
      vertex 75.9 -5.41796 -12.5727
    endloop
  endfacet
  facet normal 0.164314 -0.032292 0.985879
    outer loop
      vertex 71.1 -0.444741 -3.21456
      vertex 75.9 -0.392418 -4.01285
      vertex 75.9 -0.0889485 -4.00291
    endloop
  endfacet
  facet normal 0.164312 -0.347309 -0.923243
    outer loop
      vertex 75.9 -2.2961 -15.5433
      vertex 71.1 -2.60225 -16.2824
      vertex 75.9 -2.01193 -15.6502
    endloop
  endfacet
  facet normal 0.164316 -0.574574 -0.801788
    outer loop
      vertex 71.1 -3.77788 -15.654
      vertex 75.9 -3.65257 -14.7601
      vertex 71.1 -4.13958 -15.3948
    endloop
  endfacet
  facet normal 0.16427 -0.575018 -0.80148
    outer loop
      vertex 75.9 -3.65257 -14.7601
      vertex 71.1 -3.77788 -15.654
      vertex 75.9 -3.58023 -14.812
    endloop
  endfacet
  facet normal 0.164315 0.973226 -0.16072
    outer loop
      vertex 75.9 5.88471 -11.1705
      vertex 71.1 6.66934 -11.3266
      vertex 75.9 5.93417 -10.871
    endloop
  endfacet
  facet normal 0.164305 -0.286398 -0.943917
    outer loop
      vertex 71.1 -1.75997 -16.5683
      vertex 75.9 -1.92864 -15.6816
      vertex 71.1 -2.18579 -16.4391
    endloop
  endfacet
  facet normal 0.164343 -0.285972 -0.94404
    outer loop
      vertex 75.9 -1.92864 -15.6816
      vertex 71.1 -1.75997 -16.5683
      vertex 75.9 -1.84347 -15.7074
    endloop
  endfacet
  facet normal 0.164314 -0.985879 0.032292
    outer loop
      vertex 75.9 -5.98715 -9.60758
      vertex 71.1 -6.78544 -9.55526
      vertex 75.9 -5.99709 -9.91105
    endloop
  endfacet
  facet normal 0.164313 0.57456 0.801799
    outer loop
      vertex 71.1 3.77788 -4.34601
      vertex 75.9 3.65257 -5.23988
      vertex 71.1 4.13958 -4.6052
    endloop
  endfacet
  facet normal 0.164311 0.574575 0.801789
    outer loop
      vertex 75.9 3.65257 -5.23988
      vertex 71.1 3.77788 -4.34601
      vertex 75.9 3.58023 -5.18804
    endloop
  endfacet
  facet normal 0.16431 -0.520951 -0.837623
    outer loop
      vertex 71.1 -3.4 -15.889
      vertex 75.9 -3 -15.1962
      vertex 75.9 -3.07557 -15.1492
    endloop
  endfacet
  facet normal 0.16431 -0.520921 -0.837641
    outer loop
      vertex 71.1 -3.4 -15.889
      vertex 75.9 -3.07557 -15.1492
      vertex 71.1 -3.77788 -15.654
    endloop
  endfacet
  facet normal 0.164262 0.407765 -0.89819
    outer loop
      vertex 71.1 2.60225 -16.2824
      vertex 75.9 2.65373 -15.3812
      vertex 75.9 2.57267 -15.418
    endloop
  endfacet
  facet normal 0.164314 0.407201 -0.898436
    outer loop
      vertex 75.9 2.65373 -15.3812
      vertex 71.1 2.60225 -16.2824
      vertex 71.1 3.00756 -16.0987
    endloop
  endfacet
  facet normal 0.164313 0.0322759 0.98588
    outer loop
      vertex 71.1 0 -3.2
      vertex 75.9 0.0889485 -4.00291
      vertex 71.1 0.444741 -3.21456
    endloop
  endfacet
  facet normal 0.164313 0.0322536 0.985881
    outer loop
      vertex 75.9 0.0889485 -4.00291
      vertex 71.1 0 -3.2
      vertex 75.9 0 -4
    endloop
  endfacet
  facet normal 0.164313 0.869938 0.464983
    outer loop
      vertex 75.9 5.19615 -7
      vertex 71.1 6.09873 -6.99244
      vertex 71.1 5.88897 -6.6
    endloop
  endfacet
  facet normal 0.164316 0.869951 0.464957
    outer loop
      vertex 71.1 6.09873 -6.99244
      vertex 75.9 5.19615 -7
      vertex 75.9 5.2381 -7.07849
    endloop
  endfacet
  facet normal 0.164313 0.801799 0.57456
    outer loop
      vertex 75.9 4.76012 -6.34743
      vertex 71.1 5.65399 -6.22212
      vertex 71.1 5.3948 -5.86042
    endloop
  endfacet
  facet normal 0.164311 0.801789 0.574575
    outer loop
      vertex 71.1 5.65399 -6.22212
      vertex 75.9 4.76012 -6.34743
      vertex 75.9 4.81196 -6.41977
    endloop
  endfacet
  facet normal 0.164314 -0.762503 0.625772
    outer loop
      vertex 71.1 -5.3948 -5.86042
      vertex 75.9 -4.70366 -6.27864
      vertex 71.1 -5.11251 -5.51645
    endloop
  endfacet
  facet normal 0.164313 -0.762474 0.625807
    outer loop
      vertex 75.9 -4.70366 -6.27864
      vertex 71.1 -5.3948 -5.86042
      vertex 75.9 -4.76012 -6.34743
    endloop
  endfacet
  facet normal 0.164314 0.98166 -0.0966717
    outer loop
      vertex 75.9 5.95739 -10.6946
      vertex 71.1 6.78544 -10.4447
      vertex 75.9 5.98715 -10.3924
    endloop
  endfacet
  facet normal 0.164313 0.985881 0.0322531
    outer loop
      vertex 71.1 6.8 -10
      vertex 75.9 5.99709 -9.91105
      vertex 75.9 6 -10
    endloop
  endfacet
  facet normal 0.164313 0.98588 0.032276
    outer loop
      vertex 75.9 5.99709 -9.91105
      vertex 71.1 6.8 -10
      vertex 71.1 6.78544 -9.55526
    endloop
  endfacet
  facet normal 0.164309 0.898491 -0.407082
    outer loop
      vertex 75.9 5.41796 -12.5727
      vertex 71.1 6.28238 -12.6022
      vertex 75.9 5.54328 -12.2961
    endloop
  endfacet
  facet normal 0.164312 -0.869923 0.465011
    outer loop
      vertex 75.9 -5.2381 -7.07849
      vertex 71.1 -6.09873 -6.99244
      vertex 75.9 -5.38124 -7.34627
    endloop
  endfacet
  facet normal 0.164314 -0.160681 0.973233
    outer loop
      vertex 75.9 -0.870964 -4.06583
      vertex 71.1 -1.32661 -3.33066
      vertex 75.9 -1.17054 -4.11529
    endloop
  endfacet
  facet normal 0.164295 0.898406 -0.407277
    outer loop
      vertex 75.9 5.38124 -12.6537
      vertex 71.1 6.28238 -12.6022
      vertex 75.9 5.41796 -12.5727
    endloop
  endfacet
  facet normal 0.164317 0.898512 -0.407034
    outer loop
      vertex 71.1 6.28238 -12.6022
      vertex 75.9 5.38124 -12.6537
      vertex 71.1 6.09873 -13.0076
    endloop
  endfacet
  facet normal 0.164312 0.869923 0.465011
    outer loop
      vertex 75.9 5.38124 -7.34627
      vertex 71.1 6.09873 -6.99244
      vertex 75.9 5.2381 -7.07849
    endloop
  endfacet
  facet normal 0.164305 -0.286517 -0.943881
    outer loop
      vertex 75.9 -1.84347 -15.7074
      vertex 71.1 -1.75997 -16.5683
      vertex 75.9 -1.55291 -15.7956
    endloop
  endfacet
  facet normal 0.164317 0.801789 -0.574572
    outer loop
      vertex 75.9 4.81196 -13.5802
      vertex 71.1 5.65399 -13.7779
      vertex 75.9 4.98882 -13.3334
    endloop
  endfacet
  facet normal 0.164312 -0.160714 0.973228
    outer loop
      vertex 71.1 -0.887578 -3.25818
      vertex 75.9 -0.870964 -4.06583
      vertex 75.9 -0.783157 -4.05133
    endloop
  endfacet
  facet normal 0.164313 -0.160672 0.973235
    outer loop
      vertex 75.9 -0.870964 -4.06583
      vertex 71.1 -0.887578 -3.25818
      vertex 71.1 -1.32661 -3.33066
    endloop
  endfacet
  facet normal 0.164313 0.98588 -0.0322712
    outer loop
      vertex 75.9 5.99709 -10.0889
      vertex 71.1 6.8 -10
      vertex 75.9 6 -10
    endloop
  endfacet
  facet normal 0.164313 0.98588 -0.0322789
    outer loop
      vertex 71.1 6.8 -10
      vertex 75.9 5.99709 -10.0889
      vertex 71.1 6.78544 -10.4447
    endloop
  endfacet
  facet normal 0.164318 -0.869936 -0.464984
    outer loop
      vertex 75.9 -5.38124 -12.6537
      vertex 71.1 -6.09873 -13.0076
      vertex 75.9 -5.2381 -12.9215
    endloop
  endfacet
  facet normal 0.163029 0 0.986621
    outer loop
      vertex 71.1 0.887578 -3.25818
      vertex 75.9 0.783156 -4.05133
      vertex 75.9 0.783157 -4.05133
    endloop
  endfacet
  facet normal 0.164312 0.096651 0.981662
    outer loop
      vertex 75.9 0.783156 -4.05133
      vertex 71.1 0.887578 -3.25818
      vertex 75.9 0.694589 -4.04261
    endloop
  endfacet
  facet normal 0.164313 0.0966945 0.981657
    outer loop
      vertex 75.9 0.694589 -4.04261
      vertex 71.1 0.887578 -3.25818
      vertex 71.1 0.444741 -3.21456
    endloop
  endfacet
  facet normal 0.164313 -0.98588 0.032276
    outer loop
      vertex 71.1 -6.8 -10
      vertex 75.9 -5.99709 -9.91105
      vertex 71.1 -6.78544 -9.55526
    endloop
  endfacet
  facet normal 0.164313 -0.985881 0.0322531
    outer loop
      vertex 75.9 -5.99709 -9.91105
      vertex 71.1 -6.8 -10
      vertex 75.9 -6 -10
    endloop
  endfacet
  facet normal 0.164316 0.923192 -0.347444
    outer loop
      vertex 75.9 5.65023 -12.0119
      vertex 71.1 6.43912 -12.1858
      vertex 75.9 5.68158 -11.9286
    endloop
  endfacet
  facet normal 0.164315 0.923172 -0.347497
    outer loop
      vertex 71.1 6.43912 -12.1858
      vertex 75.9 5.65023 -12.0119
      vertex 71.1 6.28238 -12.6022
    endloop
  endfacet
  facet normal 0.164313 -0.0322536 0.985881
    outer loop
      vertex 71.1 0 -3.2
      vertex 75.9 -0.0889485 -4.00291
      vertex 75.9 0 -4
    endloop
  endfacet
  facet normal 0.164313 -0.0322759 0.98588
    outer loop
      vertex 75.9 -0.0889485 -4.00291
      vertex 71.1 0 -3.2
      vertex 71.1 -0.444741 -3.21456
    endloop
  endfacet
  facet normal 0.164312 0.981662 0.0966478
    outer loop
      vertex 75.9 5.95739 -9.30541
      vertex 71.1 6.74182 -9.11242
      vertex 75.9 5.94867 -9.21684
    endloop
  endfacet
  facet normal 0.164313 0.981658 0.0966938
    outer loop
      vertex 71.1 6.74182 -9.11242
      vertex 75.9 5.95739 -9.30541
      vertex 71.1 6.78544 -9.55526
    endloop
  endfacet
  facet normal 0.164314 0.837765 -0.520722
    outer loop
      vertex 71.1 5.88897 -13.4
      vertex 75.9 5.19615 -13
      vertex 75.9 5.14916 -13.0756
    endloop
  endfacet
  facet normal 0.16431 0.837674 -0.520869
    outer loop
      vertex 71.1 5.88897 -13.4
      vertex 75.9 5.14916 -13.0756
      vertex 71.1 5.65399 -13.7779
    endloop
  endfacet
  facet normal 0.164313 -0.869938 0.464983
    outer loop
      vertex 71.1 -6.09873 -6.99244
      vertex 75.9 -5.19615 -7
      vertex 71.1 -5.88897 -6.6
    endloop
  endfacet
  facet normal 0.164316 -0.869951 0.464957
    outer loop
      vertex 75.9 -5.19615 -7
      vertex 71.1 -6.09873 -6.99244
      vertex 75.9 -5.2381 -7.07849
    endloop
  endfacet
  facet normal 0.164319 0.625409 -0.762799
    outer loop
      vertex 71.1 4.13958 -15.3948
      vertex 75.9 3.72136 -14.7037
      vertex 75.9 3.65257 -14.7601
    endloop
  endfacet
  facet normal 0.164307 0.625786 -0.762493
    outer loop
      vertex 75.9 3.72136 -14.7037
      vertex 71.1 4.13958 -15.3948
      vertex 71.1 4.48355 -15.1125
    endloop
  endfacet
  facet normal 0.164315 0.674289 0.719954
    outer loop
      vertex 71.1 4.48355 -4.88749
      vertex 75.9 4.24264 -5.75736
      vertex 71.1 4.80833 -5.19167
    endloop
  endfacet
  facet normal 0.164308 0.674347 0.719902
    outer loop
      vertex 75.9 4.24264 -5.75736
      vertex 71.1 4.48355 -4.88749
      vertex 75.9 4.17769 -5.69652
    endloop
  endfacet
  facet normal 0.16431 0.520951 -0.837623
    outer loop
      vertex 75.9 3 -15.1962
      vertex 71.1 3.4 -15.889
      vertex 75.9 3.07557 -15.1492
    endloop
  endfacet
  facet normal 0.16431 0.520921 -0.837641
    outer loop
      vertex 75.9 3.07557 -15.1492
      vertex 71.1 3.4 -15.889
      vertex 71.1 3.77788 -15.654
    endloop
  endfacet
  facet normal 0.164314 0.223979 0.960643
    outer loop
      vertex 71.1 1.32661 -3.33066
      vertex 75.9 1.25721 -4.1355
      vertex 71.1 1.75997 -3.4317
    endloop
  endfacet
  facet normal 0.164314 0.224004 0.960637
    outer loop
      vertex 75.9 1.25721 -4.1355
      vertex 71.1 1.32661 -3.33066
      vertex 75.9 1.17054 -4.11529
    endloop
  endfacet
  facet normal 0.164316 -0.464957 0.869951
    outer loop
      vertex 71.1 -3.00756 -3.90127
      vertex 75.9 -3 -4.80385
      vertex 75.9 -2.92151 -4.7619
    endloop
  endfacet
  facet normal 0.164313 -0.464983 0.869938
    outer loop
      vertex 75.9 -3 -4.80385
      vertex 71.1 -3.00756 -3.90127
      vertex 71.1 -3.4 -4.11103
    endloop
  endfacet
  facet normal 0.164315 0.286338 0.943934
    outer loop
      vertex 75.9 1.84347 -4.29259
      vertex 71.1 1.75997 -3.4317
      vertex 75.9 1.55291 -4.20445
    endloop
  endfacet
  facet normal 0.164317 -0.960638 -0.223997
    outer loop
      vertex 75.9 -5.8645 -11.2572
      vertex 71.1 -6.5683 -11.76
      vertex 75.9 -5.79555 -11.5529
    endloop
  endfacet
  facet normal 0.164319 0.574428 -0.801893
    outer loop
      vertex 75.9 3.33342 -14.9888
      vertex 71.1 3.77788 -15.654
      vertex 75.9 3.58023 -14.812
    endloop
  endfacet
  facet normal 0.164313 0.160672 0.973235
    outer loop
      vertex 71.1 0.887578 -3.25818
      vertex 75.9 0.870964 -4.06583
      vertex 71.1 1.32661 -3.33066
    endloop
  endfacet
  facet normal 0.164312 0.160714 0.973228
    outer loop
      vertex 75.9 0.870964 -4.06583
      vertex 71.1 0.887578 -3.25818
      vertex 75.9 0.783157 -4.05133
    endloop
  endfacet
  facet normal 0.164315 -0.960654 -0.223931
    outer loop
      vertex 71.1 -6.66934 -11.3266
      vertex 75.9 -5.8645 -11.2572
      vertex 75.9 -5.88471 -11.1705
    endloop
  endfacet
  facet normal 0.164315 -0.960647 -0.223959
    outer loop
      vertex 75.9 -5.8645 -11.2572
      vertex 71.1 -6.66934 -11.3266
      vertex 71.1 -6.5683 -11.76
    endloop
  endfacet
  facet normal 0.164317 0.837616 -0.52096
    outer loop
      vertex 75.9 5.14916 -13.0756
      vertex 75.9 4.98882 -13.3334
      vertex 71.1 5.65399 -13.7779
    endloop
  endfacet
  facet normal 0.164313 0.286357 0.943928
    outer loop
      vertex 71.1 1.75997 -3.4317
      vertex 75.9 1.92864 -4.31842
      vertex 71.1 2.18579 -3.56088
    endloop
  endfacet
  facet normal 0.16432 0.286278 0.943951
    outer loop
      vertex 75.9 1.92864 -4.31842
      vertex 71.1 1.75997 -3.4317
      vertex 75.9 1.84347 -4.29259
    endloop
  endfacet
  facet normal 0.164343 0.464523 -0.870178
    outer loop
      vertex 71.1 3.00756 -16.0987
      vertex 75.9 3 -15.1962
      vertex 75.9 2.92151 -15.2381
    endloop
  endfacet
  facet normal 0.164309 0.46488 -0.869994
    outer loop
      vertex 75.9 3 -15.1962
      vertex 71.1 3.00756 -16.0987
      vertex 71.1 3.4 -15.889
    endloop
  endfacet
  facet normal 0.164313 -0.407065 -0.898499
    outer loop
      vertex 75.9 -2.57267 -15.418
      vertex 71.1 -2.60225 -16.2824
      vertex 75.9 -2.2961 -15.5433
    endloop
  endfacet
  facet normal 0.164313 -0.407119 0.898474
    outer loop
      vertex 75.9 -2.2961 -4.45672
      vertex 71.1 -2.60225 -3.71762
      vertex 75.9 -2.57267 -4.58204
    endloop
  endfacet
  facet normal 0.16432 0.943951 0.286278
    outer loop
      vertex 71.1 6.5683 -8.24003
      vertex 75.9 5.68158 -8.07136
      vertex 75.9 5.70741 -8.15653
    endloop
  endfacet
  facet normal 0.164313 0.943928 0.286357
    outer loop
      vertex 75.9 5.68158 -8.07136
      vertex 71.1 6.5683 -8.24003
      vertex 71.1 6.43912 -7.81421
    endloop
  endfacet
  facet normal 0.164313 -0.837662 0.520887
    outer loop
      vertex 75.9 -4.98882 -6.66658
      vertex 71.1 -5.65399 -6.22212
      vertex 75.9 -5.14916 -6.92443
    endloop
  endfacet
  facet normal 0.164295 0.0968099 -0.981649
    outer loop
      vertex 75.9 0.392418 -15.9872
      vertex 71.1 0.444741 -16.7854
      vertex 75.9 0.694589 -15.9574
    endloop
  endfacet
  facet normal 0.16427 0.575018 -0.80148
    outer loop
      vertex 71.1 3.77788 -15.654
      vertex 75.9 3.65257 -14.7601
      vertex 75.9 3.58023 -14.812
    endloop
  endfacet
  facet normal 0.164316 0.574574 -0.801788
    outer loop
      vertex 75.9 3.65257 -14.7601
      vertex 71.1 3.77788 -15.654
      vertex 71.1 4.13958 -15.3948
    endloop
  endfacet
  facet normal 0.164305 0.286517 -0.943881
    outer loop
      vertex 75.9 1.55291 -15.7956
      vertex 71.1 1.75997 -16.5683
      vertex 75.9 1.84347 -15.7074
    endloop
  endfacet
  facet normal 0.164313 -0.520887 0.837662
    outer loop
      vertex 71.1 -3.77788 -4.34601
      vertex 75.9 -3.33342 -5.01118
      vertex 75.9 -3.07557 -4.85084
    endloop
  endfacet
  facet normal 0.164313 -0.625768 0.762506
    outer loop
      vertex 71.1 -4.48355 -4.88749
      vertex 75.9 -3.95607 -5.48896
      vertex 75.9 -3.72136 -5.29634
    endloop
  endfacet
  facet normal 0.164318 0.943944 -0.286302
    outer loop
      vertex 75.9 5.70741 -11.8435
      vertex 71.1 6.5683 -11.76
      vertex 75.9 5.79555 -11.5529
    endloop
  endfacet
  facet normal 0.163019 0 -0.986623
    outer loop
      vertex 71.1 -0.887578 -16.7418
      vertex 75.9 -0.783156 -15.9487
      vertex 75.9 -0.783157 -15.9487
    endloop
  endfacet
  facet normal 0.164301 -0.0964317 -0.981685
    outer loop
      vertex 75.9 -0.783156 -15.9487
      vertex 71.1 -0.887578 -16.7418
      vertex 75.9 -0.694589 -15.9574
    endloop
  endfacet
  facet normal 0.164306 -0.0966507 -0.981663
    outer loop
      vertex 75.9 -0.694589 -15.9574
      vertex 71.1 -0.887578 -16.7418
      vertex 71.1 -0.444741 -16.7854
    endloop
  endfacet
  facet normal 0.164314 0.985879 0.032292
    outer loop
      vertex 75.9 5.99709 -9.91105
      vertex 71.1 6.78544 -9.55526
      vertex 75.9 5.98715 -9.60758
    endloop
  endfacet
  facet normal 0.164314 0.032292 0.985879
    outer loop
      vertex 75.9 0.392418 -4.01285
      vertex 71.1 0.444741 -3.21456
      vertex 75.9 0.0889485 -4.00291
    endloop
  endfacet
  facet normal 0.164313 0.837661 0.520889
    outer loop
      vertex 75.9 5.14916 -6.92443
      vertex 71.1 5.88897 -6.6
      vertex 71.1 5.65399 -6.22212
    endloop
  endfacet
  facet normal 0.164313 0.837672 0.520871
    outer loop
      vertex 75.9 5.19615 -7
      vertex 71.1 5.88897 -6.6
      vertex 75.9 5.14916 -6.92443
    endloop
  endfacet
  facet normal 0.164313 0.801801 0.574558
    outer loop
      vertex 75.9 4.98882 -6.66658
      vertex 71.1 5.65399 -6.22212
      vertex 75.9 4.81196 -6.41977
    endloop
  endfacet
  facet normal 0.164343 0.80201 -0.574257
    outer loop
      vertex 75.9 4.76012 -13.6526
      vertex 71.1 5.65399 -13.7779
      vertex 75.9 4.81196 -13.5802
    endloop
  endfacet
  facet normal 0.164312 0.801799 -0.57456
    outer loop
      vertex 71.1 5.65399 -13.7779
      vertex 75.9 4.76012 -13.6526
      vertex 71.1 5.3948 -14.1396
    endloop
  endfacet
  facet normal 0.164314 -0.674284 0.71996
    outer loop
      vertex 75.9 -3.95607 -5.48896
      vertex 71.1 -4.48355 -4.88749
      vertex 75.9 -4.17769 -5.69652
    endloop
  endfacet
  facet normal 0.164324 0.869975 -0.46491
    outer loop
      vertex 75.9 5.19615 -13
      vertex 71.1 6.09873 -13.0076
      vertex 75.9 5.2381 -12.9215
    endloop
  endfacet
  facet normal 0.164313 0.869918 -0.46502
    outer loop
      vertex 71.1 6.09873 -13.0076
      vertex 75.9 5.19615 -13
      vertex 71.1 5.88897 -13.4
    endloop
  endfacet
  facet normal 0.164314 0.98588 -0.0322888
    outer loop
      vertex 75.9 5.98715 -10.3924
      vertex 71.1 6.78544 -10.4447
      vertex 75.9 5.99709 -10.0889
    endloop
  endfacet
  facet normal 0.164313 0.762506 0.625768
    outer loop
      vertex 75.9 4.70366 -6.27864
      vertex 71.1 5.11251 -5.51645
      vertex 75.9 4.51104 -6.04393
    endloop
  endfacet
  facet normal 0.164313 -0.574558 0.801801
    outer loop
      vertex 75.9 -3.33342 -5.01118
      vertex 71.1 -3.77788 -4.34601
      vertex 75.9 -3.58023 -5.18804
    endloop
  endfacet
  facet normal 0.164315 0.960654 -0.223931
    outer loop
      vertex 75.9 5.8645 -11.2572
      vertex 71.1 6.66934 -11.3266
      vertex 75.9 5.88471 -11.1705
    endloop
  endfacet
  facet normal 0.164315 0.960647 -0.223959
    outer loop
      vertex 71.1 6.66934 -11.3266
      vertex 75.9 5.8645 -11.2572
      vertex 71.1 6.5683 -11.76
    endloop
  endfacet
  facet normal 0.164313 -0.801801 0.574558
    outer loop
      vertex 75.9 -4.81196 -6.41977
      vertex 71.1 -5.65399 -6.22212
      vertex 75.9 -4.98882 -6.66658
    endloop
  endfacet
  facet normal 0.164317 -0.347376 -0.923217
    outer loop
      vertex 71.1 -2.18579 -16.4391
      vertex 75.9 -2.01193 -15.6502
      vertex 71.1 -2.60225 -16.2824
    endloop
  endfacet
  facet normal 0.164302 -0.347966 -0.922997
    outer loop
      vertex 75.9 -2.01193 -15.6502
      vertex 71.1 -2.18579 -16.4391
      vertex 75.9 -1.92864 -15.6816
    endloop
  endfacet
  facet normal 0.164305 0.223844 -0.960676
    outer loop
      vertex 71.1 1.75997 -16.5683
      vertex 75.9 1.55291 -15.7956
      vertex 75.9 1.25721 -15.8645
    endloop
  endfacet
  facet normal 0.164305 -0.223844 -0.960676
    outer loop
      vertex 75.9 -1.55291 -15.7956
      vertex 71.1 -1.75997 -16.5683
      vertex 75.9 -1.25721 -15.8645
    endloop
  endfacet
  facet normal 0.164312 0.898478 0.40711
    outer loop
      vertex 75.9 5.38124 -7.34627
      vertex 71.1 6.28238 -7.39775
      vertex 71.1 6.09873 -6.99244
    endloop
  endfacet
  facet normal 0.16432 0.898515 0.407025
    outer loop
      vertex 71.1 6.28238 -7.39775
      vertex 75.9 5.38124 -7.34627
      vertex 75.9 5.41796 -7.42733
    endloop
  endfacet
  facet normal 0.164314 -0.981659 0.0966812
    outer loop
      vertex 75.9 -5.95739 -9.30541
      vertex 71.1 -6.78544 -9.55526
      vertex 75.9 -5.98715 -9.60758
    endloop
  endfacet
  facet normal 0.164313 -0.98588 -0.0322712
    outer loop
      vertex 71.1 -6.8 -10
      vertex 75.9 -5.99709 -10.0889
      vertex 75.9 -6 -10
    endloop
  endfacet
  facet normal 0.164313 -0.98588 -0.0322789
    outer loop
      vertex 75.9 -5.99709 -10.0889
      vertex 71.1 -6.8 -10
      vertex 71.1 -6.78544 -10.4447
    endloop
  endfacet
  facet normal 0.164312 0.40711 0.898478
    outer loop
      vertex 71.1 2.60225 -3.71762
      vertex 75.9 2.65373 -4.61876
      vertex 71.1 3.00756 -3.90127
    endloop
  endfacet
  facet normal 0.16432 0.407025 0.898515
    outer loop
      vertex 75.9 2.65373 -4.61876
      vertex 71.1 2.60225 -3.71762
      vertex 75.9 2.57267 -4.58204
    endloop
  endfacet
  facet normal 0.164312 0.465011 0.869923
    outer loop
      vertex 75.9 2.92151 -4.7619
      vertex 71.1 3.00756 -3.90127
      vertex 75.9 2.65373 -4.61876
    endloop
  endfacet
  facet normal 0.164312 0.762519 -0.625753
    outer loop
      vertex 75.9 4.70366 -13.7214
      vertex 71.1 5.3948 -14.1396
      vertex 75.9 4.76012 -13.6526
    endloop
  endfacet
  facet normal 0.164312 0.76253 -0.62574
    outer loop
      vertex 71.1 5.3948 -14.1396
      vertex 75.9 4.70366 -13.7214
      vertex 71.1 5.11251 -14.4836
    endloop
  endfacet
  facet normal 0.164316 0.762493 -0.625783
    outer loop
      vertex 75.9 4.51104 -13.9561
      vertex 71.1 5.11251 -14.4836
      vertex 75.9 4.70366 -13.7214
    endloop
  endfacet
  facet normal 0.164312 -0.465011 0.869923
    outer loop
      vertex 75.9 -2.65373 -4.61876
      vertex 71.1 -3.00756 -3.90127
      vertex 75.9 -2.92151 -4.7619
    endloop
  endfacet
  facet normal 0.164316 -0.719929 -0.674316
    outer loop
      vertex 75.9 -4.51104 -13.9561
      vertex 71.1 -5.11251 -14.4836
      vertex 75.9 -4.30348 -14.1777
    endloop
  endfacet
  facet normal 0.164315 -0.223997 0.960638
    outer loop
      vertex 71.1 -1.75997 -3.4317
      vertex 75.9 -1.55291 -4.20445
      vertex 75.9 -1.25721 -4.1355
    endloop
  endfacet
  facet normal 0.164317 0.960638 -0.223997
    outer loop
      vertex 75.9 5.79555 -11.5529
      vertex 71.1 6.5683 -11.76
      vertex 75.9 5.8645 -11.2572
    endloop
  endfacet
  facet normal 0.164312 -0.898478 0.40711
    outer loop
      vertex 71.1 -6.28238 -7.39775
      vertex 75.9 -5.38124 -7.34627
      vertex 71.1 -6.09873 -6.99244
    endloop
  endfacet
  facet normal 0.16432 -0.898515 0.407025
    outer loop
      vertex 75.9 -5.38124 -7.34627
      vertex 71.1 -6.28238 -7.39775
      vertex 75.9 -5.41796 -7.42733
    endloop
  endfacet
  facet normal 0.164315 0.943934 0.286338
    outer loop
      vertex 75.9 5.79555 -8.44709
      vertex 71.1 6.5683 -8.24003
      vertex 75.9 5.70741 -8.15653
    endloop
  endfacet
  facet normal 0.164313 -0.981659 -0.0966809
    outer loop
      vertex 71.1 -6.74182 -10.8876
      vertex 75.9 -5.95739 -10.6946
      vertex 71.1 -6.78544 -10.4447
    endloop
  endfacet
  facet normal 0.164311 -0.981666 -0.0966154
    outer loop
      vertex 75.9 -5.95739 -10.6946
      vertex 71.1 -6.74182 -10.8876
      vertex 75.9 -5.94867 -10.7832
    endloop
  endfacet
  facet normal 0.164308 -0.674347 0.719902
    outer loop
      vertex 71.1 -4.48355 -4.88749
      vertex 75.9 -4.24264 -5.75736
      vertex 75.9 -4.17769 -5.69652
    endloop
  endfacet
  facet normal 0.164315 -0.674289 0.719954
    outer loop
      vertex 75.9 -4.24264 -5.75736
      vertex 71.1 -4.48355 -4.88749
      vertex 71.1 -4.80833 -5.19167
    endloop
  endfacet
  facet normal 0.164313 -0.923189 0.347454
    outer loop
      vertex 71.1 -6.43912 -7.81421
      vertex 75.9 -5.65023 -7.98807
      vertex 71.1 -6.28238 -7.39775
    endloop
  endfacet
  facet normal 0.164312 -0.923179 0.34748
    outer loop
      vertex 75.9 -5.65023 -7.98807
      vertex 71.1 -6.43912 -7.81421
      vertex 75.9 -5.68158 -8.07136
    endloop
  endfacet
  facet normal 0.164313 0.92319 0.347451
    outer loop
      vertex 71.1 6.28238 -7.39775
      vertex 75.9 5.54328 -7.7039
      vertex 75.9 5.65023 -7.98807
    endloop
  endfacet
  facet normal 0.164314 0.0966809 0.981659
    outer loop
      vertex 75.9 0.694589 -4.04261
      vertex 71.1 0.444741 -3.21456
      vertex 75.9 0.392418 -4.01285
    endloop
  endfacet
  facet normal 0.164324 -0.869975 -0.46491
    outer loop
      vertex 71.1 -6.09873 -13.0076
      vertex 75.9 -5.19615 -13
      vertex 75.9 -5.2381 -12.9215
    endloop
  endfacet
  facet normal 0.164313 -0.869918 -0.46502
    outer loop
      vertex 75.9 -5.19615 -13
      vertex 71.1 -6.09873 -13.0076
      vertex 71.1 -5.88897 -13.4
    endloop
  endfacet
  facet normal 0.164302 0.347966 -0.922997
    outer loop
      vertex 71.1 2.18579 -16.4391
      vertex 75.9 2.01193 -15.6502
      vertex 75.9 1.92864 -15.6816
    endloop
  endfacet
  facet normal 0.164317 0.347376 -0.923217
    outer loop
      vertex 75.9 2.01193 -15.6502
      vertex 71.1 2.18579 -16.4391
      vertex 71.1 2.60225 -16.2824
    endloop
  endfacet
  facet normal 0.164315 -0.286338 0.943934
    outer loop
      vertex 75.9 -1.55291 -4.20445
      vertex 71.1 -1.75997 -3.4317
      vertex 75.9 -1.84347 -4.29259
    endloop
  endfacet
  facet normal 0.164313 -0.801799 0.57456
    outer loop
      vertex 71.1 -5.65399 -6.22212
      vertex 75.9 -4.76012 -6.34743
      vertex 71.1 -5.3948 -5.86042
    endloop
  endfacet
  facet normal 0.164311 -0.801789 0.574575
    outer loop
      vertex 75.9 -4.76012 -6.34743
      vertex 71.1 -5.65399 -6.22212
      vertex 75.9 -4.81196 -6.41977
    endloop
  endfacet
  facet normal 0.164295 0.0321623 -0.985887
    outer loop
      vertex 71.1 0.444741 -16.7854
      vertex 75.9 0.392418 -15.9872
      vertex 75.9 0.0889485 -15.9971
    endloop
  endfacet
  facet normal 0.16432 -0.286278 0.943951
    outer loop
      vertex 71.1 -1.75997 -3.4317
      vertex 75.9 -1.92864 -4.31842
      vertex 75.9 -1.84347 -4.29259
    endloop
  endfacet
  facet normal 0.164313 -0.286357 0.943928
    outer loop
      vertex 75.9 -1.92864 -4.31842
      vertex 71.1 -1.75997 -3.4317
      vertex 71.1 -2.18579 -3.56088
    endloop
  endfacet
  facet normal 0.164313 0.973235 0.160672
    outer loop
      vertex 75.9 5.93417 -9.12904
      vertex 71.1 6.74182 -9.11242
      vertex 71.1 6.66934 -8.67339
    endloop
  endfacet
  facet normal 0.164312 0.973226 0.160726
    outer loop
      vertex 71.1 6.74182 -9.11242
      vertex 75.9 5.93417 -9.12904
      vertex 75.9 5.94867 -9.21684
    endloop
  endfacet
  facet normal 0.164308 -0.160807 -0.973213
    outer loop
      vertex 75.9 -1.17054 -15.8847
      vertex 71.1 -1.32661 -16.6693
      vertex 75.9 -0.870964 -15.9342
    endloop
  endfacet
  facet normal 0.164314 -0.960643 0.223979
    outer loop
      vertex 71.1 -6.66934 -8.67339
      vertex 75.9 -5.8645 -8.74279
      vertex 71.1 -6.5683 -8.24003
    endloop
  endfacet
  facet normal 0.164314 -0.960637 0.224004
    outer loop
      vertex 71.1 -6.66934 -8.67339
      vertex 75.9 -5.88471 -8.82946
      vertex 75.9 -5.8645 -8.74279
    endloop
  endfacet
  facet normal 0.164295 -0.0968099 -0.981649
    outer loop
      vertex 75.9 -0.694589 -15.9574
      vertex 71.1 -0.444741 -16.7854
      vertex 75.9 -0.392418 -15.9872
    endloop
  endfacet
  facet normal 0.164295 -0.0321623 -0.985887
    outer loop
      vertex 75.9 -0.392418 -15.9872
      vertex 71.1 -0.444741 -16.7854
      vertex 75.9 -0.0889485 -15.9971
    endloop
  endfacet
  facet normal 0.164315 0.960638 0.223997
    outer loop
      vertex 75.9 5.8645 -8.74279
      vertex 71.1 6.5683 -8.24003
      vertex 75.9 5.79555 -8.44709
    endloop
  endfacet
  facet normal 0.164319 0.67418 -0.720056
    outer loop
      vertex 75.9 3.95607 -14.511
      vertex 71.1 4.48355 -15.1125
      vertex 75.9 4.17769 -14.3035
    endloop
  endfacet
  facet normal 0.164311 0.973226 -0.160726
    outer loop
      vertex 75.9 5.93417 -10.871
      vertex 71.1 6.74182 -10.8876
      vertex 75.9 5.94867 -10.7832
    endloop
  endfacet
  facet normal 0.164312 0.973233 -0.160683
    outer loop
      vertex 71.1 6.74182 -10.8876
      vertex 75.9 5.93417 -10.871
      vertex 71.1 6.66934 -11.3266
    endloop
  endfacet
  facet normal 0.164314 0.960643 0.223979
    outer loop
      vertex 75.9 5.8645 -8.74279
      vertex 71.1 6.66934 -8.67339
      vertex 71.1 6.5683 -8.24003
    endloop
  endfacet
  facet normal 0.164314 0.960637 0.224004
    outer loop
      vertex 75.9 5.88471 -8.82946
      vertex 71.1 6.66934 -8.67339
      vertex 75.9 5.8645 -8.74279
    endloop
  endfacet
  facet normal 0.164314 -0.71996 0.674284
    outer loop
      vertex 75.9 -4.30348 -5.82231
      vertex 71.1 -5.11251 -5.51645
      vertex 75.9 -4.51104 -6.04393
    endloop
  endfacet
  facet normal 0.164311 -0.574575 0.801789
    outer loop
      vertex 71.1 -3.77788 -4.34601
      vertex 75.9 -3.65257 -5.23988
      vertex 75.9 -3.58023 -5.18804
    endloop
  endfacet
  facet normal 0.164313 -0.57456 0.801799
    outer loop
      vertex 75.9 -3.65257 -5.23988
      vertex 71.1 -3.77788 -4.34601
      vertex 71.1 -4.13958 -4.6052
    endloop
  endfacet
  facet normal 0.164315 0.223997 0.960638
    outer loop
      vertex 75.9 1.55291 -4.20445
      vertex 71.1 1.75997 -3.4317
      vertex 75.9 1.25721 -4.1355
    endloop
  endfacet
  facet normal 0.164314 0.160681 0.973233
    outer loop
      vertex 75.9 1.17054 -4.11529
      vertex 71.1 1.32661 -3.33066
      vertex 75.9 0.870964 -4.06583
    endloop
  endfacet
  facet normal 0.164313 -0.762506 0.625768
    outer loop
      vertex 75.9 -4.51104 -6.04393
      vertex 71.1 -5.11251 -5.51645
      vertex 75.9 -4.70366 -6.27864
    endloop
  endfacet
  facet normal 0.164313 0.923189 0.347454
    outer loop
      vertex 75.9 5.65023 -7.98807
      vertex 71.1 6.43912 -7.81421
      vertex 71.1 6.28238 -7.39775
    endloop
  endfacet
  facet normal 0.164312 0.923179 0.34748
    outer loop
      vertex 71.1 6.43912 -7.81421
      vertex 75.9 5.65023 -7.98807
      vertex 75.9 5.68158 -8.07136
    endloop
  endfacet
  facet normal 0.164314 0.46491 -0.869977
    outer loop
      vertex 75.9 2.65373 -15.3812
      vertex 71.1 3.00756 -16.0987
      vertex 75.9 2.92151 -15.2381
    endloop
  endfacet
  facet normal 0.164309 -0.923202 -0.347419
    outer loop
      vertex 71.1 -6.28238 -12.6022
      vertex 75.9 -5.54328 -12.2961
      vertex 75.9 -5.65023 -12.0119
    endloop
  endfacet
  facet normal 0.164313 -0.625807 0.762474
    outer loop
      vertex 71.1 -4.13958 -4.6052
      vertex 75.9 -3.72136 -5.29634
      vertex 75.9 -3.65257 -5.23988
    endloop
  endfacet
  facet normal 0.164314 -0.625772 0.762503
    outer loop
      vertex 75.9 -3.72136 -5.29634
      vertex 71.1 -4.13958 -4.6052
      vertex 71.1 -4.48355 -4.88749
    endloop
  endfacet
  facet normal 0.164319 -0.574428 -0.801893
    outer loop
      vertex 75.9 -3.58023 -14.812
      vertex 71.1 -3.77788 -15.654
      vertex 75.9 -3.33342 -14.9888
    endloop
  endfacet
  facet normal 0.164271 0.674705 -0.719575
    outer loop
      vertex 71.1 4.48355 -15.1125
      vertex 75.9 4.24264 -14.2426
      vertex 75.9 4.17769 -14.3035
    endloop
  endfacet
  facet normal 0.164316 0.674313 -0.719932
    outer loop
      vertex 75.9 4.24264 -14.2426
      vertex 71.1 4.48355 -15.1125
      vertex 71.1 4.80833 -14.8083
    endloop
  endfacet
  facet normal 0.164313 -0.347451 0.92319
    outer loop
      vertex 71.1 -2.60225 -3.71762
      vertex 75.9 -2.2961 -4.45672
      vertex 75.9 -2.01193 -4.34977
    endloop
  endfacet
  facet normal 0.164314 -0.224004 0.960637
    outer loop
      vertex 71.1 -1.32661 -3.33066
      vertex 75.9 -1.25721 -4.1355
      vertex 75.9 -1.17054 -4.11529
    endloop
  endfacet
  facet normal 0.164314 -0.223979 0.960643
    outer loop
      vertex 75.9 -1.25721 -4.1355
      vertex 71.1 -1.32661 -3.33066
      vertex 71.1 -1.75997 -3.4317
    endloop
  endfacet
  facet normal 0.164319 0.625922 -0.762378
    outer loop
      vertex 71.1 4.48355 -15.1125
      vertex 75.9 3.95607 -14.511
      vertex 75.9 3.72136 -14.7037
    endloop
  endfacet
  facet normal 0.164311 0.981666 -0.0966154
    outer loop
      vertex 71.1 6.74182 -10.8876
      vertex 75.9 5.95739 -10.6946
      vertex 75.9 5.94867 -10.7832
    endloop
  endfacet
  facet normal 0.164313 0.981659 -0.0966809
    outer loop
      vertex 75.9 5.95739 -10.6946
      vertex 71.1 6.74182 -10.8876
      vertex 71.1 6.78544 -10.4447
    endloop
  endfacet
  facet normal 0.164314 0.625772 0.762503
    outer loop
      vertex 71.1 4.13958 -4.6052
      vertex 75.9 3.72136 -5.29634
      vertex 71.1 4.48355 -4.88749
    endloop
  endfacet
  facet normal 0.164313 0.625807 0.762474
    outer loop
      vertex 75.9 3.72136 -5.29634
      vertex 71.1 4.13958 -4.6052
      vertex 75.9 3.65257 -5.23988
    endloop
  endfacet
  facet normal 0.164312 -0.34748 0.923179
    outer loop
      vertex 71.1 -2.18579 -3.56088
      vertex 75.9 -2.01193 -4.34977
      vertex 75.9 -1.92864 -4.31842
    endloop
  endfacet
  facet normal 0.164313 -0.347454 0.923189
    outer loop
      vertex 75.9 -2.01193 -4.34977
      vertex 71.1 -2.18579 -3.56088
      vertex 71.1 -2.60225 -3.71762
    endloop
  endfacet
  facet normal 0.164288 -0.719645 -0.674626
    outer loop
      vertex 71.1 -5.11251 -14.4836
      vertex 75.9 -4.24264 -14.2426
      vertex 75.9 -4.30348 -14.1777
    endloop
  endfacet
  facet normal 0.164317 -0.719871 -0.674378
    outer loop
      vertex 75.9 -4.24264 -14.2426
      vertex 71.1 -5.11251 -14.4836
      vertex 71.1 -4.80833 -14.8083
    endloop
  endfacet
  facet normal 0.164316 -0.762493 -0.625783
    outer loop
      vertex 75.9 -4.70366 -13.7214
      vertex 71.1 -5.11251 -14.4836
      vertex 75.9 -4.51104 -13.9561
    endloop
  endfacet
  facet normal 0.164314 -0.973233 0.160679
    outer loop
      vertex 75.9 -5.88471 -8.82946
      vertex 71.1 -6.66934 -8.67339
      vertex 75.9 -5.93417 -9.12904
    endloop
  endfacet
  facet normal 0.164319 0.521027 -0.837574
    outer loop
      vertex 71.1 3.77788 -15.654
      vertex 75.9 3.33342 -14.9888
      vertex 75.9 3.07557 -15.1492
    endloop
  endfacet
  facet normal 0.164318 0.869936 -0.464984
    outer loop
      vertex 75.9 5.2381 -12.9215
      vertex 71.1 6.09873 -13.0076
      vertex 75.9 5.38124 -12.6537
    endloop
  endfacet
  facet normal 0.164313 0.837662 0.520887
    outer loop
      vertex 71.1 5.65399 -6.22212
      vertex 75.9 4.98882 -6.66658
      vertex 75.9 5.14916 -6.92443
    endloop
  endfacet
  facet normal 0.164314 -0.0966809 0.981659
    outer loop
      vertex 75.9 -0.392418 -4.01285
      vertex 71.1 -0.444741 -3.21456
      vertex 75.9 -0.694589 -4.04261
    endloop
  endfacet
  facet normal 0.164315 -0.943934 0.286338
    outer loop
      vertex 75.9 -5.70741 -8.15653
      vertex 71.1 -6.5683 -8.24003
      vertex 75.9 -5.79555 -8.44709
    endloop
  endfacet
  facet normal 0.164314 0.674284 0.71996
    outer loop
      vertex 75.9 4.17769 -5.69652
      vertex 71.1 4.48355 -4.88749
      vertex 75.9 3.95607 -5.48896
    endloop
  endfacet
  facet normal 0.164316 0.719929 -0.674316
    outer loop
      vertex 75.9 4.30348 -14.1777
      vertex 71.1 5.11251 -14.4836
      vertex 75.9 4.51104 -13.9561
    endloop
  endfacet
  facet normal 0.164307 -0.625786 -0.762493
    outer loop
      vertex 71.1 -4.13958 -15.3948
      vertex 75.9 -3.72136 -14.7037
      vertex 71.1 -4.48355 -15.1125
    endloop
  endfacet
  facet normal 0.164319 -0.625409 -0.762799
    outer loop
      vertex 75.9 -3.72136 -14.7037
      vertex 71.1 -4.13958 -15.3948
      vertex 75.9 -3.65257 -14.7601
    endloop
  endfacet
  facet normal 0.164314 -0.46491 -0.869977
    outer loop
      vertex 75.9 -2.92151 -15.2381
      vertex 71.1 -3.00756 -16.0987
      vertex 75.9 -2.65373 -15.3812
    endloop
  endfacet
  facet normal 0.164319 -0.521027 -0.837574
    outer loop
      vertex 75.9 -3.33342 -14.9888
      vertex 71.1 -3.77788 -15.654
      vertex 75.9 -3.07557 -15.1492
    endloop
  endfacet
  facet normal 0.16432 -0.407025 0.898515
    outer loop
      vertex 71.1 -2.60225 -3.71762
      vertex 75.9 -2.65373 -4.61876
      vertex 75.9 -2.57267 -4.58204
    endloop
  endfacet
  facet normal 0.164312 -0.40711 0.898478
    outer loop
      vertex 75.9 -2.65373 -4.61876
      vertex 71.1 -2.60225 -3.71762
      vertex 71.1 -3.00756 -3.90127
    endloop
  endfacet
  facet normal 0.164312 -0.096651 0.981662
    outer loop
      vertex 71.1 -0.887578 -3.25818
      vertex 75.9 -0.783156 -4.05133
      vertex 75.9 -0.694589 -4.04261
    endloop
  endfacet
  facet normal 0.164313 -0.0966945 0.981657
    outer loop
      vertex 71.1 -0.887578 -3.25818
      vertex 75.9 -0.694589 -4.04261
      vertex 71.1 -0.444741 -3.21456
    endloop
  endfacet
  facet normal 0.163029 0 0.986621
    outer loop
      vertex 75.9 -0.783156 -4.05133
      vertex 71.1 -0.887578 -3.25818
      vertex 75.9 -0.783157 -4.05133
    endloop
  endfacet
  facet normal 1 0 0
    outer loop
      vertex 77.1 4 -10
      vertex 77.1 6 -10
      vertex 77.1 5.98715 -9.60758
    endloop
  endfacet
  facet normal 1 -0 0
    outer loop
      vertex 77.1 3.96578 -9.47789
      vertex 77.1 5.98715 -9.60758
      vertex 77.1 5.94867 -9.21684
    endloop
  endfacet
  facet normal 1 0 0
    outer loop
      vertex 77.1 6 -10
      vertex 77.1 4 -10
      vertex 77.1 5.98715 -10.3924
    endloop
  endfacet
  facet normal 1 0 0
    outer loop
      vertex 77.1 3.96578 -9.47789
      vertex 77.1 5.94867 -9.21684
      vertex 77.1 5.88471 -8.82946
    endloop
  endfacet
  facet normal 1 0 0
    outer loop
      vertex 77.1 3.96578 -10.5221
      vertex 77.1 5.98715 -10.3924
      vertex 77.1 4 -10
    endloop
  endfacet
  facet normal 1 0 0
    outer loop
      vertex 77.1 3.8637 -8.96472
      vertex 77.1 5.88471 -8.82946
      vertex 77.1 5.79555 -8.44709
    endloop
  endfacet
  facet normal 1 0 0
    outer loop
      vertex 77.1 5.98715 -10.3924
      vertex 77.1 3.96578 -10.5221
      vertex 77.1 5.94867 -10.7832
    endloop
  endfacet
  facet normal 1 0 0
    outer loop
      vertex 77.1 3.8637 -8.96472
      vertex 77.1 5.79555 -8.44709
      vertex 77.1 5.68158 -8.07136
    endloop
  endfacet
  facet normal 1 0 0
    outer loop
      vertex 77.1 5.94867 -10.7832
      vertex 77.1 3.96578 -10.5221
      vertex 77.1 5.88471 -11.1705
    endloop
  endfacet
  facet normal 1 0 0
    outer loop
      vertex 77.1 3.69552 -8.46927
      vertex 77.1 5.68158 -8.07136
      vertex 77.1 5.54328 -7.7039
    endloop
  endfacet
  facet normal 1 -0 0
    outer loop
      vertex 77.1 3.8637 -11.0353
      vertex 77.1 5.88471 -11.1705
      vertex 77.1 3.96578 -10.5221
    endloop
  endfacet
  facet normal 1 0 0
    outer loop
      vertex 77.1 3.69552 -8.46927
      vertex 77.1 5.54328 -7.7039
      vertex 77.1 5.38124 -7.34627
    endloop
  endfacet
  facet normal 1 0 0
    outer loop
      vertex 77.1 5.88471 -11.1705
      vertex 77.1 3.8637 -11.0353
      vertex 77.1 5.79555 -11.5529
    endloop
  endfacet
  facet normal 1 0 0
    outer loop
      vertex 77.1 3.4641 -8
      vertex 77.1 5.38124 -7.34627
      vertex 77.1 5.19615 -7
    endloop
  endfacet
  facet normal 1 0 0
    outer loop
      vertex 77.1 5.79555 -11.5529
      vertex 77.1 3.8637 -11.0353
      vertex 77.1 5.68158 -11.9286
    endloop
  endfacet
  facet normal 1 0 0
    outer loop
      vertex 77.1 3.4641 -8
      vertex 77.1 5.19615 -7
      vertex 77.1 4.98882 -6.66658
    endloop
  endfacet
  facet normal 1 -0 0
    outer loop
      vertex 77.1 3.69552 -11.5307
      vertex 77.1 5.68158 -11.9286
      vertex 77.1 3.8637 -11.0353
    endloop
  endfacet
  facet normal 1 0 0
    outer loop
      vertex 77.1 3.17341 -7.56495
      vertex 77.1 4.98882 -6.66658
      vertex 77.1 4.76012 -6.34743
    endloop
  endfacet
  facet normal 1 0 0
    outer loop
      vertex 77.1 5.68158 -11.9286
      vertex 77.1 3.69552 -11.5307
      vertex 77.1 5.54328 -12.2961
    endloop
  endfacet
  facet normal 1 0 0
    outer loop
      vertex 77.1 3.17341 -7.56495
      vertex 77.1 4.76012 -6.34743
      vertex 77.1 4.51104 -6.04393
    endloop
  endfacet
  facet normal 1 0 0
    outer loop
      vertex 77.1 5.54328 -12.2961
      vertex 77.1 3.69552 -11.5307
      vertex 77.1 5.38124 -12.6537
    endloop
  endfacet
  facet normal 1 0 0
    outer loop
      vertex 77.1 2.82843 -7.17157
      vertex 77.1 4.51104 -6.04393
      vertex 77.1 4.24264 -5.75736
    endloop
  endfacet
  facet normal 1 -0 0
    outer loop
      vertex 77.1 3.4641 -12
      vertex 77.1 5.38124 -12.6537
      vertex 77.1 3.69552 -11.5307
    endloop
  endfacet
  facet normal 1 0 0
    outer loop
      vertex 77.1 5.38124 -12.6537
      vertex 77.1 3.4641 -12
      vertex 77.1 5.19615 -13
    endloop
  endfacet
  facet normal 1 0 0
    outer loop
      vertex 77.1 5.98715 -9.60758
      vertex 77.1 3.96578 -9.47789
      vertex 77.1 4 -10
    endloop
  endfacet
  facet normal 1 0 0
    outer loop
      vertex 77.1 2.82843 -7.17157
      vertex 77.1 4.24264 -5.75736
      vertex 77.1 3.95607 -5.48896
    endloop
  endfacet
  facet normal 1 0 0
    outer loop
      vertex 77.1 5.88471 -8.82946
      vertex 77.1 3.8637 -8.96472
      vertex 77.1 3.96578 -9.47789
    endloop
  endfacet
  facet normal 1 0 0
    outer loop
      vertex 77.1 5.68158 -8.07136
      vertex 77.1 3.69552 -8.46927
      vertex 77.1 3.8637 -8.96472
    endloop
  endfacet
  facet normal 1 0 0
    outer loop
      vertex 77.1 2.43505 -6.82659
      vertex 77.1 3.95607 -5.48896
      vertex 77.1 3.65257 -5.23988
    endloop
  endfacet
  facet normal 1 0 0
    outer loop
      vertex 77.1 5.38124 -7.34627
      vertex 77.1 3.4641 -8
      vertex 77.1 3.69552 -8.46927
    endloop
  endfacet
  facet normal 1 0 0
    outer loop
      vertex 77.1 2.43505 -6.82659
      vertex 77.1 3.65257 -5.23988
      vertex 77.1 3.33342 -5.01118
    endloop
  endfacet
  facet normal 1 0 0
    outer loop
      vertex 77.1 4.98882 -6.66658
      vertex 77.1 3.17341 -7.56495
      vertex 77.1 3.4641 -8
    endloop
  endfacet
  facet normal 1 0 0
    outer loop
      vertex 77.1 2 -6.5359
      vertex 77.1 3.33342 -5.01118
      vertex 77.1 3 -4.80385
    endloop
  endfacet
  facet normal 1 0 0
    outer loop
      vertex 77.1 4.51104 -6.04393
      vertex 77.1 2.82843 -7.17157
      vertex 77.1 3.17341 -7.56495
    endloop
  endfacet
  facet normal 1 0 0
    outer loop
      vertex 77.1 2 -6.5359
      vertex 77.1 3 -4.80385
      vertex 77.1 2.65373 -4.61876
    endloop
  endfacet
  facet normal 1 0 0
    outer loop
      vertex 77.1 3.95607 -5.48896
      vertex 77.1 2.43505 -6.82659
      vertex 77.1 2.82843 -7.17157
    endloop
  endfacet
  facet normal 1 0 0
    outer loop
      vertex 77.1 1.53073 -6.30448
      vertex 77.1 2.65373 -4.61876
      vertex 77.1 2.2961 -4.45672
    endloop
  endfacet
  facet normal 1 0 0
    outer loop
      vertex 77.1 3.33342 -5.01118
      vertex 77.1 2 -6.5359
      vertex 77.1 2.43505 -6.82659
    endloop
  endfacet
  facet normal 1 0 0
    outer loop
      vertex 77.1 1.53073 -6.30448
      vertex 77.1 2.2961 -4.45672
      vertex 77.1 1.92864 -4.31842
    endloop
  endfacet
  facet normal 1 0 0
    outer loop
      vertex 77.1 1.03528 -6.1363
      vertex 77.1 1.92864 -4.31842
      vertex 77.1 1.55291 -4.20445
    endloop
  endfacet
  facet normal 1 0 0
    outer loop
      vertex 77.1 2.65373 -4.61876
      vertex 77.1 1.53073 -6.30448
      vertex 77.1 2 -6.5359
    endloop
  endfacet
  facet normal 1 0 0
    outer loop
      vertex 77.1 1.03528 -6.1363
      vertex 77.1 1.55291 -4.20445
      vertex 77.1 1.17054 -4.11529
    endloop
  endfacet
  facet normal 1 0 0
    outer loop
      vertex 77.1 1.92864 -4.31842
      vertex 77.1 1.03528 -6.1363
      vertex 77.1 1.53073 -6.30448
    endloop
  endfacet
  facet normal 1 0 0
    outer loop
      vertex 77.1 0.522104 -6.03422
      vertex 77.1 1.17054 -4.11529
      vertex 77.1 0.783156 -4.05133
    endloop
  endfacet
  facet normal 1 0 0
    outer loop
      vertex 77.1 1.17054 -4.11529
      vertex 77.1 0.522104 -6.03422
      vertex 77.1 1.03528 -6.1363
    endloop
  endfacet
  facet normal 1 0 0
    outer loop
      vertex 77.1 0.392418 -4.01285
      vertex 77.1 0.522104 -6.03422
      vertex 77.1 0.783156 -4.05133
    endloop
  endfacet
  facet normal 1 0 0
    outer loop
      vertex 77.1 0 -6
      vertex 77.1 0.392418 -4.01285
      vertex 77.1 0 -4
    endloop
  endfacet
  facet normal 1 0 0
    outer loop
      vertex 77.1 0.392418 -4.01285
      vertex 77.1 0 -6
      vertex 77.1 0.522104 -6.03422
    endloop
  endfacet
  facet normal 1 -0 0
    outer loop
      vertex 77.1 -0.392418 -4.01285
      vertex 77.1 0 -6
      vertex 77.1 0 -4
    endloop
  endfacet
  facet normal 1 0 0
    outer loop
      vertex 77.1 -0.392418 -4.01285
      vertex 77.1 -0.522104 -6.03422
      vertex 77.1 0 -6
    endloop
  endfacet
  facet normal 1 -0 0
    outer loop
      vertex 77.1 -0.783156 -4.05133
      vertex 77.1 -0.522104 -6.03422
      vertex 77.1 -0.392418 -4.01285
    endloop
  endfacet
  facet normal 1 -0 0
    outer loop
      vertex 77.1 -1.17054 -4.11529
      vertex 77.1 -0.522104 -6.03422
      vertex 77.1 -0.783156 -4.05133
    endloop
  endfacet
  facet normal 1 0 0
    outer loop
      vertex 77.1 -0.522104 -6.03422
      vertex 77.1 -1.17054 -4.11529
      vertex 77.1 -1.03528 -6.1363
    endloop
  endfacet
  facet normal 1 -0 0
    outer loop
      vertex 77.1 -1.55291 -4.20445
      vertex 77.1 -1.03528 -6.1363
      vertex 77.1 -1.17054 -4.11529
    endloop
  endfacet
  facet normal 1 -0 0
    outer loop
      vertex 77.1 -1.92864 -4.31842
      vertex 77.1 -1.03528 -6.1363
      vertex 77.1 -1.55291 -4.20445
    endloop
  endfacet
  facet normal 1 0 0
    outer loop
      vertex 77.1 -1.03528 -6.1363
      vertex 77.1 -1.92864 -4.31842
      vertex 77.1 -1.53073 -6.30448
    endloop
  endfacet
  facet normal 1 -0 0
    outer loop
      vertex 77.1 -2.2961 -4.45672
      vertex 77.1 -1.53073 -6.30448
      vertex 77.1 -1.92864 -4.31842
    endloop
  endfacet
  facet normal 1 -0 0
    outer loop
      vertex 77.1 -2.65373 -4.61876
      vertex 77.1 -1.53073 -6.30448
      vertex 77.1 -2.2961 -4.45672
    endloop
  endfacet
  facet normal 1 0 0
    outer loop
      vertex 77.1 -1.53073 -6.30448
      vertex 77.1 -2.65373 -4.61876
      vertex 77.1 -2 -6.5359
    endloop
  endfacet
  facet normal 1 -0 0
    outer loop
      vertex 77.1 -3 -4.80385
      vertex 77.1 -2 -6.5359
      vertex 77.1 -2.65373 -4.61876
    endloop
  endfacet
  facet normal 1 -0 0
    outer loop
      vertex 77.1 -3.33342 -5.01118
      vertex 77.1 -2 -6.5359
      vertex 77.1 -3 -4.80385
    endloop
  endfacet
  facet normal 1 0 0
    outer loop
      vertex 77.1 -2 -6.5359
      vertex 77.1 -3.33342 -5.01118
      vertex 77.1 -2.43505 -6.82659
    endloop
  endfacet
  facet normal 1 -0 0
    outer loop
      vertex 77.1 -3.65257 -5.23988
      vertex 77.1 -2.43505 -6.82659
      vertex 77.1 -3.33342 -5.01118
    endloop
  endfacet
  facet normal 1 -0 0
    outer loop
      vertex 77.1 -3.95607 -5.48896
      vertex 77.1 -2.43505 -6.82659
      vertex 77.1 -3.65257 -5.23988
    endloop
  endfacet
  facet normal 1 0 0
    outer loop
      vertex 77.1 -2.43505 -6.82659
      vertex 77.1 -3.95607 -5.48896
      vertex 77.1 -2.82843 -7.17157
    endloop
  endfacet
  facet normal 1 -0 0
    outer loop
      vertex 77.1 -4.24264 -5.75736
      vertex 77.1 -2.82843 -7.17157
      vertex 77.1 -3.95607 -5.48896
    endloop
  endfacet
  facet normal 1 -0 0
    outer loop
      vertex 77.1 -4.51104 -6.04393
      vertex 77.1 -2.82843 -7.17157
      vertex 77.1 -4.24264 -5.75736
    endloop
  endfacet
  facet normal 1 0 0
    outer loop
      vertex 77.1 -2.82843 -7.17157
      vertex 77.1 -4.51104 -6.04393
      vertex 77.1 -3.17341 -7.56495
    endloop
  endfacet
  facet normal 1 -0 0
    outer loop
      vertex 77.1 -4.76012 -6.34743
      vertex 77.1 -3.17341 -7.56495
      vertex 77.1 -4.51104 -6.04393
    endloop
  endfacet
  facet normal 1 -0 0
    outer loop
      vertex 77.1 -4.98882 -6.66658
      vertex 77.1 -3.17341 -7.56495
      vertex 77.1 -4.76012 -6.34743
    endloop
  endfacet
  facet normal 1 0 0
    outer loop
      vertex 77.1 -3.17341 -7.56495
      vertex 77.1 -4.98882 -6.66658
      vertex 77.1 -3.4641 -8
    endloop
  endfacet
  facet normal 1 -0 0
    outer loop
      vertex 77.1 -5.19615 -7
      vertex 77.1 -3.4641 -8
      vertex 77.1 -4.98882 -6.66658
    endloop
  endfacet
  facet normal 1 0 0
    outer loop
      vertex 77.1 5.19615 -13
      vertex 77.1 3.4641 -12
      vertex 77.1 4.98882 -13.3334
    endloop
  endfacet
  facet normal 1 -0 0
    outer loop
      vertex 77.1 3.17341 -12.435
      vertex 77.1 4.98882 -13.3334
      vertex 77.1 3.4641 -12
    endloop
  endfacet
  facet normal 1 0 0
    outer loop
      vertex 77.1 4.98882 -13.3334
      vertex 77.1 3.17341 -12.435
      vertex 77.1 4.76012 -13.6526
    endloop
  endfacet
  facet normal 1 0 0
    outer loop
      vertex 77.1 4.76012 -13.6526
      vertex 77.1 3.17341 -12.435
      vertex 77.1 4.51104 -13.9561
    endloop
  endfacet
  facet normal 1 -0 0
    outer loop
      vertex 77.1 2.82843 -12.8284
      vertex 77.1 4.51104 -13.9561
      vertex 77.1 3.17341 -12.435
    endloop
  endfacet
  facet normal 1 0 0
    outer loop
      vertex 77.1 4.51104 -13.9561
      vertex 77.1 2.82843 -12.8284
      vertex 77.1 4.24264 -14.2426
    endloop
  endfacet
  facet normal 1 0 0
    outer loop
      vertex 77.1 4.24264 -14.2426
      vertex 77.1 2.82843 -12.8284
      vertex 77.1 3.95607 -14.511
    endloop
  endfacet
  facet normal 1 -0 0
    outer loop
      vertex 77.1 2.43505 -13.1734
      vertex 77.1 3.95607 -14.511
      vertex 77.1 2.82843 -12.8284
    endloop
  endfacet
  facet normal 1 0 0
    outer loop
      vertex 77.1 3.95607 -14.511
      vertex 77.1 2.43505 -13.1734
      vertex 77.1 3.65257 -14.7601
    endloop
  endfacet
  facet normal 1 0 0
    outer loop
      vertex 77.1 3.65257 -14.7601
      vertex 77.1 2.43505 -13.1734
      vertex 77.1 3.33342 -14.9888
    endloop
  endfacet
  facet normal 1 -0 0
    outer loop
      vertex 77.1 2 -13.4641
      vertex 77.1 3.33342 -14.9888
      vertex 77.1 2.43505 -13.1734
    endloop
  endfacet
  facet normal 1 0 0
    outer loop
      vertex 77.1 3.33342 -14.9888
      vertex 77.1 2 -13.4641
      vertex 77.1 3 -15.1962
    endloop
  endfacet
  facet normal 1 0 0
    outer loop
      vertex 77.1 3 -15.1962
      vertex 77.1 2 -13.4641
      vertex 77.1 2.65373 -15.3812
    endloop
  endfacet
  facet normal 1 -0 0
    outer loop
      vertex 77.1 1.53073 -13.6955
      vertex 77.1 2.65373 -15.3812
      vertex 77.1 2 -13.4641
    endloop
  endfacet
  facet normal 1 0 0
    outer loop
      vertex 77.1 2.65373 -15.3812
      vertex 77.1 1.53073 -13.6955
      vertex 77.1 2.2961 -15.5433
    endloop
  endfacet
  facet normal 1 0 0
    outer loop
      vertex 77.1 2.2961 -15.5433
      vertex 77.1 1.53073 -13.6955
      vertex 77.1 1.92864 -15.6816
    endloop
  endfacet
  facet normal 1 -0 0
    outer loop
      vertex 77.1 1.03528 -13.8637
      vertex 77.1 1.92864 -15.6816
      vertex 77.1 1.53073 -13.6955
    endloop
  endfacet
  facet normal 1 0 0
    outer loop
      vertex 77.1 1.92864 -15.6816
      vertex 77.1 1.03528 -13.8637
      vertex 77.1 1.55291 -15.7956
    endloop
  endfacet
  facet normal 1 0 0
    outer loop
      vertex 77.1 1.55291 -15.7956
      vertex 77.1 1.03528 -13.8637
      vertex 77.1 1.17054 -15.8847
    endloop
  endfacet
  facet normal 1 -0 0
    outer loop
      vertex 77.1 0.522104 -13.9658
      vertex 77.1 1.17054 -15.8847
      vertex 77.1 1.03528 -13.8637
    endloop
  endfacet
  facet normal 1 0 0
    outer loop
      vertex 77.1 1.17054 -15.8847
      vertex 77.1 0.522104 -13.9658
      vertex 77.1 0.783156 -15.9487
    endloop
  endfacet
  facet normal 1 0 0
    outer loop
      vertex 77.1 0.522104 -13.9658
      vertex 77.1 0.392418 -15.9872
      vertex 77.1 0.783156 -15.9487
    endloop
  endfacet
  facet normal 1 -0 0
    outer loop
      vertex 77.1 0 -14
      vertex 77.1 0.392418 -15.9872
      vertex 77.1 0.522104 -13.9658
    endloop
  endfacet
  facet normal 1 0 0
    outer loop
      vertex 77.1 0 -14
      vertex 77.1 0 -16
      vertex 77.1 0.392418 -15.9872
    endloop
  endfacet
  facet normal 1 0 0
    outer loop
      vertex 77.1 0 -14
      vertex 77.1 -0.392418 -15.9872
      vertex 77.1 0 -16
    endloop
  endfacet
  facet normal 1 0 0
    outer loop
      vertex 77.1 -0.522104 -13.9658
      vertex 77.1 -0.392418 -15.9872
      vertex 77.1 0 -14
    endloop
  endfacet
  facet normal 1 0 0
    outer loop
      vertex 77.1 -0.522104 -13.9658
      vertex 77.1 -0.783156 -15.9487
      vertex 77.1 -0.392418 -15.9872
    endloop
  endfacet
  facet normal 1 0 0
    outer loop
      vertex 77.1 -1.17054 -15.8847
      vertex 77.1 -0.522104 -13.9658
      vertex 77.1 -1.03528 -13.8637
    endloop
  endfacet
  facet normal 1 0 0
    outer loop
      vertex 77.1 -0.522104 -13.9658
      vertex 77.1 -1.17054 -15.8847
      vertex 77.1 -0.783156 -15.9487
    endloop
  endfacet
  facet normal 1 0 0
    outer loop
      vertex 77.1 -1.92864 -15.6816
      vertex 77.1 -1.03528 -13.8637
      vertex 77.1 -1.53073 -13.6955
    endloop
  endfacet
  facet normal 1 0 0
    outer loop
      vertex 77.1 -1.03528 -13.8637
      vertex 77.1 -1.55291 -15.7956
      vertex 77.1 -1.17054 -15.8847
    endloop
  endfacet
  facet normal 1 0 0
    outer loop
      vertex 77.1 -1.03528 -13.8637
      vertex 77.1 -1.92864 -15.6816
      vertex 77.1 -1.55291 -15.7956
    endloop
  endfacet
  facet normal 1 0 0
    outer loop
      vertex 77.1 -2.65373 -15.3812
      vertex 77.1 -1.53073 -13.6955
      vertex 77.1 -2 -13.4641
    endloop
  endfacet
  facet normal 1 0 0
    outer loop
      vertex 77.1 -1.53073 -13.6955
      vertex 77.1 -2.2961 -15.5433
      vertex 77.1 -1.92864 -15.6816
    endloop
  endfacet
  facet normal 1 0 0
    outer loop
      vertex 77.1 -3.33342 -14.9888
      vertex 77.1 -2 -13.4641
      vertex 77.1 -2.43505 -13.1734
    endloop
  endfacet
  facet normal 1 0 0
    outer loop
      vertex 77.1 -1.53073 -13.6955
      vertex 77.1 -2.65373 -15.3812
      vertex 77.1 -2.2961 -15.5433
    endloop
  endfacet
  facet normal 1 0 0
    outer loop
      vertex 77.1 -3.95607 -14.511
      vertex 77.1 -2.43505 -13.1734
      vertex 77.1 -2.82843 -12.8284
    endloop
  endfacet
  facet normal 1 0 0
    outer loop
      vertex 77.1 -2 -13.4641
      vertex 77.1 -3 -15.1962
      vertex 77.1 -2.65373 -15.3812
    endloop
  endfacet
  facet normal 1 0 0
    outer loop
      vertex 77.1 -4.51104 -13.9561
      vertex 77.1 -2.82843 -12.8284
      vertex 77.1 -3.17341 -12.435
    endloop
  endfacet
  facet normal 1 0 0
    outer loop
      vertex 77.1 -2 -13.4641
      vertex 77.1 -3.33342 -14.9888
      vertex 77.1 -3 -15.1962
    endloop
  endfacet
  facet normal 1 0 0
    outer loop
      vertex 77.1 -4.98882 -13.3334
      vertex 77.1 -3.17341 -12.435
      vertex 77.1 -3.4641 -12
    endloop
  endfacet
  facet normal 1 0 0
    outer loop
      vertex 77.1 -2.43505 -13.1734
      vertex 77.1 -3.65257 -14.7601
      vertex 77.1 -3.33342 -14.9888
    endloop
  endfacet
  facet normal 1 0 0
    outer loop
      vertex 77.1 -5.38124 -12.6537
      vertex 77.1 -3.4641 -12
      vertex 77.1 -3.69552 -11.5307
    endloop
  endfacet
  facet normal 1 0 0
    outer loop
      vertex 77.1 -5.68158 -11.9286
      vertex 77.1 -3.69552 -11.5307
      vertex 77.1 -3.8637 -11.0353
    endloop
  endfacet
  facet normal 1 0 0
    outer loop
      vertex 77.1 -2.43505 -13.1734
      vertex 77.1 -3.95607 -14.511
      vertex 77.1 -3.65257 -14.7601
    endloop
  endfacet
  facet normal 1 0 0
    outer loop
      vertex 77.1 -5.88471 -11.1705
      vertex 77.1 -3.8637 -11.0353
      vertex 77.1 -3.96578 -10.5221
    endloop
  endfacet
  facet normal 1 -0 0
    outer loop
      vertex 77.1 -5.98715 -10.3924
      vertex 77.1 -3.96578 -10.5221
      vertex 77.1 -4 -10
    endloop
  endfacet
  facet normal 1 -0 0
    outer loop
      vertex 77.1 -5.38124 -7.34627
      vertex 77.1 -3.4641 -8
      vertex 77.1 -5.19615 -7
    endloop
  endfacet
  facet normal 1 0 0
    outer loop
      vertex 77.1 -2.82843 -12.8284
      vertex 77.1 -4.24264 -14.2426
      vertex 77.1 -3.95607 -14.511
    endloop
  endfacet
  facet normal 1 0 0
    outer loop
      vertex 77.1 -3.4641 -8
      vertex 77.1 -5.38124 -7.34627
      vertex 77.1 -3.69552 -8.46927
    endloop
  endfacet
  facet normal 1 0 0
    outer loop
      vertex 77.1 -2.82843 -12.8284
      vertex 77.1 -4.51104 -13.9561
      vertex 77.1 -4.24264 -14.2426
    endloop
  endfacet
  facet normal 1 -0 0
    outer loop
      vertex 77.1 -5.54328 -7.7039
      vertex 77.1 -3.69552 -8.46927
      vertex 77.1 -5.38124 -7.34627
    endloop
  endfacet
  facet normal 1 0 0
    outer loop
      vertex 77.1 -3.17341 -12.435
      vertex 77.1 -4.76012 -13.6526
      vertex 77.1 -4.51104 -13.9561
    endloop
  endfacet
  facet normal 1 -0 0
    outer loop
      vertex 77.1 -5.68158 -8.07136
      vertex 77.1 -3.69552 -8.46927
      vertex 77.1 -5.54328 -7.7039
    endloop
  endfacet
  facet normal 1 0 0
    outer loop
      vertex 77.1 -3.17341 -12.435
      vertex 77.1 -4.98882 -13.3334
      vertex 77.1 -4.76012 -13.6526
    endloop
  endfacet
  facet normal 1 0 0
    outer loop
      vertex 77.1 -3.69552 -8.46927
      vertex 77.1 -5.68158 -8.07136
      vertex 77.1 -3.8637 -8.96472
    endloop
  endfacet
  facet normal 1 0 0
    outer loop
      vertex 77.1 -3.4641 -12
      vertex 77.1 -5.19615 -13
      vertex 77.1 -4.98882 -13.3334
    endloop
  endfacet
  facet normal 1 -0 0
    outer loop
      vertex 77.1 -5.79555 -8.44709
      vertex 77.1 -3.8637 -8.96472
      vertex 77.1 -5.68158 -8.07136
    endloop
  endfacet
  facet normal 1 0 0
    outer loop
      vertex 77.1 -3.4641 -12
      vertex 77.1 -5.38124 -12.6537
      vertex 77.1 -5.19615 -13
    endloop
  endfacet
  facet normal 1 -0 0
    outer loop
      vertex 77.1 -5.88471 -8.82946
      vertex 77.1 -3.8637 -8.96472
      vertex 77.1 -5.79555 -8.44709
    endloop
  endfacet
  facet normal 1 0 0
    outer loop
      vertex 77.1 -3.69552 -11.5307
      vertex 77.1 -5.54328 -12.2961
      vertex 77.1 -5.38124 -12.6537
    endloop
  endfacet
  facet normal 1 0 0
    outer loop
      vertex 77.1 -3.8637 -8.96472
      vertex 77.1 -5.88471 -8.82946
      vertex 77.1 -3.96578 -9.47789
    endloop
  endfacet
  facet normal 1 0 0
    outer loop
      vertex 77.1 -3.69552 -11.5307
      vertex 77.1 -5.68158 -11.9286
      vertex 77.1 -5.54328 -12.2961
    endloop
  endfacet
  facet normal 1 -0 0
    outer loop
      vertex 77.1 -5.94867 -9.21684
      vertex 77.1 -3.96578 -9.47789
      vertex 77.1 -5.88471 -8.82946
    endloop
  endfacet
  facet normal 1 0 0
    outer loop
      vertex 77.1 -3.8637 -11.0353
      vertex 77.1 -5.79555 -11.5529
      vertex 77.1 -5.68158 -11.9286
    endloop
  endfacet
  facet normal 1 0 0
    outer loop
      vertex 77.1 -5.98715 -9.60758
      vertex 77.1 -3.96578 -9.47789
      vertex 77.1 -5.94867 -9.21684
    endloop
  endfacet
  facet normal 1 0 0
    outer loop
      vertex 77.1 -3.8637 -11.0353
      vertex 77.1 -5.88471 -11.1705
      vertex 77.1 -5.79555 -11.5529
    endloop
  endfacet
  facet normal 1 0 0
    outer loop
      vertex 77.1 -3.96578 -9.47789
      vertex 77.1 -5.98715 -9.60758
      vertex 77.1 -4 -10
    endloop
  endfacet
  facet normal 1 0 0
    outer loop
      vertex 77.1 -3.96578 -10.5221
      vertex 77.1 -5.94867 -10.7832
      vertex 77.1 -5.88471 -11.1705
    endloop
  endfacet
  facet normal 1 0 0
    outer loop
      vertex 77.1 -6 -10
      vertex 77.1 -4 -10
      vertex 77.1 -5.98715 -9.60758
    endloop
  endfacet
  facet normal 1 0 0
    outer loop
      vertex 77.1 -3.96578 -10.5221
      vertex 77.1 -5.98715 -10.3924
      vertex 77.1 -5.94867 -10.7832
    endloop
  endfacet
  facet normal 1 0 0
    outer loop
      vertex 77.1 -4 -10
      vertex 77.1 -6 -10
      vertex 77.1 -5.98715 -10.3924
    endloop
  endfacet
  facet normal 0.164309 -0.46488 -0.869994
    outer loop
      vertex 71.1 -3.00756 -16.0987
      vertex 75.9 -3 -15.1962
      vertex 71.1 -3.4 -15.889
    endloop
  endfacet
  facet normal 0.164343 -0.464523 -0.870178
    outer loop
      vertex 75.9 -3 -15.1962
      vertex 71.1 -3.00756 -16.0987
      vertex 75.9 -2.92151 -15.2381
    endloop
  endfacet
  facet normal 0.164302 0.160714 -0.97323
    outer loop
      vertex 71.1 0.887578 -16.7418
      vertex 75.9 0.870964 -15.9342
      vertex 75.9 0.783157 -15.9487
    endloop
  endfacet
  facet normal 0.164302 0.160715 -0.973229
    outer loop
      vertex 75.9 0.870964 -15.9342
      vertex 71.1 0.887578 -16.7418
      vertex 71.1 1.32661 -16.6693
    endloop
  endfacet
  facet normal 0.164301 0.0964317 -0.981685
    outer loop
      vertex 71.1 0.887578 -16.7418
      vertex 75.9 0.783156 -15.9487
      vertex 75.9 0.694589 -15.9574
    endloop
  endfacet
  facet normal 0.164306 0.0966507 -0.981663
    outer loop
      vertex 71.1 0.887578 -16.7418
      vertex 75.9 0.694589 -15.9574
      vertex 71.1 0.444741 -16.7854
    endloop
  endfacet
  facet normal 0.163019 0 -0.986623
    outer loop
      vertex 75.9 0.783156 -15.9487
      vertex 71.1 0.887578 -16.7418
      vertex 75.9 0.783157 -15.9487
    endloop
  endfacet
  facet normal 0.164313 0.625768 0.762506
    outer loop
      vertex 75.9 3.72136 -5.29634
      vertex 75.9 3.95607 -5.48896
      vertex 71.1 4.48355 -4.88749
    endloop
  endfacet
  facet normal 0.164314 0.981659 0.0966812
    outer loop
      vertex 75.9 5.98715 -9.60758
      vertex 71.1 6.78544 -9.55526
      vertex 75.9 5.95739 -9.30541
    endloop
  endfacet
  facet normal 0.164343 -0.80201 -0.574257
    outer loop
      vertex 71.1 -5.65399 -13.7779
      vertex 75.9 -4.76012 -13.6526
      vertex 75.9 -4.81196 -13.5802
    endloop
  endfacet
  facet normal 0.164312 -0.801799 -0.57456
    outer loop
      vertex 75.9 -4.76012 -13.6526
      vertex 71.1 -5.65399 -13.7779
      vertex 71.1 -5.3948 -14.1396
    endloop
  endfacet
  facet normal 0.164314 -0.837765 -0.520722
    outer loop
      vertex 75.9 -5.19615 -13
      vertex 71.1 -5.88897 -13.4
      vertex 75.9 -5.14916 -13.0756
    endloop
  endfacet
  facet normal 0.16431 -0.837674 -0.520869
    outer loop
      vertex 75.9 -5.14916 -13.0756
      vertex 71.1 -5.88897 -13.4
      vertex 71.1 -5.65399 -13.7779
    endloop
  endfacet
  facet normal 0.164319 -0.625922 -0.762378
    outer loop
      vertex 75.9 -3.72136 -14.7037
      vertex 75.9 -3.95607 -14.511
      vertex 71.1 -4.48355 -15.1125
    endloop
  endfacet
  facet normal 0.164313 0.347454 0.923189
    outer loop
      vertex 71.1 2.18579 -3.56088
      vertex 75.9 2.01193 -4.34977
      vertex 71.1 2.60225 -3.71762
    endloop
  endfacet
  facet normal 0.164312 0.34748 0.923179
    outer loop
      vertex 75.9 2.01193 -4.34977
      vertex 71.1 2.18579 -3.56088
      vertex 75.9 1.92864 -4.31842
    endloop
  endfacet
  facet normal 0.164313 0.520887 0.837662
    outer loop
      vertex 75.9 3.33342 -5.01118
      vertex 71.1 3.77788 -4.34601
      vertex 75.9 3.07557 -4.85084
    endloop
  endfacet
  facet normal 0.164318 -0.943944 -0.286302
    outer loop
      vertex 75.9 -5.79555 -11.5529
      vertex 71.1 -6.5683 -11.76
      vertex 75.9 -5.70741 -11.8435
    endloop
  endfacet
  facet normal 0.164313 -0.973235 0.160672
    outer loop
      vertex 71.1 -6.74182 -9.11242
      vertex 75.9 -5.93417 -9.12904
      vertex 71.1 -6.66934 -8.67339
    endloop
  endfacet
  facet normal 0.164312 -0.973226 0.160726
    outer loop
      vertex 75.9 -5.93417 -9.12904
      vertex 71.1 -6.74182 -9.11242
      vertex 75.9 -5.94867 -9.21684
    endloop
  endfacet
  facet normal 0.164315 -0.960638 0.223997
    outer loop
      vertex 75.9 -5.79555 -8.44709
      vertex 71.1 -6.5683 -8.24003
      vertex 75.9 -5.8645 -8.74279
    endloop
  endfacet
  facet normal 0.164313 -0.943928 0.286357
    outer loop
      vertex 71.1 -6.5683 -8.24003
      vertex 75.9 -5.68158 -8.07136
      vertex 71.1 -6.43912 -7.81421
    endloop
  endfacet
  facet normal 0.16432 -0.943951 0.286278
    outer loop
      vertex 75.9 -5.68158 -8.07136
      vertex 71.1 -6.5683 -8.24003
      vertex 75.9 -5.70741 -8.15653
    endloop
  endfacet
  facet normal 0.164312 0.347309 -0.923243
    outer loop
      vertex 71.1 2.60225 -16.2824
      vertex 75.9 2.2961 -15.5433
      vertex 75.9 2.01193 -15.6502
    endloop
  endfacet
  facet normal 0.164313 0.347451 0.92319
    outer loop
      vertex 75.9 2.2961 -4.45672
      vertex 71.1 2.60225 -3.71762
      vertex 75.9 2.01193 -4.34977
    endloop
  endfacet
  facet normal 0.164313 0.898474 0.407119
    outer loop
      vertex 75.9 5.54328 -7.7039
      vertex 71.1 6.28238 -7.39775
      vertex 75.9 5.41796 -7.42733
    endloop
  endfacet
  facet normal 0.164312 -0.981662 0.0966478
    outer loop
      vertex 71.1 -6.74182 -9.11242
      vertex 75.9 -5.95739 -9.30541
      vertex 75.9 -5.94867 -9.21684
    endloop
  endfacet
  facet normal 0.164313 -0.981658 0.0966938
    outer loop
      vertex 75.9 -5.95739 -9.30541
      vertex 71.1 -6.74182 -9.11242
      vertex 71.1 -6.78544 -9.55526
    endloop
  endfacet
  facet normal 0.164317 -0.837616 -0.52096
    outer loop
      vertex 75.9 -5.14916 -13.0756
      vertex 71.1 -5.65399 -13.7779
      vertex 75.9 -4.98882 -13.3334
    endloop
  endfacet
  facet normal 0.164314 -0.98166 -0.0966717
    outer loop
      vertex 75.9 -5.98715 -10.3924
      vertex 71.1 -6.78544 -10.4447
      vertex 75.9 -5.95739 -10.6946
    endloop
  endfacet
  facet normal 0.164311 -0.973226 -0.160726
    outer loop
      vertex 71.1 -6.74182 -10.8876
      vertex 75.9 -5.93417 -10.871
      vertex 75.9 -5.94867 -10.7832
    endloop
  endfacet
  facet normal 0.164312 -0.973233 -0.160683
    outer loop
      vertex 75.9 -5.93417 -10.871
      vertex 71.1 -6.74182 -10.8876
      vertex 71.1 -6.66934 -11.3266
    endloop
  endfacet
  facet normal 0.164316 -0.923192 -0.347444
    outer loop
      vertex 71.1 -6.43912 -12.1858
      vertex 75.9 -5.65023 -12.0119
      vertex 75.9 -5.68158 -11.9286
    endloop
  endfacet
  facet normal 0.164315 -0.923172 -0.347497
    outer loop
      vertex 75.9 -5.65023 -12.0119
      vertex 71.1 -6.43912 -12.1858
      vertex 71.1 -6.28238 -12.6022
    endloop
  endfacet
  facet normal 0.164305 -0.943888 -0.286494
    outer loop
      vertex 71.1 -6.5683 -11.76
      vertex 75.9 -5.68158 -11.9286
      vertex 75.9 -5.70741 -11.8435
    endloop
  endfacet
  facet normal 0.164316 -0.943924 -0.286369
    outer loop
      vertex 75.9 -5.68158 -11.9286
      vertex 71.1 -6.5683 -11.76
      vertex 71.1 -6.43912 -12.1858
    endloop
  endfacet
  facet normal 0.164315 -0.973226 -0.16072
    outer loop
      vertex 75.9 -5.93417 -10.871
      vertex 71.1 -6.66934 -11.3266
      vertex 75.9 -5.88471 -11.1705
    endloop
  endfacet
  facet normal 0.164314 0.0321429 -0.985884
    outer loop
      vertex 65.1 0 -16.8
      vertex 69.9 0.0889485 -15.9971
      vertex 69.9 0 -16
    endloop
  endfacet
  facet normal 0.164309 0.0323645 -0.985878
    outer loop
      vertex 69.9 0.0889485 -15.9971
      vertex 65.1 0 -16.8
      vertex 65.1 0.444741 -16.7854
    endloop
  endfacet
  facet normal 0.164314 0.71996 0.674284
    outer loop
      vertex 69.9 4.51104 -6.04393
      vertex 65.1 5.11251 -5.51645
      vertex 69.9 4.30348 -5.82231
    endloop
  endfacet
  facet normal 0.164309 -0.0323645 -0.985878
    outer loop
      vertex 65.1 0 -16.8
      vertex 69.9 -0.0889485 -15.9971
      vertex 65.1 -0.444741 -16.7854
    endloop
  endfacet
  facet normal 0.164314 -0.0321429 -0.985884
    outer loop
      vertex 69.9 -0.0889485 -15.9971
      vertex 65.1 0 -16.8
      vertex 69.9 0 -16
    endloop
  endfacet
  facet normal 0.164313 0.520871 0.837672
    outer loop
      vertex 65.1 3.4 -4.11103
      vertex 69.9 3 -4.80385
      vertex 69.9 3.07557 -4.85084
    endloop
  endfacet
  facet normal 0.164313 0.520889 0.837661
    outer loop
      vertex 65.1 3.4 -4.11103
      vertex 69.9 3.07557 -4.85084
      vertex 65.1 3.77788 -4.34601
    endloop
  endfacet
  facet normal 0.164311 0.981666 -0.0966154
    outer loop
      vertex 65.1 6.74182 -10.8876
      vertex 69.9 5.95739 -10.6946
      vertex 69.9 5.94867 -10.7832
    endloop
  endfacet
  facet normal 0.164313 0.981659 -0.0966809
    outer loop
      vertex 69.9 5.95739 -10.6946
      vertex 65.1 6.74182 -10.8876
      vertex 65.1 6.78544 -10.4447
    endloop
  endfacet
  facet normal 0.164314 0.625772 0.762503
    outer loop
      vertex 65.1 4.13958 -4.6052
      vertex 69.9 3.72136 -5.29634
      vertex 65.1 4.48355 -4.88749
    endloop
  endfacet
  facet normal 0.164313 0.625807 0.762474
    outer loop
      vertex 69.9 3.72136 -5.29634
      vertex 65.1 4.13958 -4.6052
      vertex 69.9 3.65257 -5.23988
    endloop
  endfacet
  facet normal 0.164316 -0.762493 -0.625783
    outer loop
      vertex 69.9 -4.70366 -13.7214
      vertex 65.1 -5.11251 -14.4836
      vertex 69.9 -4.51104 -13.9561
    endloop
  endfacet
  facet normal 0.164315 0.719954 0.674289
    outer loop
      vertex 69.9 4.24264 -5.75736
      vertex 65.1 5.11251 -5.51645
      vertex 65.1 4.80833 -5.19167
    endloop
  endfacet
  facet normal 0.164308 0.719902 0.674347
    outer loop
      vertex 65.1 5.11251 -5.51645
      vertex 69.9 4.24264 -5.75736
      vertex 69.9 4.30348 -5.82231
    endloop
  endfacet
  facet normal 0.164315 -0.719954 0.674289
    outer loop
      vertex 65.1 -5.11251 -5.51645
      vertex 69.9 -4.24264 -5.75736
      vertex 65.1 -4.80833 -5.19167
    endloop
  endfacet
  facet normal 0.164308 -0.719902 0.674347
    outer loop
      vertex 69.9 -4.24264 -5.75736
      vertex 65.1 -5.11251 -5.51645
      vertex 69.9 -4.30348 -5.82231
    endloop
  endfacet
  facet normal 0.164313 -0.837661 0.520889
    outer loop
      vertex 65.1 -5.88897 -6.6
      vertex 69.9 -5.14916 -6.92443
      vertex 65.1 -5.65399 -6.22212
    endloop
  endfacet
  facet normal 0.164313 -0.837672 0.520871
    outer loop
      vertex 65.1 -5.88897 -6.6
      vertex 69.9 -5.19615 -7
      vertex 69.9 -5.14916 -6.92443
    endloop
  endfacet
  facet normal 0.164319 -0.67418 -0.720056
    outer loop
      vertex 69.9 -4.17769 -14.3035
      vertex 65.1 -4.48355 -15.1125
      vertex 69.9 -3.95607 -14.511
    endloop
  endfacet
  facet normal 0.164314 0.98166 -0.0966717
    outer loop
      vertex 69.9 5.95739 -10.6946
      vertex 65.1 6.78544 -10.4447
      vertex 69.9 5.98715 -10.3924
    endloop
  endfacet
  facet normal 0.164312 0.465011 0.869923
    outer loop
      vertex 69.9 2.92151 -4.7619
      vertex 65.1 3.00756 -3.90127
      vertex 69.9 2.65373 -4.61876
    endloop
  endfacet
  facet normal 0.164315 -0.286338 0.943934
    outer loop
      vertex 69.9 -1.55291 -4.20445
      vertex 65.1 -1.75997 -3.4317
      vertex 69.9 -1.84347 -4.29259
    endloop
  endfacet
  facet normal 0.164343 0.285972 -0.94404
    outer loop
      vertex 65.1 1.75997 -16.5683
      vertex 69.9 1.92864 -15.6816
      vertex 69.9 1.84347 -15.7074
    endloop
  endfacet
  facet normal 0.164305 0.286398 -0.943917
    outer loop
      vertex 69.9 1.92864 -15.6816
      vertex 65.1 1.75997 -16.5683
      vertex 65.1 2.18579 -16.4391
    endloop
  endfacet
  facet normal 0.164314 0.762503 0.625772
    outer loop
      vertex 69.9 4.70366 -6.27864
      vertex 65.1 5.3948 -5.86042
      vertex 65.1 5.11251 -5.51645
    endloop
  endfacet
  facet normal 0.164313 0.762474 0.625807
    outer loop
      vertex 65.1 5.3948 -5.86042
      vertex 69.9 4.70366 -6.27864
      vertex 69.9 4.76012 -6.34743
    endloop
  endfacet
  facet normal 0.164317 0.801789 -0.574572
    outer loop
      vertex 69.9 4.81196 -13.5802
      vertex 65.1 5.65399 -13.7779
      vertex 69.9 4.98882 -13.3334
    endloop
  endfacet
  facet normal 0.164313 0.464983 0.869938
    outer loop
      vertex 65.1 3.00756 -3.90127
      vertex 69.9 3 -4.80385
      vertex 65.1 3.4 -4.11103
    endloop
  endfacet
  facet normal 0.164316 0.464957 0.869951
    outer loop
      vertex 69.9 3 -4.80385
      vertex 65.1 3.00756 -3.90127
      vertex 69.9 2.92151 -4.7619
    endloop
  endfacet
  facet normal 0.164314 -0.762503 0.625772
    outer loop
      vertex 65.1 -5.3948 -5.86042
      vertex 69.9 -4.70366 -6.27864
      vertex 65.1 -5.11251 -5.51645
    endloop
  endfacet
  facet normal 0.164313 -0.762474 0.625807
    outer loop
      vertex 69.9 -4.70366 -6.27864
      vertex 65.1 -5.3948 -5.86042
      vertex 69.9 -4.76012 -6.34743
    endloop
  endfacet
  facet normal 0.164314 -0.960643 0.223979
    outer loop
      vertex 65.1 -6.66934 -8.67339
      vertex 69.9 -5.8645 -8.74279
      vertex 65.1 -6.5683 -8.24003
    endloop
  endfacet
  facet normal 0.164314 -0.960637 0.224004
    outer loop
      vertex 65.1 -6.66934 -8.67339
      vertex 69.9 -5.88471 -8.82946
      vertex 69.9 -5.8645 -8.74279
    endloop
  endfacet
  facet normal 0.164343 0.464523 -0.870178
    outer loop
      vertex 65.1 3.00756 -16.0987
      vertex 69.9 3 -15.1962
      vertex 69.9 2.92151 -15.2381
    endloop
  endfacet
  facet normal 0.164309 0.46488 -0.869994
    outer loop
      vertex 69.9 3 -15.1962
      vertex 65.1 3.00756 -16.0987
      vertex 65.1 3.4 -15.889
    endloop
  endfacet
  facet normal 0.164315 0.960654 -0.223931
    outer loop
      vertex 69.9 5.8645 -11.2572
      vertex 65.1 6.66934 -11.3266
      vertex 69.9 5.88471 -11.1705
    endloop
  endfacet
  facet normal 0.164315 0.960647 -0.223959
    outer loop
      vertex 65.1 6.66934 -11.3266
      vertex 69.9 5.8645 -11.2572
      vertex 65.1 6.5683 -11.76
    endloop
  endfacet
  facet normal 0.164313 -0.520887 0.837662
    outer loop
      vertex 65.1 -3.77788 -4.34601
      vertex 69.9 -3.33342 -5.01118
      vertex 69.9 -3.07557 -4.85084
    endloop
  endfacet
  facet normal 0.164313 -0.801801 0.574558
    outer loop
      vertex 69.9 -4.81196 -6.41977
      vertex 65.1 -5.65399 -6.22212
      vertex 69.9 -4.98882 -6.66658
    endloop
  endfacet
  facet normal 0.164313 -0.520871 0.837672
    outer loop
      vertex 69.9 -3 -4.80385
      vertex 65.1 -3.4 -4.11103
      vertex 69.9 -3.07557 -4.85084
    endloop
  endfacet
  facet normal 0.164313 -0.520889 0.837661
    outer loop
      vertex 69.9 -3.07557 -4.85084
      vertex 65.1 -3.4 -4.11103
      vertex 65.1 -3.77788 -4.34601
    endloop
  endfacet
  facet normal 0.164305 0.943888 -0.286494
    outer loop
      vertex 69.9 5.68158 -11.9286
      vertex 65.1 6.5683 -11.76
      vertex 69.9 5.70741 -11.8435
    endloop
  endfacet
  facet normal 0.164316 0.943924 -0.286369
    outer loop
      vertex 65.1 6.5683 -11.76
      vertex 69.9 5.68158 -11.9286
      vertex 65.1 6.43912 -12.1858
    endloop
  endfacet
  facet normal 0.164316 -0.674313 -0.719932
    outer loop
      vertex 65.1 -4.48355 -15.1125
      vertex 69.9 -4.24264 -14.2426
      vertex 65.1 -4.80833 -14.8083
    endloop
  endfacet
  facet normal 0.164271 -0.674705 -0.719575
    outer loop
      vertex 69.9 -4.24264 -14.2426
      vertex 65.1 -4.48355 -15.1125
      vertex 69.9 -4.17769 -14.3035
    endloop
  endfacet
  facet normal 0.164313 0.801801 0.574558
    outer loop
      vertex 69.9 4.98882 -6.66658
      vertex 65.1 5.65399 -6.22212
      vertex 69.9 4.81196 -6.41977
    endloop
  endfacet
  facet normal 0.164312 0.762519 -0.625753
    outer loop
      vertex 69.9 4.70366 -13.7214
      vertex 65.1 5.3948 -14.1396
      vertex 69.9 4.76012 -13.6526
    endloop
  endfacet
  facet normal 0.164312 0.76253 -0.62574
    outer loop
      vertex 65.1 5.3948 -14.1396
      vertex 69.9 4.70366 -13.7214
      vertex 65.1 5.11251 -14.4836
    endloop
  endfacet
  facet normal 0.164312 -0.34748 0.923179
    outer loop
      vertex 65.1 -2.18579 -3.56088
      vertex 69.9 -2.01193 -4.34977
      vertex 69.9 -1.92864 -4.31842
    endloop
  endfacet
  facet normal 0.164313 -0.347454 0.923189
    outer loop
      vertex 69.9 -2.01193 -4.34977
      vertex 65.1 -2.18579 -3.56088
      vertex 65.1 -2.60225 -3.71762
    endloop
  endfacet
  facet normal 0.164314 0.985879 0.032292
    outer loop
      vertex 69.9 5.99709 -9.91105
      vertex 65.1 6.78544 -9.55526
      vertex 69.9 5.98715 -9.60758
    endloop
  endfacet
  facet normal 0.164309 -0.898491 -0.407082
    outer loop
      vertex 69.9 -5.54328 -12.2961
      vertex 65.1 -6.28238 -12.6022
      vertex 69.9 -5.41796 -12.5727
    endloop
  endfacet
  facet normal 0.164305 -0.286517 -0.943881
    outer loop
      vertex 69.9 -1.84347 -15.7074
      vertex 65.1 -1.75997 -16.5683
      vertex 69.9 -1.55291 -15.7956
    endloop
  endfacet
  facet normal 0.164313 -0.837662 0.520887
    outer loop
      vertex 69.9 -4.98882 -6.66658
      vertex 65.1 -5.65399 -6.22212
      vertex 69.9 -5.14916 -6.92443
    endloop
  endfacet
  facet normal 0.164312 -0.762519 -0.625753
    outer loop
      vertex 65.1 -5.3948 -14.1396
      vertex 69.9 -4.70366 -13.7214
      vertex 69.9 -4.76012 -13.6526
    endloop
  endfacet
  facet normal 0.164312 -0.76253 -0.62574
    outer loop
      vertex 69.9 -4.70366 -13.7214
      vertex 65.1 -5.3948 -14.1396
      vertex 65.1 -5.11251 -14.4836
    endloop
  endfacet
  facet normal 0.164314 -0.407201 -0.898436
    outer loop
      vertex 65.1 -2.60225 -16.2824
      vertex 69.9 -2.65373 -15.3812
      vertex 65.1 -3.00756 -16.0987
    endloop
  endfacet
  facet normal 0.164262 -0.407765 -0.89819
    outer loop
      vertex 69.9 -2.65373 -15.3812
      vertex 65.1 -2.60225 -16.2824
      vertex 69.9 -2.57267 -15.418
    endloop
  endfacet
  facet normal 0.164295 -0.898406 -0.407277
    outer loop
      vertex 65.1 -6.28238 -12.6022
      vertex 69.9 -5.38124 -12.6537
      vertex 69.9 -5.41796 -12.5727
    endloop
  endfacet
  facet normal 0.164317 -0.898512 -0.407034
    outer loop
      vertex 69.9 -5.38124 -12.6537
      vertex 65.1 -6.28238 -12.6022
      vertex 65.1 -6.09873 -13.0076
    endloop
  endfacet
  facet normal 0.164301 0.0964317 -0.981685
    outer loop
      vertex 65.1 0.887578 -16.7418
      vertex 69.9 0.783156 -15.9487
      vertex 69.9 0.694589 -15.9574
    endloop
  endfacet
  facet normal 0.164306 0.0966507 -0.981663
    outer loop
      vertex 65.1 0.887578 -16.7418
      vertex 69.9 0.694589 -15.9574
      vertex 65.1 0.444741 -16.7854
    endloop
  endfacet
  facet normal 0.163019 0 -0.986623
    outer loop
      vertex 69.9 0.783156 -15.9487
      vertex 65.1 0.887578 -16.7418
      vertex 69.9 0.783157 -15.9487
    endloop
  endfacet
  facet normal 0.164313 0.0322759 0.98588
    outer loop
      vertex 65.1 0 -3.2
      vertex 69.9 0.0889485 -4.00291
      vertex 65.1 0.444741 -3.21456
    endloop
  endfacet
  facet normal 0.164313 0.0322536 0.985881
    outer loop
      vertex 69.9 0.0889485 -4.00291
      vertex 65.1 0 -3.2
      vertex 69.9 0 -4
    endloop
  endfacet
  facet normal 0.164313 0.869938 0.464983
    outer loop
      vertex 69.9 5.19615 -7
      vertex 65.1 6.09873 -6.99244
      vertex 65.1 5.88897 -6.6
    endloop
  endfacet
  facet normal 0.164316 0.869951 0.464957
    outer loop
      vertex 65.1 6.09873 -6.99244
      vertex 69.9 5.19615 -7
      vertex 69.9 5.2381 -7.07849
    endloop
  endfacet
  facet normal 0.164314 -0.98166 -0.0966717
    outer loop
      vertex 69.9 -5.98715 -10.3924
      vertex 65.1 -6.78544 -10.4447
      vertex 69.9 -5.95739 -10.6946
    endloop
  endfacet
  facet normal 0.164295 0.0321623 -0.985887
    outer loop
      vertex 65.1 0.444741 -16.7854
      vertex 69.9 0.392418 -15.9872
      vertex 69.9 0.0889485 -15.9971
    endloop
  endfacet
  facet normal 0.164313 0.762506 0.625768
    outer loop
      vertex 69.9 4.70366 -6.27864
      vertex 65.1 5.11251 -5.51645
      vertex 69.9 4.51104 -6.04393
    endloop
  endfacet
  facet normal 0.16432 -0.407025 0.898515
    outer loop
      vertex 65.1 -2.60225 -3.71762
      vertex 69.9 -2.65373 -4.61876
      vertex 69.9 -2.57267 -4.58204
    endloop
  endfacet
  facet normal 0.164312 -0.40711 0.898478
    outer loop
      vertex 69.9 -2.65373 -4.61876
      vertex 65.1 -2.60225 -3.71762
      vertex 65.1 -3.00756 -3.90127
    endloop
  endfacet
  facet normal 0.164319 0.625922 -0.762378
    outer loop
      vertex 65.1 4.48355 -15.1125
      vertex 69.9 3.95607 -14.511
      vertex 69.9 3.72136 -14.7037
    endloop
  endfacet
  facet normal 0.164315 0.973226 -0.16072
    outer loop
      vertex 69.9 5.88471 -11.1705
      vertex 65.1 6.66934 -11.3266
      vertex 69.9 5.93417 -10.871
    endloop
  endfacet
  facet normal 0.164314 -0.0966809 0.981659
    outer loop
      vertex 69.9 -0.392418 -4.01285
      vertex 65.1 -0.444741 -3.21456
      vertex 69.9 -0.694589 -4.04261
    endloop
  endfacet
  facet normal 0.164317 0.837616 -0.52096
    outer loop
      vertex 69.9 5.14916 -13.0756
      vertex 69.9 4.98882 -13.3334
      vertex 65.1 5.65399 -13.7779
    endloop
  endfacet
  facet normal 0.164312 0.869923 0.465011
    outer loop
      vertex 69.9 5.38124 -7.34627
      vertex 65.1 6.09873 -6.99244
      vertex 69.9 5.2381 -7.07849
    endloop
  endfacet
  facet normal 0.164295 0.0968099 -0.981649
    outer loop
      vertex 69.9 0.392418 -15.9872
      vertex 65.1 0.444741 -16.7854
      vertex 69.9 0.694589 -15.9574
    endloop
  endfacet
  facet normal 0.164317 0.960638 -0.223997
    outer loop
      vertex 69.9 5.79555 -11.5529
      vertex 65.1 6.5683 -11.76
      vertex 69.9 5.8645 -11.2572
    endloop
  endfacet
  facet normal 0.164312 -0.869923 0.465011
    outer loop
      vertex 69.9 -5.2381 -7.07849
      vertex 65.1 -6.09873 -6.99244
      vertex 69.9 -5.38124 -7.34627
    endloop
  endfacet
  facet normal 0.164313 -0.407119 0.898474
    outer loop
      vertex 69.9 -2.2961 -4.45672
      vertex 65.1 -2.60225 -3.71762
      vertex 69.9 -2.57267 -4.58204
    endloop
  endfacet
  facet normal 0.164312 -0.347309 -0.923243
    outer loop
      vertex 69.9 -2.2961 -15.5433
      vertex 65.1 -2.60225 -16.2824
      vertex 69.9 -2.01193 -15.6502
    endloop
  endfacet
  facet normal 0.164312 -0.465011 0.869923
    outer loop
      vertex 69.9 -2.65373 -4.61876
      vertex 65.1 -3.00756 -3.90127
      vertex 69.9 -2.92151 -4.7619
    endloop
  endfacet
  facet normal 0.164316 0.923192 -0.347444
    outer loop
      vertex 69.9 5.65023 -12.0119
      vertex 65.1 6.43912 -12.1858
      vertex 69.9 5.68158 -11.9286
    endloop
  endfacet
  facet normal 0.164315 0.923172 -0.347497
    outer loop
      vertex 65.1 6.43912 -12.1858
      vertex 69.9 5.65023 -12.0119
      vertex 65.1 6.28238 -12.6022
    endloop
  endfacet
  facet normal 0.164313 -0.0322536 0.985881
    outer loop
      vertex 65.1 0 -3.2
      vertex 69.9 -0.0889485 -4.00291
      vertex 69.9 0 -4
    endloop
  endfacet
  facet normal 0.164313 -0.0322759 0.98588
    outer loop
      vertex 69.9 -0.0889485 -4.00291
      vertex 65.1 0 -3.2
      vertex 65.1 -0.444741 -3.21456
    endloop
  endfacet
  facet normal 0.164314 0.674284 0.71996
    outer loop
      vertex 69.9 4.17769 -5.69652
      vertex 65.1 4.48355 -4.88749
      vertex 69.9 3.95607 -5.48896
    endloop
  endfacet
  facet normal 0.164262 0.407765 -0.89819
    outer loop
      vertex 65.1 2.60225 -16.2824
      vertex 69.9 2.65373 -15.3812
      vertex 69.9 2.57267 -15.418
    endloop
  endfacet
  facet normal 0.164314 0.407201 -0.898436
    outer loop
      vertex 69.9 2.65373 -15.3812
      vertex 65.1 2.60225 -16.2824
      vertex 65.1 3.00756 -16.0987
    endloop
  endfacet
  facet normal 0.164295 -0.0968099 -0.981649
    outer loop
      vertex 69.9 -0.694589 -15.9574
      vertex 65.1 -0.444741 -16.7854
      vertex 69.9 -0.392418 -15.9872
    endloop
  endfacet
  facet normal 0.164314 0.837765 -0.520722
    outer loop
      vertex 65.1 5.88897 -13.4
      vertex 69.9 5.19615 -13
      vertex 69.9 5.14916 -13.0756
    endloop
  endfacet
  facet normal 0.16431 0.837674 -0.520869
    outer loop
      vertex 65.1 5.88897 -13.4
      vertex 69.9 5.14916 -13.0756
      vertex 65.1 5.65399 -13.7779
    endloop
  endfacet
  facet normal 0.164312 -0.898478 0.40711
    outer loop
      vertex 65.1 -6.28238 -7.39775
      vertex 69.9 -5.38124 -7.34627
      vertex 65.1 -6.09873 -6.99244
    endloop
  endfacet
  facet normal 0.16432 -0.898515 0.407025
    outer loop
      vertex 69.9 -5.38124 -7.34627
      vertex 65.1 -6.28238 -7.39775
      vertex 69.9 -5.41796 -7.42733
    endloop
  endfacet
  facet normal 0.16427 0.575018 -0.80148
    outer loop
      vertex 65.1 3.77788 -15.654
      vertex 69.9 3.65257 -14.7601
      vertex 69.9 3.58023 -14.812
    endloop
  endfacet
  facet normal 0.164316 0.574574 -0.801788
    outer loop
      vertex 69.9 3.65257 -14.7601
      vertex 65.1 3.77788 -15.654
      vertex 65.1 4.13958 -15.3948
    endloop
  endfacet
  facet normal 0.164313 0.160672 0.973235
    outer loop
      vertex 65.1 0.887578 -3.25818
      vertex 69.9 0.870964 -4.06583
      vertex 65.1 1.32661 -3.33066
    endloop
  endfacet
  facet normal 0.164312 0.160714 0.973228
    outer loop
      vertex 69.9 0.870964 -4.06583
      vertex 65.1 0.887578 -3.25818
      vertex 69.9 0.783157 -4.05133
    endloop
  endfacet
  facet normal 0.164313 0.57456 0.801799
    outer loop
      vertex 65.1 3.77788 -4.34601
      vertex 69.9 3.65257 -5.23988
      vertex 65.1 4.13958 -4.6052
    endloop
  endfacet
  facet normal 0.164311 0.574575 0.801789
    outer loop
      vertex 69.9 3.65257 -5.23988
      vertex 65.1 3.77788 -4.34601
      vertex 69.9 3.58023 -5.18804
    endloop
  endfacet
  facet normal 0.164319 0.625409 -0.762799
    outer loop
      vertex 65.1 4.13958 -15.3948
      vertex 69.9 3.72136 -14.7037
      vertex 69.9 3.65257 -14.7601
    endloop
  endfacet
  facet normal 0.164307 0.625786 -0.762493
    outer loop
      vertex 69.9 3.72136 -14.7037
      vertex 65.1 4.13958 -15.3948
      vertex 65.1 4.48355 -15.1125
    endloop
  endfacet
  facet normal 0.164316 0.719929 -0.674316
    outer loop
      vertex 69.9 4.30348 -14.1777
      vertex 65.1 5.11251 -14.4836
      vertex 69.9 4.51104 -13.9561
    endloop
  endfacet
  facet normal 0.164319 0.67418 -0.720056
    outer loop
      vertex 69.9 3.95607 -14.511
      vertex 65.1 4.48355 -15.1125
      vertex 69.9 4.17769 -14.3035
    endloop
  endfacet
  facet normal 0.164324 0.869975 -0.46491
    outer loop
      vertex 69.9 5.19615 -13
      vertex 65.1 6.09873 -13.0076
      vertex 69.9 5.2381 -12.9215
    endloop
  endfacet
  facet normal 0.164313 0.869918 -0.46502
    outer loop
      vertex 65.1 6.09873 -13.0076
      vertex 69.9 5.19615 -13
      vertex 65.1 5.88897 -13.4
    endloop
  endfacet
  facet normal 0.164315 0.674289 0.719954
    outer loop
      vertex 65.1 4.48355 -4.88749
      vertex 69.9 4.24264 -5.75736
      vertex 65.1 4.80833 -5.19167
    endloop
  endfacet
  facet normal 0.164308 0.674347 0.719902
    outer loop
      vertex 69.9 4.24264 -5.75736
      vertex 65.1 4.48355 -4.88749
      vertex 69.9 4.17769 -5.69652
    endloop
  endfacet
  facet normal 0.164302 0.347966 -0.922997
    outer loop
      vertex 65.1 2.18579 -16.4391
      vertex 69.9 2.01193 -15.6502
      vertex 69.9 1.92864 -15.6816
    endloop
  endfacet
  facet normal 0.164317 0.347376 -0.923217
    outer loop
      vertex 69.9 2.01193 -15.6502
      vertex 65.1 2.18579 -16.4391
      vertex 65.1 2.60225 -16.2824
    endloop
  endfacet
  facet normal 0.16431 0.520951 -0.837623
    outer loop
      vertex 69.9 3 -15.1962
      vertex 65.1 3.4 -15.889
      vertex 69.9 3.07557 -15.1492
    endloop
  endfacet
  facet normal 0.16431 0.520921 -0.837641
    outer loop
      vertex 69.9 3.07557 -15.1492
      vertex 65.1 3.4 -15.889
      vertex 65.1 3.77788 -15.654
    endloop
  endfacet
  facet normal 0.164314 0.223979 0.960643
    outer loop
      vertex 65.1 1.32661 -3.33066
      vertex 69.9 1.25721 -4.1355
      vertex 65.1 1.75997 -3.4317
    endloop
  endfacet
  facet normal 0.164314 0.224004 0.960637
    outer loop
      vertex 69.9 1.25721 -4.1355
      vertex 65.1 1.32661 -3.33066
      vertex 69.9 1.17054 -4.11529
    endloop
  endfacet
  facet normal 0.164313 -0.762506 0.625768
    outer loop
      vertex 69.9 -4.51104 -6.04393
      vertex 65.1 -5.11251 -5.51645
      vertex 69.9 -4.70366 -6.27864
    endloop
  endfacet
  facet normal 0.164315 -0.960654 -0.223931
    outer loop
      vertex 65.1 -6.66934 -11.3266
      vertex 69.9 -5.8645 -11.2572
      vertex 69.9 -5.88471 -11.1705
    endloop
  endfacet
  facet normal 0.164315 -0.960647 -0.223959
    outer loop
      vertex 69.9 -5.8645 -11.2572
      vertex 65.1 -6.66934 -11.3266
      vertex 65.1 -6.5683 -11.76
    endloop
  endfacet
  facet normal 0.164315 0.960638 0.223997
    outer loop
      vertex 69.9 5.8645 -8.74279
      vertex 65.1 6.5683 -8.24003
      vertex 69.9 5.79555 -8.44709
    endloop
  endfacet
  facet normal 0.164313 0.520887 0.837662
    outer loop
      vertex 69.9 3.33342 -5.01118
      vertex 65.1 3.77788 -4.34601
      vertex 69.9 3.07557 -4.85084
    endloop
  endfacet
  facet normal 0.164305 -0.223844 -0.960676
    outer loop
      vertex 69.9 -1.55291 -15.7956
      vertex 65.1 -1.75997 -16.5683
      vertex 69.9 -1.25721 -15.8645
    endloop
  endfacet
  facet normal 0.164313 0.985881 0.0322531
    outer loop
      vertex 65.1 6.8 -10
      vertex 69.9 5.99709 -9.91105
      vertex 69.9 6 -10
    endloop
  endfacet
  facet normal 0.164313 0.98588 0.032276
    outer loop
      vertex 69.9 5.99709 -9.91105
      vertex 65.1 6.8 -10
      vertex 65.1 6.78544 -9.55526
    endloop
  endfacet
  facet normal 0.163029 0 0.986621
    outer loop
      vertex 65.1 0.887578 -3.25818
      vertex 69.9 0.783156 -4.05133
      vertex 69.9 0.783157 -4.05133
    endloop
  endfacet
  facet normal 0.164312 0.096651 0.981662
    outer loop
      vertex 69.9 0.783156 -4.05133
      vertex 65.1 0.887578 -3.25818
      vertex 69.9 0.694589 -4.04261
    endloop
  endfacet
  facet normal 0.164313 0.0966945 0.981657
    outer loop
      vertex 69.9 0.694589 -4.04261
      vertex 65.1 0.887578 -3.25818
      vertex 65.1 0.444741 -3.21456
    endloop
  endfacet
  facet normal 0.164343 -0.80201 -0.574257
    outer loop
      vertex 65.1 -5.65399 -13.7779
      vertex 69.9 -4.76012 -13.6526
      vertex 69.9 -4.81196 -13.5802
    endloop
  endfacet
  facet normal 0.164312 -0.801799 -0.57456
    outer loop
      vertex 69.9 -4.76012 -13.6526
      vertex 65.1 -5.65399 -13.7779
      vertex 65.1 -5.3948 -14.1396
    endloop
  endfacet
  facet normal 0.164316 -0.923192 -0.347444
    outer loop
      vertex 65.1 -6.43912 -12.1858
      vertex 69.9 -5.65023 -12.0119
      vertex 69.9 -5.68158 -11.9286
    endloop
  endfacet
  facet normal 0.164315 -0.923172 -0.347497
    outer loop
      vertex 69.9 -5.65023 -12.0119
      vertex 65.1 -6.43912 -12.1858
      vertex 65.1 -6.28238 -12.6022
    endloop
  endfacet
  facet normal 0.164311 0.973226 -0.160726
    outer loop
      vertex 69.9 5.93417 -10.871
      vertex 65.1 6.74182 -10.8876
      vertex 69.9 5.94867 -10.7832
    endloop
  endfacet
  facet normal 0.164312 0.973233 -0.160683
    outer loop
      vertex 65.1 6.74182 -10.8876
      vertex 69.9 5.93417 -10.871
      vertex 65.1 6.66934 -11.3266
    endloop
  endfacet
  facet normal 0.16431 -0.520951 -0.837623
    outer loop
      vertex 65.1 -3.4 -15.889
      vertex 69.9 -3 -15.1962
      vertex 69.9 -3.07557 -15.1492
    endloop
  endfacet
  facet normal 0.16431 -0.520921 -0.837641
    outer loop
      vertex 65.1 -3.4 -15.889
      vertex 69.9 -3.07557 -15.1492
      vertex 65.1 -3.77788 -15.654
    endloop
  endfacet
  facet normal 0.164311 -0.574575 0.801789
    outer loop
      vertex 65.1 -3.77788 -4.34601
      vertex 69.9 -3.65257 -5.23988
      vertex 69.9 -3.58023 -5.18804
    endloop
  endfacet
  facet normal 0.164313 -0.57456 0.801799
    outer loop
      vertex 69.9 -3.65257 -5.23988
      vertex 65.1 -3.77788 -4.34601
      vertex 65.1 -4.13958 -4.6052
    endloop
  endfacet
  facet normal 0.164318 0.943944 -0.286302
    outer loop
      vertex 69.9 5.70741 -11.8435
      vertex 65.1 6.5683 -11.76
      vertex 69.9 5.79555 -11.5529
    endloop
  endfacet
  facet normal 0.164343 0.80201 -0.574257
    outer loop
      vertex 69.9 4.76012 -13.6526
      vertex 65.1 5.65399 -13.7779
      vertex 69.9 4.81196 -13.5802
    endloop
  endfacet
  facet normal 0.164312 0.801799 -0.57456
    outer loop
      vertex 65.1 5.65399 -13.7779
      vertex 69.9 4.76012 -13.6526
      vertex 65.1 5.3948 -14.1396
    endloop
  endfacet
  facet normal 0.164295 0.898406 -0.407277
    outer loop
      vertex 69.9 5.38124 -12.6537
      vertex 65.1 6.28238 -12.6022
      vertex 69.9 5.41796 -12.5727
    endloop
  endfacet
  facet normal 0.164317 0.898512 -0.407034
    outer loop
      vertex 65.1 6.28238 -12.6022
      vertex 69.9 5.38124 -12.6537
      vertex 65.1 6.09873 -13.0076
    endloop
  endfacet
  facet normal 0.164319 0.521027 -0.837574
    outer loop
      vertex 65.1 3.77788 -15.654
      vertex 69.9 3.33342 -14.9888
      vertex 69.9 3.07557 -15.1492
    endloop
  endfacet
  facet normal 0.164314 0.032292 0.985879
    outer loop
      vertex 69.9 0.392418 -4.01285
      vertex 65.1 0.444741 -3.21456
      vertex 69.9 0.0889485 -4.00291
    endloop
  endfacet
  facet normal 0.164317 -0.347376 -0.923217
    outer loop
      vertex 65.1 -2.18579 -16.4391
      vertex 69.9 -2.01193 -15.6502
      vertex 65.1 -2.60225 -16.2824
    endloop
  endfacet
  facet normal 0.164302 -0.347966 -0.922997
    outer loop
      vertex 69.9 -2.01193 -15.6502
      vertex 65.1 -2.18579 -16.4391
      vertex 69.9 -1.92864 -15.6816
    endloop
  endfacet
  facet normal 0.164314 0.960643 0.223979
    outer loop
      vertex 69.9 5.8645 -8.74279
      vertex 65.1 6.66934 -8.67339
      vertex 65.1 6.5683 -8.24003
    endloop
  endfacet
  facet normal 0.164314 0.960637 0.224004
    outer loop
      vertex 69.9 5.88471 -8.82946
      vertex 65.1 6.66934 -8.67339
      vertex 69.9 5.8645 -8.74279
    endloop
  endfacet
  facet normal 0.164313 0.837661 0.520889
    outer loop
      vertex 69.9 5.14916 -6.92443
      vertex 65.1 5.88897 -6.6
      vertex 65.1 5.65399 -6.22212
    endloop
  endfacet
  facet normal 0.164313 0.837672 0.520871
    outer loop
      vertex 69.9 5.19615 -7
      vertex 65.1 5.88897 -6.6
      vertex 69.9 5.14916 -6.92443
    endloop
  endfacet
  facet normal 0.164271 0.674705 -0.719575
    outer loop
      vertex 65.1 4.48355 -15.1125
      vertex 69.9 4.24264 -14.2426
      vertex 69.9 4.17769 -14.3035
    endloop
  endfacet
  facet normal 0.164316 0.674313 -0.719932
    outer loop
      vertex 69.9 4.24264 -14.2426
      vertex 65.1 4.48355 -15.1125
      vertex 65.1 4.80833 -14.8083
    endloop
  endfacet
  facet normal 0.164305 0.223844 -0.960676
    outer loop
      vertex 65.1 1.75997 -16.5683
      vertex 69.9 1.55291 -15.7956
      vertex 69.9 1.25721 -15.8645
    endloop
  endfacet
  facet normal 0.164315 0.943934 0.286338
    outer loop
      vertex 69.9 5.79555 -8.44709
      vertex 65.1 6.5683 -8.24003
      vertex 69.9 5.70741 -8.15653
    endloop
  endfacet
  facet normal 0.164313 0.801799 0.57456
    outer loop
      vertex 69.9 4.76012 -6.34743
      vertex 65.1 5.65399 -6.22212
      vertex 65.1 5.3948 -5.86042
    endloop
  endfacet
  facet normal 0.164311 0.801789 0.574575
    outer loop
      vertex 65.1 5.65399 -6.22212
      vertex 69.9 4.76012 -6.34743
      vertex 69.9 4.81196 -6.41977
    endloop
  endfacet
  facet normal 0.164302 0.160714 -0.97323
    outer loop
      vertex 65.1 0.887578 -16.7418
      vertex 69.9 0.870964 -15.9342
      vertex 69.9 0.783157 -15.9487
    endloop
  endfacet
  facet normal 0.164302 0.160715 -0.973229
    outer loop
      vertex 69.9 0.870964 -15.9342
      vertex 65.1 0.887578 -16.7418
      vertex 65.1 1.32661 -16.6693
    endloop
  endfacet
  facet normal 0.164314 0.46491 -0.869977
    outer loop
      vertex 69.9 2.65373 -15.3812
      vertex 65.1 3.00756 -16.0987
      vertex 69.9 2.92151 -15.2381
    endloop
  endfacet
  facet normal 0.164313 -0.869938 0.464983
    outer loop
      vertex 65.1 -6.09873 -6.99244
      vertex 69.9 -5.19615 -7
      vertex 65.1 -5.88897 -6.6
    endloop
  endfacet
  facet normal 0.164316 -0.869951 0.464957
    outer loop
      vertex 69.9 -5.19615 -7
      vertex 65.1 -6.09873 -6.99244
      vertex 69.9 -5.2381 -7.07849
    endloop
  endfacet
  facet normal 0.164312 0.898478 0.40711
    outer loop
      vertex 69.9 5.38124 -7.34627
      vertex 65.1 6.28238 -7.39775
      vertex 65.1 6.09873 -6.99244
    endloop
  endfacet
  facet normal 0.16432 0.898515 0.407025
    outer loop
      vertex 65.1 6.28238 -7.39775
      vertex 69.9 5.38124 -7.34627
      vertex 69.9 5.41796 -7.42733
    endloop
  endfacet
  facet normal 0.164295 -0.0321623 -0.985887
    outer loop
      vertex 69.9 -0.392418 -15.9872
      vertex 65.1 -0.444741 -16.7854
      vertex 69.9 -0.0889485 -15.9971
    endloop
  endfacet
  facet normal 0.164308 -0.160807 -0.973213
    outer loop
      vertex 69.9 -1.17054 -15.8847
      vertex 65.1 -1.32661 -16.6693
      vertex 69.9 -0.870964 -15.9342
    endloop
  endfacet
  facet normal 0.164314 0.160681 0.973233
    outer loop
      vertex 69.9 1.17054 -4.11529
      vertex 65.1 1.32661 -3.33066
      vertex 69.9 0.870964 -4.06583
    endloop
  endfacet
  facet normal 0.164308 -0.674347 0.719902
    outer loop
      vertex 65.1 -4.48355 -4.88749
      vertex 69.9 -4.24264 -5.75736
      vertex 69.9 -4.17769 -5.69652
    endloop
  endfacet
  facet normal 0.164315 -0.674289 0.719954
    outer loop
      vertex 69.9 -4.24264 -5.75736
      vertex 65.1 -4.48355 -4.88749
      vertex 65.1 -4.80833 -5.19167
    endloop
  endfacet
  facet normal 0.164313 0.837662 0.520887
    outer loop
      vertex 65.1 5.65399 -6.22212
      vertex 69.9 4.98882 -6.66658
      vertex 69.9 5.14916 -6.92443
    endloop
  endfacet
  facet normal 0.164309 0.923202 -0.347419
    outer loop
      vertex 69.9 5.54328 -12.2961
      vertex 65.1 6.28238 -12.6022
      vertex 69.9 5.65023 -12.0119
    endloop
  endfacet
  facet normal 0.164309 -0.923202 -0.347419
    outer loop
      vertex 65.1 -6.28238 -12.6022
      vertex 69.9 -5.54328 -12.2961
      vertex 69.9 -5.65023 -12.0119
    endloop
  endfacet
  facet normal 0.164305 -0.286398 -0.943917
    outer loop
      vertex 65.1 -1.75997 -16.5683
      vertex 69.9 -1.92864 -15.6816
      vertex 65.1 -2.18579 -16.4391
    endloop
  endfacet
  facet normal 0.164343 -0.285972 -0.94404
    outer loop
      vertex 69.9 -1.92864 -15.6816
      vertex 65.1 -1.75997 -16.5683
      vertex 69.9 -1.84347 -15.7074
    endloop
  endfacet
  facet normal 0.164309 -0.46488 -0.869994
    outer loop
      vertex 65.1 -3.00756 -16.0987
      vertex 69.9 -3 -15.1962
      vertex 65.1 -3.4 -15.889
    endloop
  endfacet
  facet normal 0.164343 -0.464523 -0.870178
    outer loop
      vertex 69.9 -3 -15.1962
      vertex 65.1 -3.00756 -16.0987
      vertex 69.9 -2.92151 -15.2381
    endloop
  endfacet
  facet normal 0.164313 -0.981659 -0.0966809
    outer loop
      vertex 65.1 -6.74182 -10.8876
      vertex 69.9 -5.95739 -10.6946
      vertex 65.1 -6.78544 -10.4447
    endloop
  endfacet
  facet normal 0.164311 -0.981666 -0.0966154
    outer loop
      vertex 69.9 -5.95739 -10.6946
      vertex 65.1 -6.74182 -10.8876
      vertex 69.9 -5.94867 -10.7832
    endloop
  endfacet
  facet normal 0.164314 0.0966809 0.981659
    outer loop
      vertex 69.9 0.694589 -4.04261
      vertex 65.1 0.444741 -3.21456
      vertex 69.9 0.392418 -4.01285
    endloop
  endfacet
  facet normal 0.164314 -0.032292 0.985879
    outer loop
      vertex 65.1 -0.444741 -3.21456
      vertex 69.9 -0.392418 -4.01285
      vertex 69.9 -0.0889485 -4.00291
    endloop
  endfacet
  facet normal 0.164308 -0.223895 -0.960663
    outer loop
      vertex 65.1 -1.32661 -16.6693
      vertex 69.9 -1.25721 -15.8645
      vertex 65.1 -1.75997 -16.5683
    endloop
  endfacet
  facet normal 0.164308 -0.2239 -0.960662
    outer loop
      vertex 69.9 -1.25721 -15.8645
      vertex 65.1 -1.32661 -16.6693
      vertex 69.9 -1.17054 -15.8847
    endloop
  endfacet
  facet normal 0.164305 0.286517 -0.943881
    outer loop
      vertex 69.9 1.55291 -15.7956
      vertex 65.1 1.75997 -16.5683
      vertex 69.9 1.84347 -15.7074
    endloop
  endfacet
  facet normal 0.164314 -0.71996 0.674284
    outer loop
      vertex 69.9 -4.30348 -5.82231
      vertex 65.1 -5.11251 -5.51645
      vertex 69.9 -4.51104 -6.04393
    endloop
  endfacet
  facet normal 0.163019 0 -0.986623
    outer loop
      vertex 65.1 -0.887578 -16.7418
      vertex 69.9 -0.783156 -15.9487
      vertex 69.9 -0.783157 -15.9487
    endloop
  endfacet
  facet normal 0.164301 -0.0964317 -0.981685
    outer loop
      vertex 69.9 -0.783156 -15.9487
      vertex 65.1 -0.887578 -16.7418
      vertex 69.9 -0.694589 -15.9574
    endloop
  endfacet
  facet normal 0.164306 -0.0966507 -0.981663
    outer loop
      vertex 69.9 -0.694589 -15.9574
      vertex 65.1 -0.887578 -16.7418
      vertex 65.1 -0.444741 -16.7854
    endloop
  endfacet
  facet normal 0.164302 -0.160715 -0.973229
    outer loop
      vertex 65.1 -0.887578 -16.7418
      vertex 69.9 -0.870964 -15.9342
      vertex 65.1 -1.32661 -16.6693
    endloop
  endfacet
  facet normal 0.164302 -0.160714 -0.97323
    outer loop
      vertex 69.9 -0.870964 -15.9342
      vertex 65.1 -0.887578 -16.7418
      vertex 69.9 -0.783157 -15.9487
    endloop
  endfacet
  facet normal 0.164313 -0.923189 0.347454
    outer loop
      vertex 65.1 -6.43912 -7.81421
      vertex 69.9 -5.65023 -7.98807
      vertex 65.1 -6.28238 -7.39775
    endloop
  endfacet
  facet normal 0.164312 -0.923179 0.34748
    outer loop
      vertex 69.9 -5.65023 -7.98807
      vertex 65.1 -6.43912 -7.81421
      vertex 69.9 -5.68158 -8.07136
    endloop
  endfacet
  facet normal 0.164315 0.223997 0.960638
    outer loop
      vertex 69.9 1.55291 -4.20445
      vertex 65.1 1.75997 -3.4317
      vertex 69.9 1.25721 -4.1355
    endloop
  endfacet
  facet normal 0.164317 -0.960638 -0.223997
    outer loop
      vertex 69.9 -5.8645 -11.2572
      vertex 65.1 -6.5683 -11.76
      vertex 69.9 -5.79555 -11.5529
    endloop
  endfacet
  facet normal 0.164313 -0.625807 0.762474
    outer loop
      vertex 65.1 -4.13958 -4.6052
      vertex 69.9 -3.72136 -5.29634
      vertex 69.9 -3.65257 -5.23988
    endloop
  endfacet
  facet normal 0.164314 -0.625772 0.762503
    outer loop
      vertex 69.9 -3.72136 -5.29634
      vertex 65.1 -4.13958 -4.6052
      vertex 65.1 -4.48355 -4.88749
    endloop
  endfacet
  facet normal 0.164324 -0.869975 -0.46491
    outer loop
      vertex 65.1 -6.09873 -13.0076
      vertex 69.9 -5.19615 -13
      vertex 69.9 -5.2381 -12.9215
    endloop
  endfacet
  facet normal 0.164313 -0.869918 -0.46502
    outer loop
      vertex 69.9 -5.19615 -13
      vertex 65.1 -6.09873 -13.0076
      vertex 65.1 -5.88897 -13.4
    endloop
  endfacet
  facet normal 0.164319 0.574428 -0.801893
    outer loop
      vertex 69.9 3.33342 -14.9888
      vertex 65.1 3.77788 -15.654
      vertex 69.9 3.58023 -14.812
    endloop
  endfacet
  facet normal 0.164313 -0.574558 0.801801
    outer loop
      vertex 69.9 -3.33342 -5.01118
      vertex 65.1 -3.77788 -4.34601
      vertex 69.9 -3.58023 -5.18804
    endloop
  endfacet
  facet normal 0.164313 0.407119 0.898474
    outer loop
      vertex 69.9 2.57267 -4.58204
      vertex 65.1 2.60225 -3.71762
      vertex 69.9 2.2961 -4.45672
    endloop
  endfacet
  facet normal 0.164314 0.973233 0.160679
    outer loop
      vertex 69.9 5.93417 -9.12904
      vertex 65.1 6.66934 -8.67339
      vertex 69.9 5.88471 -8.82946
    endloop
  endfacet
  facet normal 0.164316 -0.574574 -0.801788
    outer loop
      vertex 65.1 -3.77788 -15.654
      vertex 69.9 -3.65257 -14.7601
      vertex 65.1 -4.13958 -15.3948
    endloop
  endfacet
  facet normal 0.16427 -0.575018 -0.80148
    outer loop
      vertex 69.9 -3.65257 -14.7601
      vertex 65.1 -3.77788 -15.654
      vertex 69.9 -3.58023 -14.812
    endloop
  endfacet
  facet normal 0.164319 -0.625922 -0.762378
    outer loop
      vertex 69.9 -3.72136 -14.7037
      vertex 69.9 -3.95607 -14.511
      vertex 65.1 -4.48355 -15.1125
    endloop
  endfacet
  facet normal 0.164315 0.286338 0.943934
    outer loop
      vertex 69.9 1.84347 -4.29259
      vertex 65.1 1.75997 -3.4317
      vertex 69.9 1.55291 -4.20445
    endloop
  endfacet
  facet normal 0.164314 -0.973233 0.160679
    outer loop
      vertex 69.9 -5.88471 -8.82946
      vertex 65.1 -6.66934 -8.67339
      vertex 69.9 -5.93417 -9.12904
    endloop
  endfacet
  facet normal 0.164315 -0.973226 -0.16072
    outer loop
      vertex 69.9 -5.93417 -10.871
      vertex 65.1 -6.66934 -11.3266
      vertex 69.9 -5.88471 -11.1705
    endloop
  endfacet
  facet normal 0.164312 0.40711 0.898478
    outer loop
      vertex 65.1 2.60225 -3.71762
      vertex 69.9 2.65373 -4.61876
      vertex 65.1 3.00756 -3.90127
    endloop
  endfacet
  facet normal 0.16432 0.407025 0.898515
    outer loop
      vertex 69.9 2.65373 -4.61876
      vertex 65.1 2.60225 -3.71762
      vertex 69.9 2.57267 -4.58204
    endloop
  endfacet
  facet normal 0.164313 -0.801799 0.57456
    outer loop
      vertex 65.1 -5.65399 -6.22212
      vertex 69.9 -4.76012 -6.34743
      vertex 65.1 -5.3948 -5.86042
    endloop
  endfacet
  facet normal 0.164311 -0.801789 0.574575
    outer loop
      vertex 69.9 -4.76012 -6.34743
      vertex 65.1 -5.65399 -6.22212
      vertex 69.9 -4.81196 -6.41977
    endloop
  endfacet
  facet normal 0.164309 0.898491 -0.407082
    outer loop
      vertex 69.9 5.41796 -12.5727
      vertex 65.1 6.28238 -12.6022
      vertex 69.9 5.54328 -12.2961
    endloop
  endfacet
  facet normal 0.164316 0.762493 -0.625783
    outer loop
      vertex 69.9 4.51104 -13.9561
      vertex 65.1 5.11251 -14.4836
      vertex 69.9 4.70366 -13.7214
    endloop
  endfacet
  facet normal 0.164314 -0.46491 -0.869977
    outer loop
      vertex 69.9 -2.92151 -15.2381
      vertex 65.1 -3.00756 -16.0987
      vertex 69.9 -2.65373 -15.3812
    endloop
  endfacet
  facet normal 0.164312 -0.096651 0.981662
    outer loop
      vertex 65.1 -0.887578 -3.25818
      vertex 69.9 -0.783156 -4.05133
      vertex 69.9 -0.694589 -4.04261
    endloop
  endfacet
  facet normal 0.164313 -0.0966945 0.981657
    outer loop
      vertex 65.1 -0.887578 -3.25818
      vertex 69.9 -0.694589 -4.04261
      vertex 65.1 -0.444741 -3.21456
    endloop
  endfacet
  facet normal 0.163029 0 0.986621
    outer loop
      vertex 69.9 -0.783156 -4.05133
      vertex 65.1 -0.887578 -3.25818
      vertex 69.9 -0.783157 -4.05133
    endloop
  endfacet
  facet normal 0.164318 0.869936 -0.464984
    outer loop
      vertex 69.9 5.2381 -12.9215
      vertex 65.1 6.09873 -13.0076
      vertex 69.9 5.38124 -12.6537
    endloop
  endfacet
  facet normal 0.164318 -0.943944 -0.286302
    outer loop
      vertex 69.9 -5.79555 -11.5529
      vertex 65.1 -6.5683 -11.76
      vertex 69.9 -5.70741 -11.8435
    endloop
  endfacet
  facet normal 0.16432 0.943951 0.286278
    outer loop
      vertex 65.1 6.5683 -8.24003
      vertex 69.9 5.68158 -8.07136
      vertex 69.9 5.70741 -8.15653
    endloop
  endfacet
  facet normal 0.164313 0.943928 0.286357
    outer loop
      vertex 69.9 5.68158 -8.07136
      vertex 65.1 6.5683 -8.24003
      vertex 65.1 6.43912 -7.81421
    endloop
  endfacet
  facet normal 0.164316 -0.464957 0.869951
    outer loop
      vertex 65.1 -3.00756 -3.90127
      vertex 69.9 -3 -4.80385
      vertex 69.9 -2.92151 -4.7619
    endloop
  endfacet
  facet normal 0.164313 -0.464983 0.869938
    outer loop
      vertex 69.9 -3 -4.80385
      vertex 65.1 -3.00756 -3.90127
      vertex 65.1 -3.4 -4.11103
    endloop
  endfacet
  facet normal 0.164308 0.2239 -0.960662
    outer loop
      vertex 65.1 1.32661 -16.6693
      vertex 69.9 1.25721 -15.8645
      vertex 69.9 1.17054 -15.8847
    endloop
  endfacet
  facet normal 0.164308 0.223895 -0.960663
    outer loop
      vertex 69.9 1.25721 -15.8645
      vertex 65.1 1.32661 -16.6693
      vertex 65.1 1.75997 -16.5683
    endloop
  endfacet
  facet normal 0.164313 0.347451 0.92319
    outer loop
      vertex 69.9 2.2961 -4.45672
      vertex 65.1 2.60225 -3.71762
      vertex 69.9 2.01193 -4.34977
    endloop
  endfacet
  facet normal 0.164313 -0.98588 0.032276
    outer loop
      vertex 65.1 -6.8 -10
      vertex 69.9 -5.99709 -9.91105
      vertex 65.1 -6.78544 -9.55526
    endloop
  endfacet
  facet normal 0.164313 -0.985881 0.0322531
    outer loop
      vertex 69.9 -5.99709 -9.91105
      vertex 65.1 -6.8 -10
      vertex 69.9 -6 -10
    endloop
  endfacet
  facet normal 0.164314 -0.674284 0.71996
    outer loop
      vertex 69.9 -3.95607 -5.48896
      vertex 65.1 -4.48355 -4.88749
      vertex 69.9 -4.17769 -5.69652
    endloop
  endfacet
  facet normal 0.164313 -0.625768 0.762506
    outer loop
      vertex 65.1 -4.48355 -4.88749
      vertex 69.9 -3.95607 -5.48896
      vertex 69.9 -3.72136 -5.29634
    endloop
  endfacet
  facet normal 0.164319 -0.574428 -0.801893
    outer loop
      vertex 69.9 -3.58023 -14.812
      vertex 65.1 -3.77788 -15.654
      vertex 69.9 -3.33342 -14.9888
    endloop
  endfacet
  facet normal 0.164307 -0.625786 -0.762493
    outer loop
      vertex 65.1 -4.13958 -15.3948
      vertex 69.9 -3.72136 -14.7037
      vertex 65.1 -4.48355 -15.1125
    endloop
  endfacet
  facet normal 0.164319 -0.625409 -0.762799
    outer loop
      vertex 69.9 -3.72136 -14.7037
      vertex 65.1 -4.13958 -15.3948
      vertex 69.9 -3.65257 -14.7601
    endloop
  endfacet
  facet normal 0.164313 -0.898474 0.407119
    outer loop
      vertex 69.9 -5.41796 -7.42733
      vertex 65.1 -6.28238 -7.39775
      vertex 69.9 -5.54328 -7.7039
    endloop
  endfacet
  facet normal 0.164313 -0.92319 0.347451
    outer loop
      vertex 69.9 -5.54328 -7.7039
      vertex 65.1 -6.28238 -7.39775
      vertex 69.9 -5.65023 -7.98807
    endloop
  endfacet
  facet normal 0.164319 -0.521027 -0.837574
    outer loop
      vertex 69.9 -3.33342 -14.9888
      vertex 65.1 -3.77788 -15.654
      vertex 69.9 -3.07557 -15.1492
    endloop
  endfacet
  facet normal 0.164314 -0.98588 -0.0322888
    outer loop
      vertex 69.9 -5.99709 -10.0889
      vertex 65.1 -6.78544 -10.4447
      vertex 69.9 -5.98715 -10.3924
    endloop
  endfacet
  facet normal 0.164313 -0.98588 -0.0322712
    outer loop
      vertex 65.1 -6.8 -10
      vertex 69.9 -5.99709 -10.0889
      vertex 69.9 -6 -10
    endloop
  endfacet
  facet normal 0.164313 -0.98588 -0.0322789
    outer loop
      vertex 69.9 -5.99709 -10.0889
      vertex 65.1 -6.8 -10
      vertex 65.1 -6.78544 -10.4447
    endloop
  endfacet
  facet normal 0.164312 0.347309 -0.923243
    outer loop
      vertex 65.1 2.60225 -16.2824
      vertex 69.9 2.2961 -15.5433
      vertex 69.9 2.01193 -15.6502
    endloop
  endfacet
  facet normal 0.164288 0.719645 -0.674626
    outer loop
      vertex 69.9 4.24264 -14.2426
      vertex 65.1 5.11251 -14.4836
      vertex 69.9 4.30348 -14.1777
    endloop
  endfacet
  facet normal 0.164317 0.719871 -0.674378
    outer loop
      vertex 65.1 5.11251 -14.4836
      vertex 69.9 4.24264 -14.2426
      vertex 65.1 4.80833 -14.8083
    endloop
  endfacet
  facet normal -1 0 0
    outer loop
      vertex 65.1 6 -10
      vertex 65.1 6.8 -10
      vertex 65.1 6.78544 -10.4447
    endloop
  endfacet
  facet normal -1 0 0
    outer loop
      vertex 65.1 5.98715 -10.3924
      vertex 65.1 6.78544 -10.4447
      vertex 65.1 6.74182 -10.8876
    endloop
  endfacet
  facet normal -1 0 0
    outer loop
      vertex 65.1 6.8 -10
      vertex 65.1 6 -10
      vertex 65.1 6.78544 -9.55526
    endloop
  endfacet
  facet normal -1 0 0
    outer loop
      vertex 65.1 5.94867 -10.7832
      vertex 65.1 6.74182 -10.8876
      vertex 65.1 6.66934 -11.3266
    endloop
  endfacet
  facet normal -1 0 0
    outer loop
      vertex 65.1 5.98715 -9.60758
      vertex 65.1 6.78544 -9.55526
      vertex 65.1 6 -10
    endloop
  endfacet
  facet normal -1 0 0
    outer loop
      vertex 65.1 5.88471 -11.1705
      vertex 65.1 6.66934 -11.3266
      vertex 65.1 6.5683 -11.76
    endloop
  endfacet
  facet normal -1 -0 0
    outer loop
      vertex 65.1 6.78544 -9.55526
      vertex 65.1 5.98715 -9.60758
      vertex 65.1 6.74182 -9.11242
    endloop
  endfacet
  facet normal -1 0 0
    outer loop
      vertex 65.1 5.79555 -11.5529
      vertex 65.1 6.5683 -11.76
      vertex 65.1 6.43912 -12.1858
    endloop
  endfacet
  facet normal -1 0 0
    outer loop
      vertex 65.1 5.94867 -9.21684
      vertex 65.1 6.74182 -9.11242
      vertex 65.1 5.98715 -9.60758
    endloop
  endfacet
  facet normal -1 0 0
    outer loop
      vertex 65.1 5.68158 -11.9286
      vertex 65.1 6.43912 -12.1858
      vertex 65.1 6.28238 -12.6022
    endloop
  endfacet
  facet normal -1 -0 0
    outer loop
      vertex 65.1 6.74182 -9.11242
      vertex 65.1 5.94867 -9.21684
      vertex 65.1 6.66934 -8.67339
    endloop
  endfacet
  facet normal -1 0 0
    outer loop
      vertex 65.1 5.54328 -12.2961
      vertex 65.1 6.28238 -12.6022
      vertex 65.1 6.09873 -13.0076
    endloop
  endfacet
  facet normal -1 0 0
    outer loop
      vertex 65.1 5.88471 -8.82946
      vertex 65.1 6.66934 -8.67339
      vertex 65.1 5.94867 -9.21684
    endloop
  endfacet
  facet normal -1 -0 0
    outer loop
      vertex 65.1 6.66934 -8.67339
      vertex 65.1 5.88471 -8.82946
      vertex 65.1 6.5683 -8.24003
    endloop
  endfacet
  facet normal -1 0 0
    outer loop
      vertex 65.1 6.78544 -10.4447
      vertex 65.1 5.98715 -10.3924
      vertex 65.1 6 -10
    endloop
  endfacet
  facet normal -1 0 0
    outer loop
      vertex 65.1 6.74182 -10.8876
      vertex 65.1 5.94867 -10.7832
      vertex 65.1 5.98715 -10.3924
    endloop
  endfacet
  facet normal -1 0 0
    outer loop
      vertex 65.1 5.38124 -12.6537
      vertex 65.1 6.09873 -13.0076
      vertex 65.1 5.88897 -13.4
    endloop
  endfacet
  facet normal -1 0 0
    outer loop
      vertex 65.1 6.66934 -11.3266
      vertex 65.1 5.88471 -11.1705
      vertex 65.1 5.94867 -10.7832
    endloop
  endfacet
  facet normal -1 0 0
    outer loop
      vertex 65.1 6.5683 -11.76
      vertex 65.1 5.79555 -11.5529
      vertex 65.1 5.88471 -11.1705
    endloop
  endfacet
  facet normal -1 0 0
    outer loop
      vertex 65.1 6.43912 -12.1858
      vertex 65.1 5.68158 -11.9286
      vertex 65.1 5.79555 -11.5529
    endloop
  endfacet
  facet normal -1 0 0
    outer loop
      vertex 65.1 5.19615 -13
      vertex 65.1 5.88897 -13.4
      vertex 65.1 5.65399 -13.7779
    endloop
  endfacet
  facet normal -1 0 0
    outer loop
      vertex 65.1 6.28238 -12.6022
      vertex 65.1 5.54328 -12.2961
      vertex 65.1 5.68158 -11.9286
    endloop
  endfacet
  facet normal -1 0 0
    outer loop
      vertex 65.1 4.98882 -13.3334
      vertex 65.1 5.65399 -13.7779
      vertex 65.1 5.3948 -14.1396
    endloop
  endfacet
  facet normal -1 0 0
    outer loop
      vertex 65.1 6.09873 -13.0076
      vertex 65.1 5.38124 -12.6537
      vertex 65.1 5.54328 -12.2961
    endloop
  endfacet
  facet normal -1 0 0
    outer loop
      vertex 65.1 5.88897 -13.4
      vertex 65.1 5.19615 -13
      vertex 65.1 5.38124 -12.6537
    endloop
  endfacet
  facet normal -1 0 0
    outer loop
      vertex 65.1 4.76012 -13.6526
      vertex 65.1 5.3948 -14.1396
      vertex 65.1 5.11251 -14.4836
    endloop
  endfacet
  facet normal -1 0 0
    outer loop
      vertex 65.1 5.65399 -13.7779
      vertex 65.1 4.98882 -13.3334
      vertex 65.1 5.19615 -13
    endloop
  endfacet
  facet normal -1 0 0
    outer loop
      vertex 65.1 4.51104 -13.9561
      vertex 65.1 5.11251 -14.4836
      vertex 65.1 4.80833 -14.8083
    endloop
  endfacet
  facet normal -1 0 0
    outer loop
      vertex 65.1 5.3948 -14.1396
      vertex 65.1 4.76012 -13.6526
      vertex 65.1 4.98882 -13.3334
    endloop
  endfacet
  facet normal -1 0 0
    outer loop
      vertex 65.1 5.11251 -14.4836
      vertex 65.1 4.51104 -13.9561
      vertex 65.1 4.76012 -13.6526
    endloop
  endfacet
  facet normal -1 0 0
    outer loop
      vertex 65.1 4.24264 -14.2426
      vertex 65.1 4.80833 -14.8083
      vertex 65.1 4.48355 -15.1125
    endloop
  endfacet
  facet normal -1 0 0
    outer loop
      vertex 65.1 4.80833 -14.8083
      vertex 65.1 4.24264 -14.2426
      vertex 65.1 4.51104 -13.9561
    endloop
  endfacet
  facet normal -1 0 0
    outer loop
      vertex 65.1 3.95607 -14.511
      vertex 65.1 4.48355 -15.1125
      vertex 65.1 4.13958 -15.3948
    endloop
  endfacet
  facet normal -1 0 0
    outer loop
      vertex 65.1 4.48355 -15.1125
      vertex 65.1 3.95607 -14.511
      vertex 65.1 4.24264 -14.2426
    endloop
  endfacet
  facet normal -1 0 0
    outer loop
      vertex 65.1 3.65257 -14.7601
      vertex 65.1 4.13958 -15.3948
      vertex 65.1 3.77788 -15.654
    endloop
  endfacet
  facet normal -1 0 0
    outer loop
      vertex 65.1 4.13958 -15.3948
      vertex 65.1 3.65257 -14.7601
      vertex 65.1 3.95607 -14.511
    endloop
  endfacet
  facet normal -1 0 0
    outer loop
      vertex 65.1 3.33342 -14.9888
      vertex 65.1 3.77788 -15.654
      vertex 65.1 3.4 -15.889
    endloop
  endfacet
  facet normal -1 0 0
    outer loop
      vertex 65.1 3.77788 -15.654
      vertex 65.1 3.33342 -14.9888
      vertex 65.1 3.65257 -14.7601
    endloop
  endfacet
  facet normal -1 0 0
    outer loop
      vertex 65.1 3 -15.1962
      vertex 65.1 3.4 -15.889
      vertex 65.1 3.00756 -16.0987
    endloop
  endfacet
  facet normal -1 0 0
    outer loop
      vertex 65.1 3.4 -15.889
      vertex 65.1 3 -15.1962
      vertex 65.1 3.33342 -14.9888
    endloop
  endfacet
  facet normal -1 0 0
    outer loop
      vertex 65.1 3.00756 -16.0987
      vertex 65.1 2.65373 -15.3812
      vertex 65.1 3 -15.1962
    endloop
  endfacet
  facet normal -1 0 0
    outer loop
      vertex 65.1 2.60225 -16.2824
      vertex 65.1 2.65373 -15.3812
      vertex 65.1 3.00756 -16.0987
    endloop
  endfacet
  facet normal -1 0 0
    outer loop
      vertex 65.1 2.60225 -16.2824
      vertex 65.1 2.2961 -15.5433
      vertex 65.1 2.65373 -15.3812
    endloop
  endfacet
  facet normal -1 0 0
    outer loop
      vertex 65.1 2.18579 -16.4391
      vertex 65.1 2.2961 -15.5433
      vertex 65.1 2.60225 -16.2824
    endloop
  endfacet
  facet normal -1 0 0
    outer loop
      vertex 65.1 2.18579 -16.4391
      vertex 65.1 1.92864 -15.6816
      vertex 65.1 2.2961 -15.5433
    endloop
  endfacet
  facet normal -1 0 0
    outer loop
      vertex 65.1 1.75997 -16.5683
      vertex 65.1 1.92864 -15.6816
      vertex 65.1 2.18579 -16.4391
    endloop
  endfacet
  facet normal -1 0 0
    outer loop
      vertex 65.1 1.75997 -16.5683
      vertex 65.1 1.55291 -15.7956
      vertex 65.1 1.92864 -15.6816
    endloop
  endfacet
  facet normal -1 0 0
    outer loop
      vertex 65.1 1.32661 -16.6693
      vertex 65.1 1.55291 -15.7956
      vertex 65.1 1.75997 -16.5683
    endloop
  endfacet
  facet normal -1 0 0
    outer loop
      vertex 65.1 1.32661 -16.6693
      vertex 65.1 1.17054 -15.8847
      vertex 65.1 1.55291 -15.7956
    endloop
  endfacet
  facet normal -1 0 0
    outer loop
      vertex 65.1 0.887578 -16.7418
      vertex 65.1 1.17054 -15.8847
      vertex 65.1 1.32661 -16.6693
    endloop
  endfacet
  facet normal -1 0 0
    outer loop
      vertex 65.1 0.887578 -16.7418
      vertex 65.1 0.783156 -15.9487
      vertex 65.1 1.17054 -15.8847
    endloop
  endfacet
  facet normal -1 0 0
    outer loop
      vertex 65.1 0.444741 -16.7854
      vertex 65.1 0.783156 -15.9487
      vertex 65.1 0.887578 -16.7418
    endloop
  endfacet
  facet normal -1 0 0
    outer loop
      vertex 65.1 0.444741 -16.7854
      vertex 65.1 0.392418 -15.9872
      vertex 65.1 0.783156 -15.9487
    endloop
  endfacet
  facet normal -1 0 0
    outer loop
      vertex 65.1 0 -16.8
      vertex 65.1 0.392418 -15.9872
      vertex 65.1 0.444741 -16.7854
    endloop
  endfacet
  facet normal -1 0 0
    outer loop
      vertex 65.1 0 -16.8
      vertex 65.1 0 -16
      vertex 65.1 0.392418 -15.9872
    endloop
  endfacet
  facet normal -1 0 0
    outer loop
      vertex 65.1 0 -16.8
      vertex 65.1 -0.392418 -15.9872
      vertex 65.1 0 -16
    endloop
  endfacet
  facet normal -1 0 0
    outer loop
      vertex 65.1 -0.444741 -16.7854
      vertex 65.1 -0.392418 -15.9872
      vertex 65.1 0 -16.8
    endloop
  endfacet
  facet normal -1 0 0
    outer loop
      vertex 65.1 -0.444741 -16.7854
      vertex 65.1 -0.783156 -15.9487
      vertex 65.1 -0.392418 -15.9872
    endloop
  endfacet
  facet normal -1 0 0
    outer loop
      vertex 65.1 -0.887578 -16.7418
      vertex 65.1 -0.783156 -15.9487
      vertex 65.1 -0.444741 -16.7854
    endloop
  endfacet
  facet normal -1 0 0
    outer loop
      vertex 65.1 -0.887578 -16.7418
      vertex 65.1 -1.17054 -15.8847
      vertex 65.1 -0.783156 -15.9487
    endloop
  endfacet
  facet normal -1 0 0
    outer loop
      vertex 65.1 -1.32661 -16.6693
      vertex 65.1 -1.17054 -15.8847
      vertex 65.1 -0.887578 -16.7418
    endloop
  endfacet
  facet normal -1 0 0
    outer loop
      vertex 65.1 -1.32661 -16.6693
      vertex 65.1 -1.55291 -15.7956
      vertex 65.1 -1.17054 -15.8847
    endloop
  endfacet
  facet normal -1 0 0
    outer loop
      vertex 65.1 -1.75997 -16.5683
      vertex 65.1 -1.55291 -15.7956
      vertex 65.1 -1.32661 -16.6693
    endloop
  endfacet
  facet normal -1 0 0
    outer loop
      vertex 65.1 -1.75997 -16.5683
      vertex 65.1 -1.92864 -15.6816
      vertex 65.1 -1.55291 -15.7956
    endloop
  endfacet
  facet normal -1 0 0
    outer loop
      vertex 65.1 -2.18579 -16.4391
      vertex 65.1 -1.92864 -15.6816
      vertex 65.1 -1.75997 -16.5683
    endloop
  endfacet
  facet normal -1 0 0
    outer loop
      vertex 65.1 -2.18579 -16.4391
      vertex 65.1 -2.2961 -15.5433
      vertex 65.1 -1.92864 -15.6816
    endloop
  endfacet
  facet normal -1 0 0
    outer loop
      vertex 65.1 -2.60225 -16.2824
      vertex 65.1 -2.2961 -15.5433
      vertex 65.1 -2.18579 -16.4391
    endloop
  endfacet
  facet normal -1 0 0
    outer loop
      vertex 65.1 -2.60225 -16.2824
      vertex 65.1 -2.65373 -15.3812
      vertex 65.1 -2.2961 -15.5433
    endloop
  endfacet
  facet normal -1 0 0
    outer loop
      vertex 65.1 -3.00756 -16.0987
      vertex 65.1 -2.65373 -15.3812
      vertex 65.1 -2.60225 -16.2824
    endloop
  endfacet
  facet normal -1 -0 0
    outer loop
      vertex 65.1 -2.65373 -15.3812
      vertex 65.1 -3.00756 -16.0987
      vertex 65.1 -3 -15.1962
    endloop
  endfacet
  facet normal -1 0 0
    outer loop
      vertex 65.1 -3.4 -15.889
      vertex 65.1 -3 -15.1962
      vertex 65.1 -3.00756 -16.0987
    endloop
  endfacet
  facet normal -1 -0 0
    outer loop
      vertex 65.1 -3 -15.1962
      vertex 65.1 -3.4 -15.889
      vertex 65.1 -3.33342 -14.9888
    endloop
  endfacet
  facet normal -1 0 0
    outer loop
      vertex 65.1 -3.77788 -15.654
      vertex 65.1 -3.33342 -14.9888
      vertex 65.1 -3.4 -15.889
    endloop
  endfacet
  facet normal -1 -0 0
    outer loop
      vertex 65.1 -3.33342 -14.9888
      vertex 65.1 -3.77788 -15.654
      vertex 65.1 -3.65257 -14.7601
    endloop
  endfacet
  facet normal -1 0 0
    outer loop
      vertex 65.1 -4.13958 -15.3948
      vertex 65.1 -3.65257 -14.7601
      vertex 65.1 -3.77788 -15.654
    endloop
  endfacet
  facet normal -1 -0 0
    outer loop
      vertex 65.1 -3.65257 -14.7601
      vertex 65.1 -4.13958 -15.3948
      vertex 65.1 -3.95607 -14.511
    endloop
  endfacet
  facet normal -1 0 0
    outer loop
      vertex 65.1 -4.48355 -15.1125
      vertex 65.1 -3.95607 -14.511
      vertex 65.1 -4.13958 -15.3948
    endloop
  endfacet
  facet normal -1 -0 0
    outer loop
      vertex 65.1 -3.95607 -14.511
      vertex 65.1 -4.48355 -15.1125
      vertex 65.1 -4.24264 -14.2426
    endloop
  endfacet
  facet normal -1 0 0
    outer loop
      vertex 65.1 -4.80833 -14.8083
      vertex 65.1 -4.24264 -14.2426
      vertex 65.1 -4.48355 -15.1125
    endloop
  endfacet
  facet normal -1 -0 0
    outer loop
      vertex 65.1 -4.24264 -14.2426
      vertex 65.1 -4.80833 -14.8083
      vertex 65.1 -4.51104 -13.9561
    endloop
  endfacet
  facet normal -1 0 0
    outer loop
      vertex 65.1 -5.11251 -14.4836
      vertex 65.1 -4.51104 -13.9561
      vertex 65.1 -4.80833 -14.8083
    endloop
  endfacet
  facet normal -1 -0 0
    outer loop
      vertex 65.1 -4.51104 -13.9561
      vertex 65.1 -5.11251 -14.4836
      vertex 65.1 -4.76012 -13.6526
    endloop
  endfacet
  facet normal -1 0 0
    outer loop
      vertex 65.1 -5.3948 -14.1396
      vertex 65.1 -4.76012 -13.6526
      vertex 65.1 -5.11251 -14.4836
    endloop
  endfacet
  facet normal -1 -0 0
    outer loop
      vertex 65.1 -4.76012 -13.6526
      vertex 65.1 -5.3948 -14.1396
      vertex 65.1 -4.98882 -13.3334
    endloop
  endfacet
  facet normal -1 0 0
    outer loop
      vertex 65.1 -5.65399 -13.7779
      vertex 65.1 -4.98882 -13.3334
      vertex 65.1 -5.3948 -14.1396
    endloop
  endfacet
  facet normal -1 -0 0
    outer loop
      vertex 65.1 -4.98882 -13.3334
      vertex 65.1 -5.65399 -13.7779
      vertex 65.1 -5.19615 -13
    endloop
  endfacet
  facet normal -1 0 0
    outer loop
      vertex 65.1 -5.88897 -13.4
      vertex 65.1 -5.19615 -13
      vertex 65.1 -5.65399 -13.7779
    endloop
  endfacet
  facet normal -1 -0 0
    outer loop
      vertex 65.1 -5.19615 -13
      vertex 65.1 -5.88897 -13.4
      vertex 65.1 -5.38124 -12.6537
    endloop
  endfacet
  facet normal -1 0 0
    outer loop
      vertex 65.1 -6.09873 -13.0076
      vertex 65.1 -5.38124 -12.6537
      vertex 65.1 -5.88897 -13.4
    endloop
  endfacet
  facet normal -1 -0 0
    outer loop
      vertex 65.1 -5.38124 -12.6537
      vertex 65.1 -6.09873 -13.0076
      vertex 65.1 -5.54328 -12.2961
    endloop
  endfacet
  facet normal -1 0 0
    outer loop
      vertex 65.1 -6.28238 -12.6022
      vertex 65.1 -5.54328 -12.2961
      vertex 65.1 -6.09873 -13.0076
    endloop
  endfacet
  facet normal -1 -0 0
    outer loop
      vertex 65.1 -5.54328 -12.2961
      vertex 65.1 -6.28238 -12.6022
      vertex 65.1 -5.68158 -11.9286
    endloop
  endfacet
  facet normal -1 0 0
    outer loop
      vertex 65.1 -6.43912 -12.1858
      vertex 65.1 -5.68158 -11.9286
      vertex 65.1 -6.28238 -12.6022
    endloop
  endfacet
  facet normal -1 -0 0
    outer loop
      vertex 65.1 -5.68158 -11.9286
      vertex 65.1 -6.43912 -12.1858
      vertex 65.1 -5.79555 -11.5529
    endloop
  endfacet
  facet normal -1 0 0
    outer loop
      vertex 65.1 -6.5683 -11.76
      vertex 65.1 -5.79555 -11.5529
      vertex 65.1 -6.43912 -12.1858
    endloop
  endfacet
  facet normal -1 -0 0
    outer loop
      vertex 65.1 -5.79555 -11.5529
      vertex 65.1 -6.5683 -11.76
      vertex 65.1 -5.88471 -11.1705
    endloop
  endfacet
  facet normal -1 0 0
    outer loop
      vertex 65.1 5.79555 -8.44709
      vertex 65.1 6.5683 -8.24003
      vertex 65.1 5.88471 -8.82946
    endloop
  endfacet
  facet normal -1 -0 0
    outer loop
      vertex 65.1 6.5683 -8.24003
      vertex 65.1 5.79555 -8.44709
      vertex 65.1 6.43912 -7.81421
    endloop
  endfacet
  facet normal -1 0 0
    outer loop
      vertex 65.1 5.68158 -8.07136
      vertex 65.1 6.43912 -7.81421
      vertex 65.1 5.79555 -8.44709
    endloop
  endfacet
  facet normal -1 -0 0
    outer loop
      vertex 65.1 6.43912 -7.81421
      vertex 65.1 5.68158 -8.07136
      vertex 65.1 6.28238 -7.39775
    endloop
  endfacet
  facet normal -1 0 0
    outer loop
      vertex 65.1 5.54328 -7.7039
      vertex 65.1 6.28238 -7.39775
      vertex 65.1 5.68158 -8.07136
    endloop
  endfacet
  facet normal -1 -0 0
    outer loop
      vertex 65.1 6.28238 -7.39775
      vertex 65.1 5.54328 -7.7039
      vertex 65.1 6.09873 -6.99244
    endloop
  endfacet
  facet normal -1 0 0
    outer loop
      vertex 65.1 5.38124 -7.34627
      vertex 65.1 6.09873 -6.99244
      vertex 65.1 5.54328 -7.7039
    endloop
  endfacet
  facet normal -1 -0 0
    outer loop
      vertex 65.1 6.09873 -6.99244
      vertex 65.1 5.38124 -7.34627
      vertex 65.1 5.88897 -6.6
    endloop
  endfacet
  facet normal -1 0 0
    outer loop
      vertex 65.1 5.19615 -7
      vertex 65.1 5.88897 -6.6
      vertex 65.1 5.38124 -7.34627
    endloop
  endfacet
  facet normal -1 -0 0
    outer loop
      vertex 65.1 5.88897 -6.6
      vertex 65.1 5.19615 -7
      vertex 65.1 5.65399 -6.22212
    endloop
  endfacet
  facet normal -1 0 0
    outer loop
      vertex 65.1 4.98882 -6.66658
      vertex 65.1 5.65399 -6.22212
      vertex 65.1 5.19615 -7
    endloop
  endfacet
  facet normal -1 -0 0
    outer loop
      vertex 65.1 5.65399 -6.22212
      vertex 65.1 4.98882 -6.66658
      vertex 65.1 5.3948 -5.86042
    endloop
  endfacet
  facet normal -1 0 0
    outer loop
      vertex 65.1 4.76012 -6.34743
      vertex 65.1 5.3948 -5.86042
      vertex 65.1 4.98882 -6.66658
    endloop
  endfacet
  facet normal -1 -0 0
    outer loop
      vertex 65.1 5.3948 -5.86042
      vertex 65.1 4.76012 -6.34743
      vertex 65.1 5.11251 -5.51645
    endloop
  endfacet
  facet normal -1 0 0
    outer loop
      vertex 65.1 4.51104 -6.04393
      vertex 65.1 5.11251 -5.51645
      vertex 65.1 4.76012 -6.34743
    endloop
  endfacet
  facet normal -1 -0 0
    outer loop
      vertex 65.1 5.11251 -5.51645
      vertex 65.1 4.51104 -6.04393
      vertex 65.1 4.80833 -5.19167
    endloop
  endfacet
  facet normal -1 0 0
    outer loop
      vertex 65.1 4.24264 -5.75736
      vertex 65.1 4.80833 -5.19167
      vertex 65.1 4.51104 -6.04393
    endloop
  endfacet
  facet normal -1 -0 0
    outer loop
      vertex 65.1 4.80833 -5.19167
      vertex 65.1 4.24264 -5.75736
      vertex 65.1 4.48355 -4.88749
    endloop
  endfacet
  facet normal -1 0 0
    outer loop
      vertex 65.1 3.95607 -5.48896
      vertex 65.1 4.48355 -4.88749
      vertex 65.1 4.24264 -5.75736
    endloop
  endfacet
  facet normal -1 -0 0
    outer loop
      vertex 65.1 4.48355 -4.88749
      vertex 65.1 3.95607 -5.48896
      vertex 65.1 4.13958 -4.6052
    endloop
  endfacet
  facet normal -1 0 0
    outer loop
      vertex 65.1 3.65257 -5.23988
      vertex 65.1 4.13958 -4.6052
      vertex 65.1 3.95607 -5.48896
    endloop
  endfacet
  facet normal -1 -0 0
    outer loop
      vertex 65.1 4.13958 -4.6052
      vertex 65.1 3.65257 -5.23988
      vertex 65.1 3.77788 -4.34601
    endloop
  endfacet
  facet normal -1 0 0
    outer loop
      vertex 65.1 3.33342 -5.01118
      vertex 65.1 3.77788 -4.34601
      vertex 65.1 3.65257 -5.23988
    endloop
  endfacet
  facet normal -1 -0 0
    outer loop
      vertex 65.1 3.77788 -4.34601
      vertex 65.1 3.33342 -5.01118
      vertex 65.1 3.4 -4.11103
    endloop
  endfacet
  facet normal -1 0 0
    outer loop
      vertex 65.1 3 -4.80385
      vertex 65.1 3.4 -4.11103
      vertex 65.1 3.33342 -5.01118
    endloop
  endfacet
  facet normal -1 -0 0
    outer loop
      vertex 65.1 3.4 -4.11103
      vertex 65.1 3 -4.80385
      vertex 65.1 3.00756 -3.90127
    endloop
  endfacet
  facet normal -1 0 0
    outer loop
      vertex 65.1 2.65373 -4.61876
      vertex 65.1 3.00756 -3.90127
      vertex 65.1 3 -4.80385
    endloop
  endfacet
  facet normal -1 0 0
    outer loop
      vertex 65.1 2.65373 -4.61876
      vertex 65.1 2.60225 -3.71762
      vertex 65.1 3.00756 -3.90127
    endloop
  endfacet
  facet normal -1 0 0
    outer loop
      vertex 65.1 2.2961 -4.45672
      vertex 65.1 2.60225 -3.71762
      vertex 65.1 2.65373 -4.61876
    endloop
  endfacet
  facet normal -1 0 0
    outer loop
      vertex 65.1 2.2961 -4.45672
      vertex 65.1 2.18579 -3.56088
      vertex 65.1 2.60225 -3.71762
    endloop
  endfacet
  facet normal -1 0 0
    outer loop
      vertex 65.1 1.92864 -4.31842
      vertex 65.1 2.18579 -3.56088
      vertex 65.1 2.2961 -4.45672
    endloop
  endfacet
  facet normal -1 0 0
    outer loop
      vertex 65.1 1.92864 -4.31842
      vertex 65.1 1.75997 -3.4317
      vertex 65.1 2.18579 -3.56088
    endloop
  endfacet
  facet normal -1 0 0
    outer loop
      vertex 65.1 1.55291 -4.20445
      vertex 65.1 1.75997 -3.4317
      vertex 65.1 1.92864 -4.31842
    endloop
  endfacet
  facet normal -1 0 0
    outer loop
      vertex 65.1 1.55291 -4.20445
      vertex 65.1 1.32661 -3.33066
      vertex 65.1 1.75997 -3.4317
    endloop
  endfacet
  facet normal -1 0 0
    outer loop
      vertex 65.1 1.17054 -4.11529
      vertex 65.1 1.32661 -3.33066
      vertex 65.1 1.55291 -4.20445
    endloop
  endfacet
  facet normal -1 0 0
    outer loop
      vertex 65.1 1.17054 -4.11529
      vertex 65.1 0.887578 -3.25818
      vertex 65.1 1.32661 -3.33066
    endloop
  endfacet
  facet normal -1 0 0
    outer loop
      vertex 65.1 0.783156 -4.05133
      vertex 65.1 0.887578 -3.25818
      vertex 65.1 1.17054 -4.11529
    endloop
  endfacet
  facet normal -1 0 0
    outer loop
      vertex 65.1 0.783156 -4.05133
      vertex 65.1 0.444741 -3.21456
      vertex 65.1 0.887578 -3.25818
    endloop
  endfacet
  facet normal -1 0 0
    outer loop
      vertex 65.1 0.392418 -4.01285
      vertex 65.1 0.444741 -3.21456
      vertex 65.1 0.783156 -4.05133
    endloop
  endfacet
  facet normal -1 0 0
    outer loop
      vertex 65.1 0 -4
      vertex 65.1 0.444741 -3.21456
      vertex 65.1 0.392418 -4.01285
    endloop
  endfacet
  facet normal -1 0 0
    outer loop
      vertex 65.1 0 -4
      vertex 65.1 0 -3.2
      vertex 65.1 0.444741 -3.21456
    endloop
  endfacet
  facet normal -1 0 0
    outer loop
      vertex 65.1 -0.392418 -4.01285
      vertex 65.1 0 -3.2
      vertex 65.1 0 -4
    endloop
  endfacet
  facet normal -1 0 0
    outer loop
      vertex 65.1 -0.392418 -4.01285
      vertex 65.1 -0.444741 -3.21456
      vertex 65.1 0 -3.2
    endloop
  endfacet
  facet normal -1 0 0
    outer loop
      vertex 65.1 -0.783156 -4.05133
      vertex 65.1 -0.444741 -3.21456
      vertex 65.1 -0.392418 -4.01285
    endloop
  endfacet
  facet normal -1 0 0
    outer loop
      vertex 65.1 -0.783156 -4.05133
      vertex 65.1 -0.887578 -3.25818
      vertex 65.1 -0.444741 -3.21456
    endloop
  endfacet
  facet normal -1 0 0
    outer loop
      vertex 65.1 -1.17054 -4.11529
      vertex 65.1 -0.887578 -3.25818
      vertex 65.1 -0.783156 -4.05133
    endloop
  endfacet
  facet normal -1 0 0
    outer loop
      vertex 65.1 -1.17054 -4.11529
      vertex 65.1 -1.32661 -3.33066
      vertex 65.1 -0.887578 -3.25818
    endloop
  endfacet
  facet normal -1 0 0
    outer loop
      vertex 65.1 -1.55291 -4.20445
      vertex 65.1 -1.32661 -3.33066
      vertex 65.1 -1.17054 -4.11529
    endloop
  endfacet
  facet normal -1 0 0
    outer loop
      vertex 65.1 -1.55291 -4.20445
      vertex 65.1 -1.75997 -3.4317
      vertex 65.1 -1.32661 -3.33066
    endloop
  endfacet
  facet normal -1 0 0
    outer loop
      vertex 65.1 -1.92864 -4.31842
      vertex 65.1 -1.75997 -3.4317
      vertex 65.1 -1.55291 -4.20445
    endloop
  endfacet
  facet normal -1 0 0
    outer loop
      vertex 65.1 -1.92864 -4.31842
      vertex 65.1 -2.18579 -3.56088
      vertex 65.1 -1.75997 -3.4317
    endloop
  endfacet
  facet normal -1 0 0
    outer loop
      vertex 65.1 -2.2961 -4.45672
      vertex 65.1 -2.18579 -3.56088
      vertex 65.1 -1.92864 -4.31842
    endloop
  endfacet
  facet normal -1 0 0
    outer loop
      vertex 65.1 -2.2961 -4.45672
      vertex 65.1 -2.60225 -3.71762
      vertex 65.1 -2.18579 -3.56088
    endloop
  endfacet
  facet normal -1 0 0
    outer loop
      vertex 65.1 -2.65373 -4.61876
      vertex 65.1 -2.60225 -3.71762
      vertex 65.1 -2.2961 -4.45672
    endloop
  endfacet
  facet normal -1 0 0
    outer loop
      vertex 65.1 -3.00756 -3.90127
      vertex 65.1 -2.65373 -4.61876
      vertex 65.1 -3 -4.80385
    endloop
  endfacet
  facet normal -1 0 0
    outer loop
      vertex 65.1 -2.65373 -4.61876
      vertex 65.1 -3.00756 -3.90127
      vertex 65.1 -2.60225 -3.71762
    endloop
  endfacet
  facet normal -1 0 0
    outer loop
      vertex 65.1 -3.4 -4.11103
      vertex 65.1 -3 -4.80385
      vertex 65.1 -3.33342 -5.01118
    endloop
  endfacet
  facet normal -1 0 0
    outer loop
      vertex 65.1 -3 -4.80385
      vertex 65.1 -3.4 -4.11103
      vertex 65.1 -3.00756 -3.90127
    endloop
  endfacet
  facet normal -1 0 0
    outer loop
      vertex 65.1 -3.77788 -4.34601
      vertex 65.1 -3.33342 -5.01118
      vertex 65.1 -3.65257 -5.23988
    endloop
  endfacet
  facet normal -1 0 0
    outer loop
      vertex 65.1 -3.33342 -5.01118
      vertex 65.1 -3.77788 -4.34601
      vertex 65.1 -3.4 -4.11103
    endloop
  endfacet
  facet normal -1 0 0
    outer loop
      vertex 65.1 -4.13958 -4.6052
      vertex 65.1 -3.65257 -5.23988
      vertex 65.1 -3.95607 -5.48896
    endloop
  endfacet
  facet normal -1 0 0
    outer loop
      vertex 65.1 -3.65257 -5.23988
      vertex 65.1 -4.13958 -4.6052
      vertex 65.1 -3.77788 -4.34601
    endloop
  endfacet
  facet normal -1 0 0
    outer loop
      vertex 65.1 -4.48355 -4.88749
      vertex 65.1 -3.95607 -5.48896
      vertex 65.1 -4.24264 -5.75736
    endloop
  endfacet
  facet normal -1 0 0
    outer loop
      vertex 65.1 -3.95607 -5.48896
      vertex 65.1 -4.48355 -4.88749
      vertex 65.1 -4.13958 -4.6052
    endloop
  endfacet
  facet normal -1 0 0
    outer loop
      vertex 65.1 -4.80833 -5.19167
      vertex 65.1 -4.24264 -5.75736
      vertex 65.1 -4.51104 -6.04393
    endloop
  endfacet
  facet normal -1 0 0
    outer loop
      vertex 65.1 -5.11251 -5.51645
      vertex 65.1 -4.51104 -6.04393
      vertex 65.1 -4.76012 -6.34743
    endloop
  endfacet
  facet normal -1 0 0
    outer loop
      vertex 65.1 -4.24264 -5.75736
      vertex 65.1 -4.80833 -5.19167
      vertex 65.1 -4.48355 -4.88749
    endloop
  endfacet
  facet normal -1 0 0
    outer loop
      vertex 65.1 -5.3948 -5.86042
      vertex 65.1 -4.76012 -6.34743
      vertex 65.1 -4.98882 -6.66658
    endloop
  endfacet
  facet normal -1 0 0
    outer loop
      vertex 65.1 -4.51104 -6.04393
      vertex 65.1 -5.11251 -5.51645
      vertex 65.1 -4.80833 -5.19167
    endloop
  endfacet
  facet normal -1 0 0
    outer loop
      vertex 65.1 -5.65399 -6.22212
      vertex 65.1 -4.98882 -6.66658
      vertex 65.1 -5.19615 -7
    endloop
  endfacet
  facet normal -1 0 0
    outer loop
      vertex 65.1 -5.88897 -6.6
      vertex 65.1 -5.19615 -7
      vertex 65.1 -5.38124 -7.34627
    endloop
  endfacet
  facet normal -1 0 0
    outer loop
      vertex 65.1 -4.76012 -6.34743
      vertex 65.1 -5.3948 -5.86042
      vertex 65.1 -5.11251 -5.51645
    endloop
  endfacet
  facet normal -1 0 0
    outer loop
      vertex 65.1 -6.09873 -6.99244
      vertex 65.1 -5.38124 -7.34627
      vertex 65.1 -5.54328 -7.7039
    endloop
  endfacet
  facet normal -1 0 0
    outer loop
      vertex 65.1 -4.98882 -6.66658
      vertex 65.1 -5.65399 -6.22212
      vertex 65.1 -5.3948 -5.86042
    endloop
  endfacet
  facet normal -1 0 0
    outer loop
      vertex 65.1 -6.28238 -7.39775
      vertex 65.1 -5.54328 -7.7039
      vertex 65.1 -5.68158 -8.07136
    endloop
  endfacet
  facet normal -1 0 0
    outer loop
      vertex 65.1 -6.43912 -7.81421
      vertex 65.1 -5.68158 -8.07136
      vertex 65.1 -5.79555 -8.44709
    endloop
  endfacet
  facet normal -1 0 0
    outer loop
      vertex 65.1 -6.5683 -8.24003
      vertex 65.1 -5.79555 -8.44709
      vertex 65.1 -5.88471 -8.82946
    endloop
  endfacet
  facet normal -1 0 0
    outer loop
      vertex 65.1 -5.19615 -7
      vertex 65.1 -5.88897 -6.6
      vertex 65.1 -5.65399 -6.22212
    endloop
  endfacet
  facet normal -1 0 0
    outer loop
      vertex 65.1 -6.66934 -8.67339
      vertex 65.1 -5.88471 -8.82946
      vertex 65.1 -5.94867 -9.21684
    endloop
  endfacet
  facet normal -1 0 0
    outer loop
      vertex 65.1 -6.74182 -9.11242
      vertex 65.1 -5.94867 -9.21684
      vertex 65.1 -5.98715 -9.60758
    endloop
  endfacet
  facet normal -1 0 0
    outer loop
      vertex 65.1 -6.78544 -9.55526
      vertex 65.1 -5.98715 -9.60758
      vertex 65.1 -6 -10
    endloop
  endfacet
  facet normal -1 0 0
    outer loop
      vertex 65.1 -6.66934 -11.3266
      vertex 65.1 -5.88471 -11.1705
      vertex 65.1 -6.5683 -11.76
    endloop
  endfacet
  facet normal -1 0 0
    outer loop
      vertex 65.1 -5.38124 -7.34627
      vertex 65.1 -6.09873 -6.99244
      vertex 65.1 -5.88897 -6.6
    endloop
  endfacet
  facet normal -1 -0 0
    outer loop
      vertex 65.1 -5.88471 -11.1705
      vertex 65.1 -6.66934 -11.3266
      vertex 65.1 -5.94867 -10.7832
    endloop
  endfacet
  facet normal -1 0 0
    outer loop
      vertex 65.1 -5.54328 -7.7039
      vertex 65.1 -6.28238 -7.39775
      vertex 65.1 -6.09873 -6.99244
    endloop
  endfacet
  facet normal -1 0 0
    outer loop
      vertex 65.1 -6.74182 -10.8876
      vertex 65.1 -5.94867 -10.7832
      vertex 65.1 -6.66934 -11.3266
    endloop
  endfacet
  facet normal -1 0 0
    outer loop
      vertex 65.1 -5.68158 -8.07136
      vertex 65.1 -6.43912 -7.81421
      vertex 65.1 -6.28238 -7.39775
    endloop
  endfacet
  facet normal -1 -0 0
    outer loop
      vertex 65.1 -5.94867 -10.7832
      vertex 65.1 -6.74182 -10.8876
      vertex 65.1 -5.98715 -10.3924
    endloop
  endfacet
  facet normal -1 0 0
    outer loop
      vertex 65.1 -5.79555 -8.44709
      vertex 65.1 -6.5683 -8.24003
      vertex 65.1 -6.43912 -7.81421
    endloop
  endfacet
  facet normal -1 0 0
    outer loop
      vertex 65.1 -6.78544 -10.4447
      vertex 65.1 -5.98715 -10.3924
      vertex 65.1 -6.74182 -10.8876
    endloop
  endfacet
  facet normal -1 0 0
    outer loop
      vertex 65.1 -5.88471 -8.82946
      vertex 65.1 -6.66934 -8.67339
      vertex 65.1 -6.5683 -8.24003
    endloop
  endfacet
  facet normal -1 -0 0
    outer loop
      vertex 65.1 -5.98715 -10.3924
      vertex 65.1 -6.78544 -10.4447
      vertex 65.1 -6 -10
    endloop
  endfacet
  facet normal -1 0 0
    outer loop
      vertex 65.1 -5.94867 -9.21684
      vertex 65.1 -6.74182 -9.11242
      vertex 65.1 -6.66934 -8.67339
    endloop
  endfacet
  facet normal -1 0 0
    outer loop
      vertex 65.1 -6.8 -10
      vertex 65.1 -6 -10
      vertex 65.1 -6.78544 -10.4447
    endloop
  endfacet
  facet normal -1 0 0
    outer loop
      vertex 65.1 -5.98715 -9.60758
      vertex 65.1 -6.78544 -9.55526
      vertex 65.1 -6.74182 -9.11242
    endloop
  endfacet
  facet normal -1 0 0
    outer loop
      vertex 65.1 -6 -10
      vertex 65.1 -6.8 -10
      vertex 65.1 -6.78544 -9.55526
    endloop
  endfacet
  facet normal 0.164313 -0.407065 -0.898499
    outer loop
      vertex 69.9 -2.57267 -15.418
      vertex 65.1 -2.60225 -16.2824
      vertex 69.9 -2.2961 -15.5433
    endloop
  endfacet
  facet normal 0.164288 -0.719645 -0.674626
    outer loop
      vertex 65.1 -5.11251 -14.4836
      vertex 69.9 -4.24264 -14.2426
      vertex 69.9 -4.30348 -14.1777
    endloop
  endfacet
  facet normal 0.164317 -0.719871 -0.674378
    outer loop
      vertex 69.9 -4.24264 -14.2426
      vertex 65.1 -5.11251 -14.4836
      vertex 65.1 -4.80833 -14.8083
    endloop
  endfacet
  facet normal 0.164316 -0.719929 -0.674316
    outer loop
      vertex 69.9 -4.51104 -13.9561
      vertex 65.1 -5.11251 -14.4836
      vertex 69.9 -4.30348 -14.1777
    endloop
  endfacet
  facet normal 0.164308 0.160807 -0.973213
    outer loop
      vertex 69.9 0.870964 -15.9342
      vertex 65.1 1.32661 -16.6693
      vertex 69.9 1.17054 -15.8847
    endloop
  endfacet
  facet normal 0.164313 0.286357 0.943928
    outer loop
      vertex 65.1 1.75997 -3.4317
      vertex 69.9 1.92864 -4.31842
      vertex 65.1 2.18579 -3.56088
    endloop
  endfacet
  facet normal 0.16432 0.286278 0.943951
    outer loop
      vertex 69.9 1.92864 -4.31842
      vertex 65.1 1.75997 -3.4317
      vertex 69.9 1.84347 -4.29259
    endloop
  endfacet
  facet normal 0.164314 0.98588 -0.0322888
    outer loop
      vertex 69.9 5.98715 -10.3924
      vertex 65.1 6.78544 -10.4447
      vertex 69.9 5.99709 -10.0889
    endloop
  endfacet
  facet normal 0.164313 0.98588 -0.0322712
    outer loop
      vertex 69.9 5.99709 -10.0889
      vertex 65.1 6.8 -10
      vertex 69.9 6 -10
    endloop
  endfacet
  facet normal 0.164313 0.98588 -0.0322789
    outer loop
      vertex 65.1 6.8 -10
      vertex 69.9 5.99709 -10.0889
      vertex 65.1 6.78544 -10.4447
    endloop
  endfacet
  facet normal 0.164313 0.923189 0.347454
    outer loop
      vertex 69.9 5.65023 -7.98807
      vertex 65.1 6.43912 -7.81421
      vertex 65.1 6.28238 -7.39775
    endloop
  endfacet
  facet normal 0.164312 0.923179 0.34748
    outer loop
      vertex 65.1 6.43912 -7.81421
      vertex 69.9 5.65023 -7.98807
      vertex 69.9 5.68158 -8.07136
    endloop
  endfacet
  facet normal 0.164312 -0.981662 0.0966478
    outer loop
      vertex 65.1 -6.74182 -9.11242
      vertex 69.9 -5.95739 -9.30541
      vertex 69.9 -5.94867 -9.21684
    endloop
  endfacet
  facet normal 0.164313 -0.981658 0.0966938
    outer loop
      vertex 69.9 -5.95739 -9.30541
      vertex 65.1 -6.74182 -9.11242
      vertex 65.1 -6.78544 -9.55526
    endloop
  endfacet
  facet normal 0.164315 -0.943934 0.286338
    outer loop
      vertex 69.9 -5.70741 -8.15653
      vertex 65.1 -6.5683 -8.24003
      vertex 69.9 -5.79555 -8.44709
    endloop
  endfacet
  facet normal 0.164314 -0.837765 -0.520722
    outer loop
      vertex 69.9 -5.19615 -13
      vertex 65.1 -5.88897 -13.4
      vertex 69.9 -5.14916 -13.0756
    endloop
  endfacet
  facet normal 0.16431 -0.837674 -0.520869
    outer loop
      vertex 69.9 -5.14916 -13.0756
      vertex 65.1 -5.88897 -13.4
      vertex 65.1 -5.65399 -13.7779
    endloop
  endfacet
  facet normal 0.164318 -0.869936 -0.464984
    outer loop
      vertex 69.9 -5.38124 -12.6537
      vertex 65.1 -6.09873 -13.0076
      vertex 69.9 -5.2381 -12.9215
    endloop
  endfacet
  facet normal 0.164313 0.347454 0.923189
    outer loop
      vertex 65.1 2.18579 -3.56088
      vertex 69.9 2.01193 -4.34977
      vertex 65.1 2.60225 -3.71762
    endloop
  endfacet
  facet normal 0.164312 0.34748 0.923179
    outer loop
      vertex 69.9 2.01193 -4.34977
      vertex 65.1 2.18579 -3.56088
      vertex 69.9 1.92864 -4.31842
    endloop
  endfacet
  facet normal 0.164313 0.407065 -0.898499
    outer loop
      vertex 69.9 2.2961 -15.5433
      vertex 65.1 2.60225 -16.2824
      vertex 69.9 2.57267 -15.418
    endloop
  endfacet
  facet normal 0.164314 -0.160681 0.973233
    outer loop
      vertex 69.9 -0.870964 -4.06583
      vertex 65.1 -1.32661 -3.33066
      vertex 69.9 -1.17054 -4.11529
    endloop
  endfacet
  facet normal 0.164317 -0.801789 -0.574572
    outer loop
      vertex 69.9 -4.98882 -13.3334
      vertex 65.1 -5.65399 -13.7779
      vertex 69.9 -4.81196 -13.5802
    endloop
  endfacet
  facet normal 0.164313 0.625768 0.762506
    outer loop
      vertex 69.9 3.72136 -5.29634
      vertex 69.9 3.95607 -5.48896
      vertex 65.1 4.48355 -4.88749
    endloop
  endfacet
  facet normal 0.164315 -0.223997 0.960638
    outer loop
      vertex 65.1 -1.75997 -3.4317
      vertex 69.9 -1.55291 -4.20445
      vertex 69.9 -1.25721 -4.1355
    endloop
  endfacet
  facet normal 0.164314 -0.224004 0.960637
    outer loop
      vertex 65.1 -1.32661 -3.33066
      vertex 69.9 -1.25721 -4.1355
      vertex 69.9 -1.17054 -4.11529
    endloop
  endfacet
  facet normal 0.164314 -0.223979 0.960643
    outer loop
      vertex 69.9 -1.25721 -4.1355
      vertex 65.1 -1.32661 -3.33066
      vertex 65.1 -1.75997 -3.4317
    endloop
  endfacet
  facet normal 0.164313 -0.347451 0.92319
    outer loop
      vertex 65.1 -2.60225 -3.71762
      vertex 69.9 -2.2961 -4.45672
      vertex 69.9 -2.01193 -4.34977
    endloop
  endfacet
  facet normal 0.164312 -0.160714 0.973228
    outer loop
      vertex 65.1 -0.887578 -3.25818
      vertex 69.9 -0.870964 -4.06583
      vertex 69.9 -0.783157 -4.05133
    endloop
  endfacet
  facet normal 0.164313 -0.160672 0.973235
    outer loop
      vertex 69.9 -0.870964 -4.06583
      vertex 65.1 -0.887578 -3.25818
      vertex 65.1 -1.32661 -3.33066
    endloop
  endfacet
  facet normal 0.164313 0.574558 0.801801
    outer loop
      vertex 69.9 3.58023 -5.18804
      vertex 65.1 3.77788 -4.34601
      vertex 69.9 3.33342 -5.01118
    endloop
  endfacet
  facet normal 0.164315 -0.960638 0.223997
    outer loop
      vertex 69.9 -5.79555 -8.44709
      vertex 65.1 -6.5683 -8.24003
      vertex 69.9 -5.8645 -8.74279
    endloop
  endfacet
  facet normal 0.164317 -0.837616 -0.52096
    outer loop
      vertex 69.9 -5.14916 -13.0756
      vertex 65.1 -5.65399 -13.7779
      vertex 69.9 -4.98882 -13.3334
    endloop
  endfacet
  facet normal 0.16432 -0.286278 0.943951
    outer loop
      vertex 65.1 -1.75997 -3.4317
      vertex 69.9 -1.92864 -4.31842
      vertex 69.9 -1.84347 -4.29259
    endloop
  endfacet
  facet normal 0.164313 -0.286357 0.943928
    outer loop
      vertex 69.9 -1.92864 -4.31842
      vertex 65.1 -1.75997 -3.4317
      vertex 65.1 -2.18579 -3.56088
    endloop
  endfacet
  facet normal 0.164311 -0.973226 -0.160726
    outer loop
      vertex 65.1 -6.74182 -10.8876
      vertex 69.9 -5.93417 -10.871
      vertex 69.9 -5.94867 -10.7832
    endloop
  endfacet
  facet normal 0.164312 -0.973233 -0.160683
    outer loop
      vertex 69.9 -5.93417 -10.871
      vertex 65.1 -6.74182 -10.8876
      vertex 65.1 -6.66934 -11.3266
    endloop
  endfacet
  facet normal 0.164313 -0.943928 0.286357
    outer loop
      vertex 65.1 -6.5683 -8.24003
      vertex 69.9 -5.68158 -8.07136
      vertex 65.1 -6.43912 -7.81421
    endloop
  endfacet
  facet normal 0.16432 -0.943951 0.286278
    outer loop
      vertex 69.9 -5.68158 -8.07136
      vertex 65.1 -6.5683 -8.24003
      vertex 69.9 -5.70741 -8.15653
    endloop
  endfacet
  facet normal 0.164314 -0.985879 0.032292
    outer loop
      vertex 69.9 -5.98715 -9.60758
      vertex 65.1 -6.78544 -9.55526
      vertex 69.9 -5.99709 -9.91105
    endloop
  endfacet
  facet normal 0.164314 0.981659 0.0966812
    outer loop
      vertex 69.9 5.98715 -9.60758
      vertex 65.1 6.78544 -9.55526
      vertex 69.9 5.95739 -9.30541
    endloop
  endfacet
  facet normal 0.164313 -0.973235 0.160672
    outer loop
      vertex 65.1 -6.74182 -9.11242
      vertex 69.9 -5.93417 -9.12904
      vertex 65.1 -6.66934 -8.67339
    endloop
  endfacet
  facet normal 0.164312 -0.973226 0.160726
    outer loop
      vertex 69.9 -5.93417 -9.12904
      vertex 65.1 -6.74182 -9.11242
      vertex 69.9 -5.94867 -9.21684
    endloop
  endfacet
  facet normal 0.164313 0.92319 0.347451
    outer loop
      vertex 65.1 6.28238 -7.39775
      vertex 69.9 5.54328 -7.7039
      vertex 69.9 5.65023 -7.98807
    endloop
  endfacet
  facet normal 0.164313 0.898474 0.407119
    outer loop
      vertex 69.9 5.54328 -7.7039
      vertex 65.1 6.28238 -7.39775
      vertex 69.9 5.41796 -7.42733
    endloop
  endfacet
  facet normal 0.164314 -0.981659 0.0966812
    outer loop
      vertex 69.9 -5.95739 -9.30541
      vertex 65.1 -6.78544 -9.55526
      vertex 69.9 -5.98715 -9.60758
    endloop
  endfacet
  facet normal 0.164305 -0.943888 -0.286494
    outer loop
      vertex 65.1 -6.5683 -11.76
      vertex 69.9 -5.68158 -11.9286
      vertex 69.9 -5.70741 -11.8435
    endloop
  endfacet
  facet normal 0.164316 -0.943924 -0.286369
    outer loop
      vertex 69.9 -5.68158 -11.9286
      vertex 65.1 -6.5683 -11.76
      vertex 65.1 -6.43912 -12.1858
    endloop
  endfacet
  facet normal 0.164312 0.981662 0.0966478
    outer loop
      vertex 69.9 5.95739 -9.30541
      vertex 65.1 6.74182 -9.11242
      vertex 69.9 5.94867 -9.21684
    endloop
  endfacet
  facet normal 0.164313 0.981658 0.0966938
    outer loop
      vertex 65.1 6.74182 -9.11242
      vertex 69.9 5.95739 -9.30541
      vertex 65.1 6.78544 -9.55526
    endloop
  endfacet
  facet normal 0.164313 0.973235 0.160672
    outer loop
      vertex 69.9 5.93417 -9.12904
      vertex 65.1 6.74182 -9.11242
      vertex 65.1 6.66934 -8.67339
    endloop
  endfacet
  facet normal 0.164312 0.973226 0.160726
    outer loop
      vertex 65.1 6.74182 -9.11242
      vertex 69.9 5.93417 -9.12904
      vertex 69.9 5.94867 -9.21684
    endloop
  endfacet
  facet normal 0.164314 0.0321429 -0.985884
    outer loop
      vertex 59.1 0 -16.8
      vertex 63.9 0.0889485 -15.9971
      vertex 63.9 0 -16
    endloop
  endfacet
  facet normal 0.164309 0.0323645 -0.985878
    outer loop
      vertex 63.9 0.0889485 -15.9971
      vertex 59.1 0 -16.8
      vertex 59.1 0.444741 -16.7854
    endloop
  endfacet
  facet normal 0.164313 -0.92319 0.347451
    outer loop
      vertex 63.9 -5.54328 -7.7039
      vertex 59.1 -6.28238 -7.39775
      vertex 63.9 -5.65023 -7.98807
    endloop
  endfacet
  facet normal 0.164309 -0.0323645 -0.985878
    outer loop
      vertex 59.1 0 -16.8
      vertex 63.9 -0.0889485 -15.9971
      vertex 59.1 -0.444741 -16.7854
    endloop
  endfacet
  facet normal 0.164314 -0.0321429 -0.985884
    outer loop
      vertex 63.9 -0.0889485 -15.9971
      vertex 59.1 0 -16.8
      vertex 63.9 0 -16
    endloop
  endfacet
  facet normal 0.164313 0.520871 0.837672
    outer loop
      vertex 59.1 3.4 -4.11103
      vertex 63.9 3 -4.80385
      vertex 63.9 3.07557 -4.85084
    endloop
  endfacet
  facet normal 0.164313 0.520889 0.837661
    outer loop
      vertex 59.1 3.4 -4.11103
      vertex 63.9 3.07557 -4.85084
      vertex 59.1 3.77788 -4.34601
    endloop
  endfacet
  facet normal 0.164314 0.71996 0.674284
    outer loop
      vertex 63.9 4.51104 -6.04393
      vertex 59.1 5.11251 -5.51645
      vertex 63.9 4.30348 -5.82231
    endloop
  endfacet
  facet normal 0.164308 0.160807 -0.973213
    outer loop
      vertex 63.9 0.870964 -15.9342
      vertex 59.1 1.32661 -16.6693
      vertex 63.9 1.17054 -15.8847
    endloop
  endfacet
  facet normal 0.164315 0.719954 0.674289
    outer loop
      vertex 63.9 4.24264 -5.75736
      vertex 59.1 5.11251 -5.51645
      vertex 59.1 4.80833 -5.19167
    endloop
  endfacet
  facet normal 0.164308 0.719902 0.674347
    outer loop
      vertex 59.1 5.11251 -5.51645
      vertex 63.9 4.24264 -5.75736
      vertex 63.9 4.30348 -5.82231
    endloop
  endfacet
  facet normal 0.164309 0.923202 -0.347419
    outer loop
      vertex 63.9 5.54328 -12.2961
      vertex 59.1 6.28238 -12.6022
      vertex 63.9 5.65023 -12.0119
    endloop
  endfacet
  facet normal 0.164315 -0.719954 0.674289
    outer loop
      vertex 59.1 -5.11251 -5.51645
      vertex 63.9 -4.24264 -5.75736
      vertex 59.1 -4.80833 -5.19167
    endloop
  endfacet
  facet normal 0.164308 -0.719902 0.674347
    outer loop
      vertex 63.9 -4.24264 -5.75736
      vertex 59.1 -5.11251 -5.51645
      vertex 63.9 -4.30348 -5.82231
    endloop
  endfacet
  facet normal 0.164313 -0.837661 0.520889
    outer loop
      vertex 59.1 -5.88897 -6.6
      vertex 63.9 -5.14916 -6.92443
      vertex 59.1 -5.65399 -6.22212
    endloop
  endfacet
  facet normal 0.164313 -0.837672 0.520871
    outer loop
      vertex 59.1 -5.88897 -6.6
      vertex 63.9 -5.19615 -7
      vertex 63.9 -5.14916 -6.92443
    endloop
  endfacet
  facet normal 0.164319 -0.67418 -0.720056
    outer loop
      vertex 63.9 -4.17769 -14.3035
      vertex 59.1 -4.48355 -15.1125
      vertex 63.9 -3.95607 -14.511
    endloop
  endfacet
  facet normal 0.164314 -0.407201 -0.898436
    outer loop
      vertex 59.1 -2.60225 -16.2824
      vertex 63.9 -2.65373 -15.3812
      vertex 59.1 -3.00756 -16.0987
    endloop
  endfacet
  facet normal 0.164262 -0.407765 -0.89819
    outer loop
      vertex 63.9 -2.65373 -15.3812
      vertex 59.1 -2.60225 -16.2824
      vertex 63.9 -2.57267 -15.418
    endloop
  endfacet
  facet normal 0.164313 0.574558 0.801801
    outer loop
      vertex 63.9 3.58023 -5.18804
      vertex 59.1 3.77788 -4.34601
      vertex 63.9 3.33342 -5.01118
    endloop
  endfacet
  facet normal 0.164313 0.407119 0.898474
    outer loop
      vertex 63.9 2.57267 -4.58204
      vertex 59.1 2.60225 -3.71762
      vertex 63.9 2.2961 -4.45672
    endloop
  endfacet
  facet normal 0.164308 0.2239 -0.960662
    outer loop
      vertex 63.9 1.17054 -15.8847
      vertex 59.1 1.32661 -16.6693
      vertex 63.9 1.25721 -15.8645
    endloop
  endfacet
  facet normal 0.164308 0.223895 -0.960663
    outer loop
      vertex 63.9 1.25721 -15.8645
      vertex 59.1 1.32661 -16.6693
      vertex 59.1 1.75997 -16.5683
    endloop
  endfacet
  facet normal -1 0 0
    outer loop
      vertex 59.1 6 -10
      vertex 59.1 6.8 -10
      vertex 59.1 6.78544 -10.4447
    endloop
  endfacet
  facet normal -1 0 0
    outer loop
      vertex 59.1 5.98715 -10.3924
      vertex 59.1 6.78544 -10.4447
      vertex 59.1 6.74182 -10.8876
    endloop
  endfacet
  facet normal -1 0 0
    outer loop
      vertex 59.1 6.8 -10
      vertex 59.1 6 -10
      vertex 59.1 6.78544 -9.55526
    endloop
  endfacet
  facet normal -1 0 0
    outer loop
      vertex 59.1 5.94867 -10.7832
      vertex 59.1 6.74182 -10.8876
      vertex 59.1 6.66934 -11.3266
    endloop
  endfacet
  facet normal -1 0 0
    outer loop
      vertex 59.1 5.98715 -9.60758
      vertex 59.1 6.78544 -9.55526
      vertex 59.1 6 -10
    endloop
  endfacet
  facet normal -1 0 0
    outer loop
      vertex 59.1 5.88471 -11.1705
      vertex 59.1 6.66934 -11.3266
      vertex 59.1 6.5683 -11.76
    endloop
  endfacet
  facet normal -1 -0 0
    outer loop
      vertex 59.1 6.78544 -9.55526
      vertex 59.1 5.98715 -9.60758
      vertex 59.1 6.74182 -9.11242
    endloop
  endfacet
  facet normal -1 0 0
    outer loop
      vertex 59.1 5.79555 -11.5529
      vertex 59.1 6.5683 -11.76
      vertex 59.1 6.43912 -12.1858
    endloop
  endfacet
  facet normal -1 0 0
    outer loop
      vertex 59.1 5.94867 -9.21684
      vertex 59.1 6.74182 -9.11242
      vertex 59.1 5.98715 -9.60758
    endloop
  endfacet
  facet normal -1 0 0
    outer loop
      vertex 59.1 5.68158 -11.9286
      vertex 59.1 6.43912 -12.1858
      vertex 59.1 6.28238 -12.6022
    endloop
  endfacet
  facet normal -1 -0 0
    outer loop
      vertex 59.1 6.74182 -9.11242
      vertex 59.1 5.94867 -9.21684
      vertex 59.1 6.66934 -8.67339
    endloop
  endfacet
  facet normal -1 0 0
    outer loop
      vertex 59.1 5.54328 -12.2961
      vertex 59.1 6.28238 -12.6022
      vertex 59.1 6.09873 -13.0076
    endloop
  endfacet
  facet normal -1 0 0
    outer loop
      vertex 59.1 5.88471 -8.82946
      vertex 59.1 6.66934 -8.67339
      vertex 59.1 5.94867 -9.21684
    endloop
  endfacet
  facet normal -1 -0 0
    outer loop
      vertex 59.1 6.66934 -8.67339
      vertex 59.1 5.88471 -8.82946
      vertex 59.1 6.5683 -8.24003
    endloop
  endfacet
  facet normal -1 0 0
    outer loop
      vertex 59.1 6.78544 -10.4447
      vertex 59.1 5.98715 -10.3924
      vertex 59.1 6 -10
    endloop
  endfacet
  facet normal -1 0 0
    outer loop
      vertex 59.1 6.74182 -10.8876
      vertex 59.1 5.94867 -10.7832
      vertex 59.1 5.98715 -10.3924
    endloop
  endfacet
  facet normal -1 0 0
    outer loop
      vertex 59.1 5.38124 -12.6537
      vertex 59.1 6.09873 -13.0076
      vertex 59.1 5.88897 -13.4
    endloop
  endfacet
  facet normal -1 0 0
    outer loop
      vertex 59.1 6.66934 -11.3266
      vertex 59.1 5.88471 -11.1705
      vertex 59.1 5.94867 -10.7832
    endloop
  endfacet
  facet normal -1 0 0
    outer loop
      vertex 59.1 6.5683 -11.76
      vertex 59.1 5.79555 -11.5529
      vertex 59.1 5.88471 -11.1705
    endloop
  endfacet
  facet normal -1 0 0
    outer loop
      vertex 59.1 6.43912 -12.1858
      vertex 59.1 5.68158 -11.9286
      vertex 59.1 5.79555 -11.5529
    endloop
  endfacet
  facet normal -1 0 0
    outer loop
      vertex 59.1 5.19615 -13
      vertex 59.1 5.88897 -13.4
      vertex 59.1 5.65399 -13.7779
    endloop
  endfacet
  facet normal -1 0 0
    outer loop
      vertex 59.1 6.28238 -12.6022
      vertex 59.1 5.54328 -12.2961
      vertex 59.1 5.68158 -11.9286
    endloop
  endfacet
  facet normal -1 0 0
    outer loop
      vertex 59.1 4.98882 -13.3334
      vertex 59.1 5.65399 -13.7779
      vertex 59.1 5.3948 -14.1396
    endloop
  endfacet
  facet normal -1 0 0
    outer loop
      vertex 59.1 6.09873 -13.0076
      vertex 59.1 5.38124 -12.6537
      vertex 59.1 5.54328 -12.2961
    endloop
  endfacet
  facet normal -1 0 0
    outer loop
      vertex 59.1 5.88897 -13.4
      vertex 59.1 5.19615 -13
      vertex 59.1 5.38124 -12.6537
    endloop
  endfacet
  facet normal -1 0 0
    outer loop
      vertex 59.1 4.76012 -13.6526
      vertex 59.1 5.3948 -14.1396
      vertex 59.1 5.11251 -14.4836
    endloop
  endfacet
  facet normal -1 0 0
    outer loop
      vertex 59.1 5.65399 -13.7779
      vertex 59.1 4.98882 -13.3334
      vertex 59.1 5.19615 -13
    endloop
  endfacet
  facet normal -1 0 0
    outer loop
      vertex 59.1 4.51104 -13.9561
      vertex 59.1 5.11251 -14.4836
      vertex 59.1 4.80833 -14.8083
    endloop
  endfacet
  facet normal -1 0 0
    outer loop
      vertex 59.1 5.3948 -14.1396
      vertex 59.1 4.76012 -13.6526
      vertex 59.1 4.98882 -13.3334
    endloop
  endfacet
  facet normal -1 0 0
    outer loop
      vertex 59.1 5.11251 -14.4836
      vertex 59.1 4.51104 -13.9561
      vertex 59.1 4.76012 -13.6526
    endloop
  endfacet
  facet normal -1 0 0
    outer loop
      vertex 59.1 4.24264 -14.2426
      vertex 59.1 4.80833 -14.8083
      vertex 59.1 4.48355 -15.1125
    endloop
  endfacet
  facet normal -1 0 0
    outer loop
      vertex 59.1 4.80833 -14.8083
      vertex 59.1 4.24264 -14.2426
      vertex 59.1 4.51104 -13.9561
    endloop
  endfacet
  facet normal -1 0 0
    outer loop
      vertex 59.1 3.95607 -14.511
      vertex 59.1 4.48355 -15.1125
      vertex 59.1 4.13958 -15.3948
    endloop
  endfacet
  facet normal -1 0 0
    outer loop
      vertex 59.1 4.48355 -15.1125
      vertex 59.1 3.95607 -14.511
      vertex 59.1 4.24264 -14.2426
    endloop
  endfacet
  facet normal -1 0 0
    outer loop
      vertex 59.1 3.65257 -14.7601
      vertex 59.1 4.13958 -15.3948
      vertex 59.1 3.77788 -15.654
    endloop
  endfacet
  facet normal -1 0 0
    outer loop
      vertex 59.1 4.13958 -15.3948
      vertex 59.1 3.65257 -14.7601
      vertex 59.1 3.95607 -14.511
    endloop
  endfacet
  facet normal -1 0 0
    outer loop
      vertex 59.1 3.33342 -14.9888
      vertex 59.1 3.77788 -15.654
      vertex 59.1 3.4 -15.889
    endloop
  endfacet
  facet normal -1 0 0
    outer loop
      vertex 59.1 3.77788 -15.654
      vertex 59.1 3.33342 -14.9888
      vertex 59.1 3.65257 -14.7601
    endloop
  endfacet
  facet normal -1 0 0
    outer loop
      vertex 59.1 3 -15.1962
      vertex 59.1 3.4 -15.889
      vertex 59.1 3.00756 -16.0987
    endloop
  endfacet
  facet normal -1 0 0
    outer loop
      vertex 59.1 3.4 -15.889
      vertex 59.1 3 -15.1962
      vertex 59.1 3.33342 -14.9888
    endloop
  endfacet
  facet normal -1 0 0
    outer loop
      vertex 59.1 3.00756 -16.0987
      vertex 59.1 2.65373 -15.3812
      vertex 59.1 3 -15.1962
    endloop
  endfacet
  facet normal -1 0 0
    outer loop
      vertex 59.1 2.60225 -16.2824
      vertex 59.1 2.65373 -15.3812
      vertex 59.1 3.00756 -16.0987
    endloop
  endfacet
  facet normal -1 0 0
    outer loop
      vertex 59.1 2.60225 -16.2824
      vertex 59.1 2.2961 -15.5433
      vertex 59.1 2.65373 -15.3812
    endloop
  endfacet
  facet normal -1 0 0
    outer loop
      vertex 59.1 2.18579 -16.4391
      vertex 59.1 2.2961 -15.5433
      vertex 59.1 2.60225 -16.2824
    endloop
  endfacet
  facet normal -1 0 0
    outer loop
      vertex 59.1 2.18579 -16.4391
      vertex 59.1 1.92864 -15.6816
      vertex 59.1 2.2961 -15.5433
    endloop
  endfacet
  facet normal -1 0 0
    outer loop
      vertex 59.1 1.75997 -16.5683
      vertex 59.1 1.92864 -15.6816
      vertex 59.1 2.18579 -16.4391
    endloop
  endfacet
  facet normal -1 0 0
    outer loop
      vertex 59.1 1.75997 -16.5683
      vertex 59.1 1.55291 -15.7956
      vertex 59.1 1.92864 -15.6816
    endloop
  endfacet
  facet normal -1 0 0
    outer loop
      vertex 59.1 1.32661 -16.6693
      vertex 59.1 1.55291 -15.7956
      vertex 59.1 1.75997 -16.5683
    endloop
  endfacet
  facet normal -1 0 0
    outer loop
      vertex 59.1 1.32661 -16.6693
      vertex 59.1 1.17054 -15.8847
      vertex 59.1 1.55291 -15.7956
    endloop
  endfacet
  facet normal -1 0 0
    outer loop
      vertex 59.1 0.887578 -16.7418
      vertex 59.1 1.17054 -15.8847
      vertex 59.1 1.32661 -16.6693
    endloop
  endfacet
  facet normal -1 0 0
    outer loop
      vertex 59.1 0.887578 -16.7418
      vertex 59.1 0.783156 -15.9487
      vertex 59.1 1.17054 -15.8847
    endloop
  endfacet
  facet normal -1 0 0
    outer loop
      vertex 59.1 0.444741 -16.7854
      vertex 59.1 0.783156 -15.9487
      vertex 59.1 0.887578 -16.7418
    endloop
  endfacet
  facet normal -1 0 0
    outer loop
      vertex 59.1 0.444741 -16.7854
      vertex 59.1 0.392418 -15.9872
      vertex 59.1 0.783156 -15.9487
    endloop
  endfacet
  facet normal -1 0 0
    outer loop
      vertex 59.1 0 -16.8
      vertex 59.1 0.392418 -15.9872
      vertex 59.1 0.444741 -16.7854
    endloop
  endfacet
  facet normal -1 0 0
    outer loop
      vertex 59.1 0 -16.8
      vertex 59.1 0 -16
      vertex 59.1 0.392418 -15.9872
    endloop
  endfacet
  facet normal -1 0 0
    outer loop
      vertex 59.1 0 -16.8
      vertex 59.1 -0.392418 -15.9872
      vertex 59.1 0 -16
    endloop
  endfacet
  facet normal -1 0 0
    outer loop
      vertex 59.1 -0.444741 -16.7854
      vertex 59.1 -0.392418 -15.9872
      vertex 59.1 0 -16.8
    endloop
  endfacet
  facet normal -1 0 0
    outer loop
      vertex 59.1 -0.444741 -16.7854
      vertex 59.1 -0.783156 -15.9487
      vertex 59.1 -0.392418 -15.9872
    endloop
  endfacet
  facet normal -1 0 0
    outer loop
      vertex 59.1 -0.887578 -16.7418
      vertex 59.1 -0.783156 -15.9487
      vertex 59.1 -0.444741 -16.7854
    endloop
  endfacet
  facet normal -1 0 0
    outer loop
      vertex 59.1 -0.887578 -16.7418
      vertex 59.1 -1.17054 -15.8847
      vertex 59.1 -0.783156 -15.9487
    endloop
  endfacet
  facet normal -1 0 0
    outer loop
      vertex 59.1 -1.32661 -16.6693
      vertex 59.1 -1.17054 -15.8847
      vertex 59.1 -0.887578 -16.7418
    endloop
  endfacet
  facet normal -1 0 0
    outer loop
      vertex 59.1 -1.32661 -16.6693
      vertex 59.1 -1.55291 -15.7956
      vertex 59.1 -1.17054 -15.8847
    endloop
  endfacet
  facet normal -1 0 0
    outer loop
      vertex 59.1 -1.75997 -16.5683
      vertex 59.1 -1.55291 -15.7956
      vertex 59.1 -1.32661 -16.6693
    endloop
  endfacet
  facet normal -1 0 0
    outer loop
      vertex 59.1 -1.75997 -16.5683
      vertex 59.1 -1.92864 -15.6816
      vertex 59.1 -1.55291 -15.7956
    endloop
  endfacet
  facet normal -1 0 0
    outer loop
      vertex 59.1 -2.18579 -16.4391
      vertex 59.1 -1.92864 -15.6816
      vertex 59.1 -1.75997 -16.5683
    endloop
  endfacet
  facet normal -1 0 0
    outer loop
      vertex 59.1 -2.18579 -16.4391
      vertex 59.1 -2.2961 -15.5433
      vertex 59.1 -1.92864 -15.6816
    endloop
  endfacet
  facet normal -1 0 0
    outer loop
      vertex 59.1 -2.60225 -16.2824
      vertex 59.1 -2.2961 -15.5433
      vertex 59.1 -2.18579 -16.4391
    endloop
  endfacet
  facet normal -1 0 0
    outer loop
      vertex 59.1 -2.60225 -16.2824
      vertex 59.1 -2.65373 -15.3812
      vertex 59.1 -2.2961 -15.5433
    endloop
  endfacet
  facet normal -1 0 0
    outer loop
      vertex 59.1 -3.00756 -16.0987
      vertex 59.1 -2.65373 -15.3812
      vertex 59.1 -2.60225 -16.2824
    endloop
  endfacet
  facet normal -1 -0 0
    outer loop
      vertex 59.1 -2.65373 -15.3812
      vertex 59.1 -3.00756 -16.0987
      vertex 59.1 -3 -15.1962
    endloop
  endfacet
  facet normal -1 0 0
    outer loop
      vertex 59.1 -3.4 -15.889
      vertex 59.1 -3 -15.1962
      vertex 59.1 -3.00756 -16.0987
    endloop
  endfacet
  facet normal -1 -0 0
    outer loop
      vertex 59.1 -3 -15.1962
      vertex 59.1 -3.4 -15.889
      vertex 59.1 -3.33342 -14.9888
    endloop
  endfacet
  facet normal -1 0 0
    outer loop
      vertex 59.1 -3.77788 -15.654
      vertex 59.1 -3.33342 -14.9888
      vertex 59.1 -3.4 -15.889
    endloop
  endfacet
  facet normal -1 -0 0
    outer loop
      vertex 59.1 -3.33342 -14.9888
      vertex 59.1 -3.77788 -15.654
      vertex 59.1 -3.65257 -14.7601
    endloop
  endfacet
  facet normal -1 0 0
    outer loop
      vertex 59.1 -4.13958 -15.3948
      vertex 59.1 -3.65257 -14.7601
      vertex 59.1 -3.77788 -15.654
    endloop
  endfacet
  facet normal -1 -0 0
    outer loop
      vertex 59.1 -3.65257 -14.7601
      vertex 59.1 -4.13958 -15.3948
      vertex 59.1 -3.95607 -14.511
    endloop
  endfacet
  facet normal -1 0 0
    outer loop
      vertex 59.1 -4.48355 -15.1125
      vertex 59.1 -3.95607 -14.511
      vertex 59.1 -4.13958 -15.3948
    endloop
  endfacet
  facet normal -1 -0 0
    outer loop
      vertex 59.1 -3.95607 -14.511
      vertex 59.1 -4.48355 -15.1125
      vertex 59.1 -4.24264 -14.2426
    endloop
  endfacet
  facet normal -1 0 0
    outer loop
      vertex 59.1 -4.80833 -14.8083
      vertex 59.1 -4.24264 -14.2426
      vertex 59.1 -4.48355 -15.1125
    endloop
  endfacet
  facet normal -1 -0 0
    outer loop
      vertex 59.1 -4.24264 -14.2426
      vertex 59.1 -4.80833 -14.8083
      vertex 59.1 -4.51104 -13.9561
    endloop
  endfacet
  facet normal -1 0 0
    outer loop
      vertex 59.1 -5.11251 -14.4836
      vertex 59.1 -4.51104 -13.9561
      vertex 59.1 -4.80833 -14.8083
    endloop
  endfacet
  facet normal -1 -0 0
    outer loop
      vertex 59.1 -4.51104 -13.9561
      vertex 59.1 -5.11251 -14.4836
      vertex 59.1 -4.76012 -13.6526
    endloop
  endfacet
  facet normal -1 0 0
    outer loop
      vertex 59.1 -5.3948 -14.1396
      vertex 59.1 -4.76012 -13.6526
      vertex 59.1 -5.11251 -14.4836
    endloop
  endfacet
  facet normal -1 -0 0
    outer loop
      vertex 59.1 -4.76012 -13.6526
      vertex 59.1 -5.3948 -14.1396
      vertex 59.1 -4.98882 -13.3334
    endloop
  endfacet
  facet normal -1 0 0
    outer loop
      vertex 59.1 -5.65399 -13.7779
      vertex 59.1 -4.98882 -13.3334
      vertex 59.1 -5.3948 -14.1396
    endloop
  endfacet
  facet normal -1 -0 0
    outer loop
      vertex 59.1 -4.98882 -13.3334
      vertex 59.1 -5.65399 -13.7779
      vertex 59.1 -5.19615 -13
    endloop
  endfacet
  facet normal -1 0 0
    outer loop
      vertex 59.1 -5.88897 -13.4
      vertex 59.1 -5.19615 -13
      vertex 59.1 -5.65399 -13.7779
    endloop
  endfacet
  facet normal -1 -0 0
    outer loop
      vertex 59.1 -5.19615 -13
      vertex 59.1 -5.88897 -13.4
      vertex 59.1 -5.38124 -12.6537
    endloop
  endfacet
  facet normal -1 0 0
    outer loop
      vertex 59.1 -6.09873 -13.0076
      vertex 59.1 -5.38124 -12.6537
      vertex 59.1 -5.88897 -13.4
    endloop
  endfacet
  facet normal -1 -0 0
    outer loop
      vertex 59.1 -5.38124 -12.6537
      vertex 59.1 -6.09873 -13.0076
      vertex 59.1 -5.54328 -12.2961
    endloop
  endfacet
  facet normal -1 0 0
    outer loop
      vertex 59.1 -6.28238 -12.6022
      vertex 59.1 -5.54328 -12.2961
      vertex 59.1 -6.09873 -13.0076
    endloop
  endfacet
  facet normal -1 -0 0
    outer loop
      vertex 59.1 -5.54328 -12.2961
      vertex 59.1 -6.28238 -12.6022
      vertex 59.1 -5.68158 -11.9286
    endloop
  endfacet
  facet normal -1 0 0
    outer loop
      vertex 59.1 -6.43912 -12.1858
      vertex 59.1 -5.68158 -11.9286
      vertex 59.1 -6.28238 -12.6022
    endloop
  endfacet
  facet normal -1 -0 0
    outer loop
      vertex 59.1 -5.68158 -11.9286
      vertex 59.1 -6.43912 -12.1858
      vertex 59.1 -5.79555 -11.5529
    endloop
  endfacet
  facet normal -1 0 0
    outer loop
      vertex 59.1 -6.5683 -11.76
      vertex 59.1 -5.79555 -11.5529
      vertex 59.1 -6.43912 -12.1858
    endloop
  endfacet
  facet normal -1 -0 0
    outer loop
      vertex 59.1 -5.79555 -11.5529
      vertex 59.1 -6.5683 -11.76
      vertex 59.1 -5.88471 -11.1705
    endloop
  endfacet
  facet normal -1 0 0
    outer loop
      vertex 59.1 5.79555 -8.44709
      vertex 59.1 6.5683 -8.24003
      vertex 59.1 5.88471 -8.82946
    endloop
  endfacet
  facet normal -1 -0 0
    outer loop
      vertex 59.1 6.5683 -8.24003
      vertex 59.1 5.79555 -8.44709
      vertex 59.1 6.43912 -7.81421
    endloop
  endfacet
  facet normal -1 0 0
    outer loop
      vertex 59.1 5.68158 -8.07136
      vertex 59.1 6.43912 -7.81421
      vertex 59.1 5.79555 -8.44709
    endloop
  endfacet
  facet normal -1 -0 0
    outer loop
      vertex 59.1 6.43912 -7.81421
      vertex 59.1 5.68158 -8.07136
      vertex 59.1 6.28238 -7.39775
    endloop
  endfacet
  facet normal -1 0 0
    outer loop
      vertex 59.1 5.54328 -7.7039
      vertex 59.1 6.28238 -7.39775
      vertex 59.1 5.68158 -8.07136
    endloop
  endfacet
  facet normal -1 -0 0
    outer loop
      vertex 59.1 6.28238 -7.39775
      vertex 59.1 5.54328 -7.7039
      vertex 59.1 6.09873 -6.99244
    endloop
  endfacet
  facet normal -1 0 0
    outer loop
      vertex 59.1 5.38124 -7.34627
      vertex 59.1 6.09873 -6.99244
      vertex 59.1 5.54328 -7.7039
    endloop
  endfacet
  facet normal -1 -0 0
    outer loop
      vertex 59.1 6.09873 -6.99244
      vertex 59.1 5.38124 -7.34627
      vertex 59.1 5.88897 -6.6
    endloop
  endfacet
  facet normal -1 0 0
    outer loop
      vertex 59.1 5.19615 -7
      vertex 59.1 5.88897 -6.6
      vertex 59.1 5.38124 -7.34627
    endloop
  endfacet
  facet normal -1 -0 0
    outer loop
      vertex 59.1 5.88897 -6.6
      vertex 59.1 5.19615 -7
      vertex 59.1 5.65399 -6.22212
    endloop
  endfacet
  facet normal -1 0 0
    outer loop
      vertex 59.1 4.98882 -6.66658
      vertex 59.1 5.65399 -6.22212
      vertex 59.1 5.19615 -7
    endloop
  endfacet
  facet normal -1 -0 0
    outer loop
      vertex 59.1 5.65399 -6.22212
      vertex 59.1 4.98882 -6.66658
      vertex 59.1 5.3948 -5.86042
    endloop
  endfacet
  facet normal -1 0 0
    outer loop
      vertex 59.1 4.76012 -6.34743
      vertex 59.1 5.3948 -5.86042
      vertex 59.1 4.98882 -6.66658
    endloop
  endfacet
  facet normal -1 -0 0
    outer loop
      vertex 59.1 5.3948 -5.86042
      vertex 59.1 4.76012 -6.34743
      vertex 59.1 5.11251 -5.51645
    endloop
  endfacet
  facet normal -1 0 0
    outer loop
      vertex 59.1 4.51104 -6.04393
      vertex 59.1 5.11251 -5.51645
      vertex 59.1 4.76012 -6.34743
    endloop
  endfacet
  facet normal -1 -0 0
    outer loop
      vertex 59.1 5.11251 -5.51645
      vertex 59.1 4.51104 -6.04393
      vertex 59.1 4.80833 -5.19167
    endloop
  endfacet
  facet normal -1 0 0
    outer loop
      vertex 59.1 4.24264 -5.75736
      vertex 59.1 4.80833 -5.19167
      vertex 59.1 4.51104 -6.04393
    endloop
  endfacet
  facet normal -1 -0 0
    outer loop
      vertex 59.1 4.80833 -5.19167
      vertex 59.1 4.24264 -5.75736
      vertex 59.1 4.48355 -4.88749
    endloop
  endfacet
  facet normal -1 0 0
    outer loop
      vertex 59.1 3.95607 -5.48896
      vertex 59.1 4.48355 -4.88749
      vertex 59.1 4.24264 -5.75736
    endloop
  endfacet
  facet normal -1 -0 0
    outer loop
      vertex 59.1 4.48355 -4.88749
      vertex 59.1 3.95607 -5.48896
      vertex 59.1 4.13958 -4.6052
    endloop
  endfacet
  facet normal -1 0 0
    outer loop
      vertex 59.1 3.65257 -5.23988
      vertex 59.1 4.13958 -4.6052
      vertex 59.1 3.95607 -5.48896
    endloop
  endfacet
  facet normal -1 -0 0
    outer loop
      vertex 59.1 4.13958 -4.6052
      vertex 59.1 3.65257 -5.23988
      vertex 59.1 3.77788 -4.34601
    endloop
  endfacet
  facet normal -1 0 0
    outer loop
      vertex 59.1 3.33342 -5.01118
      vertex 59.1 3.77788 -4.34601
      vertex 59.1 3.65257 -5.23988
    endloop
  endfacet
  facet normal -1 -0 0
    outer loop
      vertex 59.1 3.77788 -4.34601
      vertex 59.1 3.33342 -5.01118
      vertex 59.1 3.4 -4.11103
    endloop
  endfacet
  facet normal -1 0 0
    outer loop
      vertex 59.1 3 -4.80385
      vertex 59.1 3.4 -4.11103
      vertex 59.1 3.33342 -5.01118
    endloop
  endfacet
  facet normal -1 -0 0
    outer loop
      vertex 59.1 3.4 -4.11103
      vertex 59.1 3 -4.80385
      vertex 59.1 3.00756 -3.90127
    endloop
  endfacet
  facet normal -1 0 0
    outer loop
      vertex 59.1 2.65373 -4.61876
      vertex 59.1 3.00756 -3.90127
      vertex 59.1 3 -4.80385
    endloop
  endfacet
  facet normal -1 0 0
    outer loop
      vertex 59.1 2.65373 -4.61876
      vertex 59.1 2.60225 -3.71762
      vertex 59.1 3.00756 -3.90127
    endloop
  endfacet
  facet normal -1 0 0
    outer loop
      vertex 59.1 2.2961 -4.45672
      vertex 59.1 2.60225 -3.71762
      vertex 59.1 2.65373 -4.61876
    endloop
  endfacet
  facet normal -1 0 0
    outer loop
      vertex 59.1 2.2961 -4.45672
      vertex 59.1 2.18579 -3.56088
      vertex 59.1 2.60225 -3.71762
    endloop
  endfacet
  facet normal -1 0 0
    outer loop
      vertex 59.1 1.92864 -4.31842
      vertex 59.1 2.18579 -3.56088
      vertex 59.1 2.2961 -4.45672
    endloop
  endfacet
  facet normal -1 0 0
    outer loop
      vertex 59.1 1.92864 -4.31842
      vertex 59.1 1.75997 -3.4317
      vertex 59.1 2.18579 -3.56088
    endloop
  endfacet
  facet normal -1 0 0
    outer loop
      vertex 59.1 1.55291 -4.20445
      vertex 59.1 1.75997 -3.4317
      vertex 59.1 1.92864 -4.31842
    endloop
  endfacet
  facet normal -1 0 0
    outer loop
      vertex 59.1 1.55291 -4.20445
      vertex 59.1 1.32661 -3.33066
      vertex 59.1 1.75997 -3.4317
    endloop
  endfacet
  facet normal -1 0 0
    outer loop
      vertex 59.1 1.17054 -4.11529
      vertex 59.1 1.32661 -3.33066
      vertex 59.1 1.55291 -4.20445
    endloop
  endfacet
  facet normal -1 0 0
    outer loop
      vertex 59.1 1.17054 -4.11529
      vertex 59.1 0.887578 -3.25818
      vertex 59.1 1.32661 -3.33066
    endloop
  endfacet
  facet normal -1 0 0
    outer loop
      vertex 59.1 0.783156 -4.05133
      vertex 59.1 0.887578 -3.25818
      vertex 59.1 1.17054 -4.11529
    endloop
  endfacet
  facet normal -1 0 0
    outer loop
      vertex 59.1 0.783156 -4.05133
      vertex 59.1 0.444741 -3.21456
      vertex 59.1 0.887578 -3.25818
    endloop
  endfacet
  facet normal -1 0 0
    outer loop
      vertex 59.1 0.392418 -4.01285
      vertex 59.1 0.444741 -3.21456
      vertex 59.1 0.783156 -4.05133
    endloop
  endfacet
  facet normal -1 0 0
    outer loop
      vertex 59.1 0 -4
      vertex 59.1 0.444741 -3.21456
      vertex 59.1 0.392418 -4.01285
    endloop
  endfacet
  facet normal -1 0 0
    outer loop
      vertex 59.1 0 -4
      vertex 59.1 0 -3.2
      vertex 59.1 0.444741 -3.21456
    endloop
  endfacet
  facet normal -1 0 0
    outer loop
      vertex 59.1 -0.392418 -4.01285
      vertex 59.1 0 -3.2
      vertex 59.1 0 -4
    endloop
  endfacet
  facet normal -1 0 0
    outer loop
      vertex 59.1 -0.392418 -4.01285
      vertex 59.1 -0.444741 -3.21456
      vertex 59.1 0 -3.2
    endloop
  endfacet
  facet normal -1 0 0
    outer loop
      vertex 59.1 -0.783156 -4.05133
      vertex 59.1 -0.444741 -3.21456
      vertex 59.1 -0.392418 -4.01285
    endloop
  endfacet
  facet normal -1 0 0
    outer loop
      vertex 59.1 -0.783156 -4.05133
      vertex 59.1 -0.887578 -3.25818
      vertex 59.1 -0.444741 -3.21456
    endloop
  endfacet
  facet normal -1 0 0
    outer loop
      vertex 59.1 -1.17054 -4.11529
      vertex 59.1 -0.887578 -3.25818
      vertex 59.1 -0.783156 -4.05133
    endloop
  endfacet
  facet normal -1 0 0
    outer loop
      vertex 59.1 -1.17054 -4.11529
      vertex 59.1 -1.32661 -3.33066
      vertex 59.1 -0.887578 -3.25818
    endloop
  endfacet
  facet normal -1 0 0
    outer loop
      vertex 59.1 -1.55291 -4.20445
      vertex 59.1 -1.32661 -3.33066
      vertex 59.1 -1.17054 -4.11529
    endloop
  endfacet
  facet normal -1 0 0
    outer loop
      vertex 59.1 -1.55291 -4.20445
      vertex 59.1 -1.75997 -3.4317
      vertex 59.1 -1.32661 -3.33066
    endloop
  endfacet
  facet normal -1 0 0
    outer loop
      vertex 59.1 -1.92864 -4.31842
      vertex 59.1 -1.75997 -3.4317
      vertex 59.1 -1.55291 -4.20445
    endloop
  endfacet
  facet normal -1 0 0
    outer loop
      vertex 59.1 -1.92864 -4.31842
      vertex 59.1 -2.18579 -3.56088
      vertex 59.1 -1.75997 -3.4317
    endloop
  endfacet
  facet normal -1 0 0
    outer loop
      vertex 59.1 -2.2961 -4.45672
      vertex 59.1 -2.18579 -3.56088
      vertex 59.1 -1.92864 -4.31842
    endloop
  endfacet
  facet normal -1 0 0
    outer loop
      vertex 59.1 -2.2961 -4.45672
      vertex 59.1 -2.60225 -3.71762
      vertex 59.1 -2.18579 -3.56088
    endloop
  endfacet
  facet normal -1 0 0
    outer loop
      vertex 59.1 -2.65373 -4.61876
      vertex 59.1 -2.60225 -3.71762
      vertex 59.1 -2.2961 -4.45672
    endloop
  endfacet
  facet normal -1 0 0
    outer loop
      vertex 59.1 -3.00756 -3.90127
      vertex 59.1 -2.65373 -4.61876
      vertex 59.1 -3 -4.80385
    endloop
  endfacet
  facet normal -1 0 0
    outer loop
      vertex 59.1 -2.65373 -4.61876
      vertex 59.1 -3.00756 -3.90127
      vertex 59.1 -2.60225 -3.71762
    endloop
  endfacet
  facet normal -1 0 0
    outer loop
      vertex 59.1 -3.4 -4.11103
      vertex 59.1 -3 -4.80385
      vertex 59.1 -3.33342 -5.01118
    endloop
  endfacet
  facet normal -1 0 0
    outer loop
      vertex 59.1 -3 -4.80385
      vertex 59.1 -3.4 -4.11103
      vertex 59.1 -3.00756 -3.90127
    endloop
  endfacet
  facet normal -1 0 0
    outer loop
      vertex 59.1 -3.77788 -4.34601
      vertex 59.1 -3.33342 -5.01118
      vertex 59.1 -3.65257 -5.23988
    endloop
  endfacet
  facet normal -1 0 0
    outer loop
      vertex 59.1 -3.33342 -5.01118
      vertex 59.1 -3.77788 -4.34601
      vertex 59.1 -3.4 -4.11103
    endloop
  endfacet
  facet normal -1 0 0
    outer loop
      vertex 59.1 -4.13958 -4.6052
      vertex 59.1 -3.65257 -5.23988
      vertex 59.1 -3.95607 -5.48896
    endloop
  endfacet
  facet normal -1 0 0
    outer loop
      vertex 59.1 -3.65257 -5.23988
      vertex 59.1 -4.13958 -4.6052
      vertex 59.1 -3.77788 -4.34601
    endloop
  endfacet
  facet normal -1 0 0
    outer loop
      vertex 59.1 -4.48355 -4.88749
      vertex 59.1 -3.95607 -5.48896
      vertex 59.1 -4.24264 -5.75736
    endloop
  endfacet
  facet normal -1 0 0
    outer loop
      vertex 59.1 -3.95607 -5.48896
      vertex 59.1 -4.48355 -4.88749
      vertex 59.1 -4.13958 -4.6052
    endloop
  endfacet
  facet normal -1 0 0
    outer loop
      vertex 59.1 -4.80833 -5.19167
      vertex 59.1 -4.24264 -5.75736
      vertex 59.1 -4.51104 -6.04393
    endloop
  endfacet
  facet normal -1 0 0
    outer loop
      vertex 59.1 -5.11251 -5.51645
      vertex 59.1 -4.51104 -6.04393
      vertex 59.1 -4.76012 -6.34743
    endloop
  endfacet
  facet normal -1 0 0
    outer loop
      vertex 59.1 -4.24264 -5.75736
      vertex 59.1 -4.80833 -5.19167
      vertex 59.1 -4.48355 -4.88749
    endloop
  endfacet
  facet normal -1 0 0
    outer loop
      vertex 59.1 -5.3948 -5.86042
      vertex 59.1 -4.76012 -6.34743
      vertex 59.1 -4.98882 -6.66658
    endloop
  endfacet
  facet normal -1 0 0
    outer loop
      vertex 59.1 -4.51104 -6.04393
      vertex 59.1 -5.11251 -5.51645
      vertex 59.1 -4.80833 -5.19167
    endloop
  endfacet
  facet normal -1 0 0
    outer loop
      vertex 59.1 -5.65399 -6.22212
      vertex 59.1 -4.98882 -6.66658
      vertex 59.1 -5.19615 -7
    endloop
  endfacet
  facet normal -1 0 0
    outer loop
      vertex 59.1 -5.88897 -6.6
      vertex 59.1 -5.19615 -7
      vertex 59.1 -5.38124 -7.34627
    endloop
  endfacet
  facet normal -1 0 0
    outer loop
      vertex 59.1 -4.76012 -6.34743
      vertex 59.1 -5.3948 -5.86042
      vertex 59.1 -5.11251 -5.51645
    endloop
  endfacet
  facet normal -1 0 0
    outer loop
      vertex 59.1 -6.09873 -6.99244
      vertex 59.1 -5.38124 -7.34627
      vertex 59.1 -5.54328 -7.7039
    endloop
  endfacet
  facet normal -1 0 0
    outer loop
      vertex 59.1 -4.98882 -6.66658
      vertex 59.1 -5.65399 -6.22212
      vertex 59.1 -5.3948 -5.86042
    endloop
  endfacet
  facet normal -1 0 0
    outer loop
      vertex 59.1 -6.28238 -7.39775
      vertex 59.1 -5.54328 -7.7039
      vertex 59.1 -5.68158 -8.07136
    endloop
  endfacet
  facet normal -1 0 0
    outer loop
      vertex 59.1 -6.43912 -7.81421
      vertex 59.1 -5.68158 -8.07136
      vertex 59.1 -5.79555 -8.44709
    endloop
  endfacet
  facet normal -1 0 0
    outer loop
      vertex 59.1 -6.5683 -8.24003
      vertex 59.1 -5.79555 -8.44709
      vertex 59.1 -5.88471 -8.82946
    endloop
  endfacet
  facet normal -1 0 0
    outer loop
      vertex 59.1 -5.19615 -7
      vertex 59.1 -5.88897 -6.6
      vertex 59.1 -5.65399 -6.22212
    endloop
  endfacet
  facet normal -1 0 0
    outer loop
      vertex 59.1 -6.66934 -8.67339
      vertex 59.1 -5.88471 -8.82946
      vertex 59.1 -5.94867 -9.21684
    endloop
  endfacet
  facet normal -1 0 0
    outer loop
      vertex 59.1 -6.74182 -9.11242
      vertex 59.1 -5.94867 -9.21684
      vertex 59.1 -5.98715 -9.60758
    endloop
  endfacet
  facet normal -1 0 0
    outer loop
      vertex 59.1 -6.78544 -9.55526
      vertex 59.1 -5.98715 -9.60758
      vertex 59.1 -6 -10
    endloop
  endfacet
  facet normal -1 0 0
    outer loop
      vertex 59.1 -6.66934 -11.3266
      vertex 59.1 -5.88471 -11.1705
      vertex 59.1 -6.5683 -11.76
    endloop
  endfacet
  facet normal -1 0 0
    outer loop
      vertex 59.1 -5.38124 -7.34627
      vertex 59.1 -6.09873 -6.99244
      vertex 59.1 -5.88897 -6.6
    endloop
  endfacet
  facet normal -1 -0 0
    outer loop
      vertex 59.1 -5.88471 -11.1705
      vertex 59.1 -6.66934 -11.3266
      vertex 59.1 -5.94867 -10.7832
    endloop
  endfacet
  facet normal -1 0 0
    outer loop
      vertex 59.1 -5.54328 -7.7039
      vertex 59.1 -6.28238 -7.39775
      vertex 59.1 -6.09873 -6.99244
    endloop
  endfacet
  facet normal -1 0 0
    outer loop
      vertex 59.1 -6.74182 -10.8876
      vertex 59.1 -5.94867 -10.7832
      vertex 59.1 -6.66934 -11.3266
    endloop
  endfacet
  facet normal -1 0 0
    outer loop
      vertex 59.1 -5.68158 -8.07136
      vertex 59.1 -6.43912 -7.81421
      vertex 59.1 -6.28238 -7.39775
    endloop
  endfacet
  facet normal -1 -0 0
    outer loop
      vertex 59.1 -5.94867 -10.7832
      vertex 59.1 -6.74182 -10.8876
      vertex 59.1 -5.98715 -10.3924
    endloop
  endfacet
  facet normal -1 0 0
    outer loop
      vertex 59.1 -5.79555 -8.44709
      vertex 59.1 -6.5683 -8.24003
      vertex 59.1 -6.43912 -7.81421
    endloop
  endfacet
  facet normal -1 0 0
    outer loop
      vertex 59.1 -6.78544 -10.4447
      vertex 59.1 -5.98715 -10.3924
      vertex 59.1 -6.74182 -10.8876
    endloop
  endfacet
  facet normal -1 0 0
    outer loop
      vertex 59.1 -5.88471 -8.82946
      vertex 59.1 -6.66934 -8.67339
      vertex 59.1 -6.5683 -8.24003
    endloop
  endfacet
  facet normal -1 -0 0
    outer loop
      vertex 59.1 -5.98715 -10.3924
      vertex 59.1 -6.78544 -10.4447
      vertex 59.1 -6 -10
    endloop
  endfacet
  facet normal -1 0 0
    outer loop
      vertex 59.1 -5.94867 -9.21684
      vertex 59.1 -6.74182 -9.11242
      vertex 59.1 -6.66934 -8.67339
    endloop
  endfacet
  facet normal -1 0 0
    outer loop
      vertex 59.1 -6.8 -10
      vertex 59.1 -6 -10
      vertex 59.1 -6.78544 -10.4447
    endloop
  endfacet
  facet normal -1 0 0
    outer loop
      vertex 59.1 -5.98715 -9.60758
      vertex 59.1 -6.78544 -9.55526
      vertex 59.1 -6.74182 -9.11242
    endloop
  endfacet
  facet normal -1 0 0
    outer loop
      vertex 59.1 -6 -10
      vertex 59.1 -6.8 -10
      vertex 59.1 -6.78544 -9.55526
    endloop
  endfacet
  facet normal 0.164343 0.285972 -0.94404
    outer loop
      vertex 59.1 1.75997 -16.5683
      vertex 63.9 1.92864 -15.6816
      vertex 63.9 1.84347 -15.7074
    endloop
  endfacet
  facet normal 0.164305 0.286398 -0.943917
    outer loop
      vertex 63.9 1.92864 -15.6816
      vertex 59.1 1.75997 -16.5683
      vertex 59.1 2.18579 -16.4391
    endloop
  endfacet
  facet normal 0.164317 -0.801789 -0.574572
    outer loop
      vertex 63.9 -4.98882 -13.3334
      vertex 59.1 -5.65399 -13.7779
      vertex 63.9 -4.81196 -13.5802
    endloop
  endfacet
  facet normal 0.164313 -0.898474 0.407119
    outer loop
      vertex 63.9 -5.41796 -7.42733
      vertex 59.1 -6.28238 -7.39775
      vertex 63.9 -5.54328 -7.7039
    endloop
  endfacet
  facet normal 0.164314 0.973233 0.160679
    outer loop
      vertex 63.9 5.93417 -9.12904
      vertex 59.1 6.66934 -8.67339
      vertex 63.9 5.88471 -8.82946
    endloop
  endfacet
  facet normal 0.164314 0.762503 0.625772
    outer loop
      vertex 63.9 4.70366 -6.27864
      vertex 59.1 5.3948 -5.86042
      vertex 59.1 5.11251 -5.51645
    endloop
  endfacet
  facet normal 0.164313 0.762474 0.625807
    outer loop
      vertex 59.1 5.3948 -5.86042
      vertex 63.9 4.70366 -6.27864
      vertex 63.9 4.76012 -6.34743
    endloop
  endfacet
  facet normal 0.164302 -0.160715 -0.973229
    outer loop
      vertex 59.1 -0.887578 -16.7418
      vertex 63.9 -0.870964 -15.9342
      vertex 59.1 -1.32661 -16.6693
    endloop
  endfacet
  facet normal 0.164302 -0.160714 -0.97323
    outer loop
      vertex 63.9 -0.870964 -15.9342
      vertex 59.1 -0.887578 -16.7418
      vertex 63.9 -0.783157 -15.9487
    endloop
  endfacet
  facet normal 0.164288 0.719645 -0.674626
    outer loop
      vertex 63.9 4.24264 -14.2426
      vertex 59.1 5.11251 -14.4836
      vertex 63.9 4.30348 -14.1777
    endloop
  endfacet
  facet normal 0.164317 0.719871 -0.674378
    outer loop
      vertex 59.1 5.11251 -14.4836
      vertex 63.9 4.24264 -14.2426
      vertex 59.1 4.80833 -14.8083
    endloop
  endfacet
  facet normal 0.164313 0.464983 0.869938
    outer loop
      vertex 59.1 3.00756 -3.90127
      vertex 63.9 3 -4.80385
      vertex 59.1 3.4 -4.11103
    endloop
  endfacet
  facet normal 0.164316 0.464957 0.869951
    outer loop
      vertex 63.9 3 -4.80385
      vertex 59.1 3.00756 -3.90127
      vertex 63.9 2.92151 -4.7619
    endloop
  endfacet
  facet normal 0.164313 0.407065 -0.898499
    outer loop
      vertex 63.9 2.2961 -15.5433
      vertex 59.1 2.60225 -16.2824
      vertex 63.9 2.57267 -15.418
    endloop
  endfacet
  facet normal 0.164308 -0.2239 -0.960662
    outer loop
      vertex 59.1 -1.32661 -16.6693
      vertex 63.9 -1.17054 -15.8847
      vertex 63.9 -1.25721 -15.8645
    endloop
  endfacet
  facet normal 0.164308 -0.223895 -0.960663
    outer loop
      vertex 59.1 -1.32661 -16.6693
      vertex 63.9 -1.25721 -15.8645
      vertex 59.1 -1.75997 -16.5683
    endloop
  endfacet
  facet normal 0.164312 -0.762519 -0.625753
    outer loop
      vertex 59.1 -5.3948 -14.1396
      vertex 63.9 -4.70366 -13.7214
      vertex 63.9 -4.76012 -13.6526
    endloop
  endfacet
  facet normal 0.164312 -0.76253 -0.62574
    outer loop
      vertex 63.9 -4.70366 -13.7214
      vertex 59.1 -5.3948 -14.1396
      vertex 59.1 -5.11251 -14.4836
    endloop
  endfacet
  facet normal 0.164313 -0.520871 0.837672
    outer loop
      vertex 63.9 -3 -4.80385
      vertex 59.1 -3.4 -4.11103
      vertex 63.9 -3.07557 -4.85084
    endloop
  endfacet
  facet normal 0.164313 -0.520889 0.837661
    outer loop
      vertex 63.9 -3.07557 -4.85084
      vertex 59.1 -3.4 -4.11103
      vertex 59.1 -3.77788 -4.34601
    endloop
  endfacet
  facet normal 0.164305 0.943888 -0.286494
    outer loop
      vertex 63.9 5.68158 -11.9286
      vertex 59.1 6.5683 -11.76
      vertex 63.9 5.70741 -11.8435
    endloop
  endfacet
  facet normal 0.164316 0.943924 -0.286369
    outer loop
      vertex 59.1 6.5683 -11.76
      vertex 63.9 5.68158 -11.9286
      vertex 59.1 6.43912 -12.1858
    endloop
  endfacet
  facet normal 0.164316 -0.674313 -0.719932
    outer loop
      vertex 59.1 -4.48355 -15.1125
      vertex 63.9 -4.24264 -14.2426
      vertex 59.1 -4.80833 -14.8083
    endloop
  endfacet
  facet normal 0.164271 -0.674705 -0.719575
    outer loop
      vertex 63.9 -4.24264 -14.2426
      vertex 59.1 -4.48355 -15.1125
      vertex 63.9 -4.17769 -14.3035
    endloop
  endfacet
  facet normal 0.164295 -0.898406 -0.407277
    outer loop
      vertex 59.1 -6.28238 -12.6022
      vertex 63.9 -5.38124 -12.6537
      vertex 63.9 -5.41796 -12.5727
    endloop
  endfacet
  facet normal 0.164317 -0.898512 -0.407034
    outer loop
      vertex 63.9 -5.38124 -12.6537
      vertex 59.1 -6.28238 -12.6022
      vertex 59.1 -6.09873 -13.0076
    endloop
  endfacet
  facet normal 0.164314 -0.98588 -0.0322888
    outer loop
      vertex 63.9 -5.99709 -10.0889
      vertex 59.1 -6.78544 -10.4447
      vertex 63.9 -5.98715 -10.3924
    endloop
  endfacet
  facet normal 0.164309 -0.898491 -0.407082
    outer loop
      vertex 63.9 -5.54328 -12.2961
      vertex 59.1 -6.28238 -12.6022
      vertex 63.9 -5.41796 -12.5727
    endloop
  endfacet
  facet normal 0.164314 -0.032292 0.985879
    outer loop
      vertex 59.1 -0.444741 -3.21456
      vertex 63.9 -0.392418 -4.01285
      vertex 63.9 -0.0889485 -4.00291
    endloop
  endfacet
  facet normal 0.164312 -0.347309 -0.923243
    outer loop
      vertex 63.9 -2.2961 -15.5433
      vertex 59.1 -2.60225 -16.2824
      vertex 63.9 -2.01193 -15.6502
    endloop
  endfacet
  facet normal 0.164316 -0.574574 -0.801788
    outer loop
      vertex 59.1 -3.77788 -15.654
      vertex 63.9 -3.65257 -14.7601
      vertex 59.1 -4.13958 -15.3948
    endloop
  endfacet
  facet normal 0.16427 -0.575018 -0.80148
    outer loop
      vertex 63.9 -3.65257 -14.7601
      vertex 59.1 -3.77788 -15.654
      vertex 63.9 -3.58023 -14.812
    endloop
  endfacet
  facet normal 0.164315 0.973226 -0.16072
    outer loop
      vertex 63.9 5.88471 -11.1705
      vertex 59.1 6.66934 -11.3266
      vertex 63.9 5.93417 -10.871
    endloop
  endfacet
  facet normal 0.164305 -0.286398 -0.943917
    outer loop
      vertex 59.1 -1.75997 -16.5683
      vertex 63.9 -1.92864 -15.6816
      vertex 59.1 -2.18579 -16.4391
    endloop
  endfacet
  facet normal 0.164343 -0.285972 -0.94404
    outer loop
      vertex 63.9 -1.92864 -15.6816
      vertex 59.1 -1.75997 -16.5683
      vertex 63.9 -1.84347 -15.7074
    endloop
  endfacet
  facet normal 0.164314 -0.985879 0.032292
    outer loop
      vertex 63.9 -5.98715 -9.60758
      vertex 59.1 -6.78544 -9.55526
      vertex 63.9 -5.99709 -9.91105
    endloop
  endfacet
  facet normal 0.164313 0.57456 0.801799
    outer loop
      vertex 59.1 3.77788 -4.34601
      vertex 63.9 3.65257 -5.23988
      vertex 59.1 4.13958 -4.6052
    endloop
  endfacet
  facet normal 0.164311 0.574575 0.801789
    outer loop
      vertex 63.9 3.65257 -5.23988
      vertex 59.1 3.77788 -4.34601
      vertex 63.9 3.58023 -5.18804
    endloop
  endfacet
  facet normal 0.16431 -0.520951 -0.837623
    outer loop
      vertex 59.1 -3.4 -15.889
      vertex 63.9 -3 -15.1962
      vertex 63.9 -3.07557 -15.1492
    endloop
  endfacet
  facet normal 0.16431 -0.520921 -0.837641
    outer loop
      vertex 59.1 -3.4 -15.889
      vertex 63.9 -3.07557 -15.1492
      vertex 59.1 -3.77788 -15.654
    endloop
  endfacet
  facet normal 0.164262 0.407765 -0.89819
    outer loop
      vertex 59.1 2.60225 -16.2824
      vertex 63.9 2.65373 -15.3812
      vertex 63.9 2.57267 -15.418
    endloop
  endfacet
  facet normal 0.164314 0.407201 -0.898436
    outer loop
      vertex 63.9 2.65373 -15.3812
      vertex 59.1 2.60225 -16.2824
      vertex 59.1 3.00756 -16.0987
    endloop
  endfacet
  facet normal 0.164313 0.0322759 0.98588
    outer loop
      vertex 59.1 0 -3.2
      vertex 63.9 0.0889485 -4.00291
      vertex 59.1 0.444741 -3.21456
    endloop
  endfacet
  facet normal 0.164313 0.0322536 0.985881
    outer loop
      vertex 63.9 0.0889485 -4.00291
      vertex 59.1 0 -3.2
      vertex 63.9 0 -4
    endloop
  endfacet
  facet normal 0.164313 0.869938 0.464983
    outer loop
      vertex 63.9 5.19615 -7
      vertex 59.1 6.09873 -6.99244
      vertex 59.1 5.88897 -6.6
    endloop
  endfacet
  facet normal 0.164316 0.869951 0.464957
    outer loop
      vertex 59.1 6.09873 -6.99244
      vertex 63.9 5.19615 -7
      vertex 63.9 5.2381 -7.07849
    endloop
  endfacet
  facet normal 0.164313 0.801799 0.57456
    outer loop
      vertex 63.9 4.76012 -6.34743
      vertex 59.1 5.65399 -6.22212
      vertex 59.1 5.3948 -5.86042
    endloop
  endfacet
  facet normal 0.164311 0.801789 0.574575
    outer loop
      vertex 59.1 5.65399 -6.22212
      vertex 63.9 4.76012 -6.34743
      vertex 63.9 4.81196 -6.41977
    endloop
  endfacet
  facet normal 0.164314 -0.762503 0.625772
    outer loop
      vertex 59.1 -5.3948 -5.86042
      vertex 63.9 -4.70366 -6.27864
      vertex 59.1 -5.11251 -5.51645
    endloop
  endfacet
  facet normal 0.164313 -0.762474 0.625807
    outer loop
      vertex 63.9 -4.70366 -6.27864
      vertex 59.1 -5.3948 -5.86042
      vertex 63.9 -4.76012 -6.34743
    endloop
  endfacet
  facet normal 0.164314 0.98166 -0.0966717
    outer loop
      vertex 63.9 5.95739 -10.6946
      vertex 59.1 6.78544 -10.4447
      vertex 63.9 5.98715 -10.3924
    endloop
  endfacet
  facet normal 0.164313 0.985881 0.0322531
    outer loop
      vertex 59.1 6.8 -10
      vertex 63.9 5.99709 -9.91105
      vertex 63.9 6 -10
    endloop
  endfacet
  facet normal 0.164313 0.98588 0.032276
    outer loop
      vertex 63.9 5.99709 -9.91105
      vertex 59.1 6.8 -10
      vertex 59.1 6.78544 -9.55526
    endloop
  endfacet
  facet normal 0.164309 0.898491 -0.407082
    outer loop
      vertex 63.9 5.41796 -12.5727
      vertex 59.1 6.28238 -12.6022
      vertex 63.9 5.54328 -12.2961
    endloop
  endfacet
  facet normal 0.164312 -0.869923 0.465011
    outer loop
      vertex 63.9 -5.2381 -7.07849
      vertex 59.1 -6.09873 -6.99244
      vertex 63.9 -5.38124 -7.34627
    endloop
  endfacet
  facet normal 0.164314 -0.160681 0.973233
    outer loop
      vertex 63.9 -0.870964 -4.06583
      vertex 59.1 -1.32661 -3.33066
      vertex 63.9 -1.17054 -4.11529
    endloop
  endfacet
  facet normal 0.164295 0.898406 -0.407277
    outer loop
      vertex 63.9 5.38124 -12.6537
      vertex 59.1 6.28238 -12.6022
      vertex 63.9 5.41796 -12.5727
    endloop
  endfacet
  facet normal 0.164317 0.898512 -0.407034
    outer loop
      vertex 59.1 6.28238 -12.6022
      vertex 63.9 5.38124 -12.6537
      vertex 59.1 6.09873 -13.0076
    endloop
  endfacet
  facet normal 0.164312 0.869923 0.465011
    outer loop
      vertex 63.9 5.38124 -7.34627
      vertex 59.1 6.09873 -6.99244
      vertex 63.9 5.2381 -7.07849
    endloop
  endfacet
  facet normal 0.164305 -0.286517 -0.943881
    outer loop
      vertex 63.9 -1.84347 -15.7074
      vertex 59.1 -1.75997 -16.5683
      vertex 63.9 -1.55291 -15.7956
    endloop
  endfacet
  facet normal 0.164317 0.801789 -0.574572
    outer loop
      vertex 63.9 4.81196 -13.5802
      vertex 59.1 5.65399 -13.7779
      vertex 63.9 4.98882 -13.3334
    endloop
  endfacet
  facet normal 0.164312 -0.160714 0.973228
    outer loop
      vertex 59.1 -0.887578 -3.25818
      vertex 63.9 -0.870964 -4.06583
      vertex 63.9 -0.783157 -4.05133
    endloop
  endfacet
  facet normal 0.164313 -0.160672 0.973235
    outer loop
      vertex 63.9 -0.870964 -4.06583
      vertex 59.1 -0.887578 -3.25818
      vertex 59.1 -1.32661 -3.33066
    endloop
  endfacet
  facet normal 0.164313 0.98588 -0.0322712
    outer loop
      vertex 63.9 5.99709 -10.0889
      vertex 59.1 6.8 -10
      vertex 63.9 6 -10
    endloop
  endfacet
  facet normal 0.164313 0.98588 -0.0322789
    outer loop
      vertex 59.1 6.8 -10
      vertex 63.9 5.99709 -10.0889
      vertex 59.1 6.78544 -10.4447
    endloop
  endfacet
  facet normal 0.164318 -0.869936 -0.464984
    outer loop
      vertex 63.9 -5.38124 -12.6537
      vertex 59.1 -6.09873 -13.0076
      vertex 63.9 -5.2381 -12.9215
    endloop
  endfacet
  facet normal 0.163029 0 0.986621
    outer loop
      vertex 59.1 0.887578 -3.25818
      vertex 63.9 0.783156 -4.05133
      vertex 63.9 0.783157 -4.05133
    endloop
  endfacet
  facet normal 0.164312 0.096651 0.981662
    outer loop
      vertex 63.9 0.783156 -4.05133
      vertex 59.1 0.887578 -3.25818
      vertex 63.9 0.694589 -4.04261
    endloop
  endfacet
  facet normal 0.164313 0.0966945 0.981657
    outer loop
      vertex 63.9 0.694589 -4.04261
      vertex 59.1 0.887578 -3.25818
      vertex 59.1 0.444741 -3.21456
    endloop
  endfacet
  facet normal 0.164313 -0.98588 0.032276
    outer loop
      vertex 59.1 -6.8 -10
      vertex 63.9 -5.99709 -9.91105
      vertex 59.1 -6.78544 -9.55526
    endloop
  endfacet
  facet normal 0.164313 -0.985881 0.0322531
    outer loop
      vertex 63.9 -5.99709 -9.91105
      vertex 59.1 -6.8 -10
      vertex 63.9 -6 -10
    endloop
  endfacet
  facet normal 0.164316 0.923192 -0.347444
    outer loop
      vertex 63.9 5.65023 -12.0119
      vertex 59.1 6.43912 -12.1858
      vertex 63.9 5.68158 -11.9286
    endloop
  endfacet
  facet normal 0.164315 0.923172 -0.347497
    outer loop
      vertex 59.1 6.43912 -12.1858
      vertex 63.9 5.65023 -12.0119
      vertex 59.1 6.28238 -12.6022
    endloop
  endfacet
  facet normal 0.164313 -0.0322536 0.985881
    outer loop
      vertex 59.1 0 -3.2
      vertex 63.9 -0.0889485 -4.00291
      vertex 63.9 0 -4
    endloop
  endfacet
  facet normal 0.164313 -0.0322759 0.98588
    outer loop
      vertex 63.9 -0.0889485 -4.00291
      vertex 59.1 0 -3.2
      vertex 59.1 -0.444741 -3.21456
    endloop
  endfacet
  facet normal 0.164312 0.981662 0.0966478
    outer loop
      vertex 63.9 5.95739 -9.30541
      vertex 59.1 6.74182 -9.11242
      vertex 63.9 5.94867 -9.21684
    endloop
  endfacet
  facet normal 0.164313 0.981658 0.0966938
    outer loop
      vertex 59.1 6.74182 -9.11242
      vertex 63.9 5.95739 -9.30541
      vertex 59.1 6.78544 -9.55526
    endloop
  endfacet
  facet normal 0.164314 0.837765 -0.520722
    outer loop
      vertex 59.1 5.88897 -13.4
      vertex 63.9 5.19615 -13
      vertex 63.9 5.14916 -13.0756
    endloop
  endfacet
  facet normal 0.16431 0.837674 -0.520869
    outer loop
      vertex 59.1 5.88897 -13.4
      vertex 63.9 5.14916 -13.0756
      vertex 59.1 5.65399 -13.7779
    endloop
  endfacet
  facet normal 0.164313 -0.869938 0.464983
    outer loop
      vertex 59.1 -6.09873 -6.99244
      vertex 63.9 -5.19615 -7
      vertex 59.1 -5.88897 -6.6
    endloop
  endfacet
  facet normal 0.164316 -0.869951 0.464957
    outer loop
      vertex 63.9 -5.19615 -7
      vertex 59.1 -6.09873 -6.99244
      vertex 63.9 -5.2381 -7.07849
    endloop
  endfacet
  facet normal 0.164319 0.625409 -0.762799
    outer loop
      vertex 59.1 4.13958 -15.3948
      vertex 63.9 3.72136 -14.7037
      vertex 63.9 3.65257 -14.7601
    endloop
  endfacet
  facet normal 0.164307 0.625786 -0.762493
    outer loop
      vertex 63.9 3.72136 -14.7037
      vertex 59.1 4.13958 -15.3948
      vertex 59.1 4.48355 -15.1125
    endloop
  endfacet
  facet normal 0.164315 0.674289 0.719954
    outer loop
      vertex 59.1 4.48355 -4.88749
      vertex 63.9 4.24264 -5.75736
      vertex 59.1 4.80833 -5.19167
    endloop
  endfacet
  facet normal 0.164308 0.674347 0.719902
    outer loop
      vertex 63.9 4.24264 -5.75736
      vertex 59.1 4.48355 -4.88749
      vertex 63.9 4.17769 -5.69652
    endloop
  endfacet
  facet normal 0.16431 0.520951 -0.837623
    outer loop
      vertex 63.9 3 -15.1962
      vertex 59.1 3.4 -15.889
      vertex 63.9 3.07557 -15.1492
    endloop
  endfacet
  facet normal 0.16431 0.520921 -0.837641
    outer loop
      vertex 63.9 3.07557 -15.1492
      vertex 59.1 3.4 -15.889
      vertex 59.1 3.77788 -15.654
    endloop
  endfacet
  facet normal 0.164314 0.224004 0.960637
    outer loop
      vertex 59.1 1.32661 -3.33066
      vertex 63.9 1.17054 -4.11529
      vertex 63.9 1.25721 -4.1355
    endloop
  endfacet
  facet normal 0.164314 0.223979 0.960643
    outer loop
      vertex 59.1 1.32661 -3.33066
      vertex 63.9 1.25721 -4.1355
      vertex 59.1 1.75997 -3.4317
    endloop
  endfacet
  facet normal 0.164316 -0.464957 0.869951
    outer loop
      vertex 59.1 -3.00756 -3.90127
      vertex 63.9 -3 -4.80385
      vertex 63.9 -2.92151 -4.7619
    endloop
  endfacet
  facet normal 0.164313 -0.464983 0.869938
    outer loop
      vertex 63.9 -3 -4.80385
      vertex 59.1 -3.00756 -3.90127
      vertex 59.1 -3.4 -4.11103
    endloop
  endfacet
  facet normal 0.164315 0.286338 0.943934
    outer loop
      vertex 63.9 1.84347 -4.29259
      vertex 59.1 1.75997 -3.4317
      vertex 63.9 1.55291 -4.20445
    endloop
  endfacet
  facet normal 0.164317 -0.960638 -0.223997
    outer loop
      vertex 63.9 -5.8645 -11.2572
      vertex 59.1 -6.5683 -11.76
      vertex 63.9 -5.79555 -11.5529
    endloop
  endfacet
  facet normal 0.164319 0.574428 -0.801893
    outer loop
      vertex 63.9 3.33342 -14.9888
      vertex 59.1 3.77788 -15.654
      vertex 63.9 3.58023 -14.812
    endloop
  endfacet
  facet normal 0.164313 0.160672 0.973235
    outer loop
      vertex 59.1 0.887578 -3.25818
      vertex 63.9 0.870964 -4.06583
      vertex 59.1 1.32661 -3.33066
    endloop
  endfacet
  facet normal 0.164312 0.160714 0.973228
    outer loop
      vertex 63.9 0.870964 -4.06583
      vertex 59.1 0.887578 -3.25818
      vertex 63.9 0.783157 -4.05133
    endloop
  endfacet
  facet normal 0.164315 -0.960654 -0.223931
    outer loop
      vertex 63.9 -5.88471 -11.1705
      vertex 59.1 -6.66934 -11.3266
      vertex 63.9 -5.8645 -11.2572
    endloop
  endfacet
  facet normal 0.164315 -0.960647 -0.223959
    outer loop
      vertex 63.9 -5.8645 -11.2572
      vertex 59.1 -6.66934 -11.3266
      vertex 59.1 -6.5683 -11.76
    endloop
  endfacet
  facet normal 0.164317 0.837616 -0.52096
    outer loop
      vertex 63.9 5.14916 -13.0756
      vertex 63.9 4.98882 -13.3334
      vertex 59.1 5.65399 -13.7779
    endloop
  endfacet
  facet normal 0.164313 0.286357 0.943928
    outer loop
      vertex 59.1 1.75997 -3.4317
      vertex 63.9 1.92864 -4.31842
      vertex 59.1 2.18579 -3.56088
    endloop
  endfacet
  facet normal 0.16432 0.286278 0.943951
    outer loop
      vertex 63.9 1.92864 -4.31842
      vertex 59.1 1.75997 -3.4317
      vertex 63.9 1.84347 -4.29259
    endloop
  endfacet
  facet normal 0.164343 0.464523 -0.870178
    outer loop
      vertex 59.1 3.00756 -16.0987
      vertex 63.9 3 -15.1962
      vertex 63.9 2.92151 -15.2381
    endloop
  endfacet
  facet normal 0.164309 0.46488 -0.869994
    outer loop
      vertex 63.9 3 -15.1962
      vertex 59.1 3.00756 -16.0987
      vertex 59.1 3.4 -15.889
    endloop
  endfacet
  facet normal 0.164313 -0.407065 -0.898499
    outer loop
      vertex 63.9 -2.57267 -15.418
      vertex 59.1 -2.60225 -16.2824
      vertex 63.9 -2.2961 -15.5433
    endloop
  endfacet
  facet normal 0.164313 -0.407119 0.898474
    outer loop
      vertex 63.9 -2.2961 -4.45672
      vertex 59.1 -2.60225 -3.71762
      vertex 63.9 -2.57267 -4.58204
    endloop
  endfacet
  facet normal 0.16432 0.943951 0.286278
    outer loop
      vertex 59.1 6.5683 -8.24003
      vertex 63.9 5.68158 -8.07136
      vertex 63.9 5.70741 -8.15653
    endloop
  endfacet
  facet normal 0.164313 0.943928 0.286357
    outer loop
      vertex 63.9 5.68158 -8.07136
      vertex 59.1 6.5683 -8.24003
      vertex 59.1 6.43912 -7.81421
    endloop
  endfacet
  facet normal 0.164313 -0.837662 0.520887
    outer loop
      vertex 63.9 -4.98882 -6.66658
      vertex 59.1 -5.65399 -6.22212
      vertex 63.9 -5.14916 -6.92443
    endloop
  endfacet
  facet normal 0.164295 0.0968099 -0.981649
    outer loop
      vertex 63.9 0.392418 -15.9872
      vertex 59.1 0.444741 -16.7854
      vertex 63.9 0.694589 -15.9574
    endloop
  endfacet
  facet normal 0.16427 0.575018 -0.80148
    outer loop
      vertex 59.1 3.77788 -15.654
      vertex 63.9 3.65257 -14.7601
      vertex 63.9 3.58023 -14.812
    endloop
  endfacet
  facet normal 0.164316 0.574574 -0.801788
    outer loop
      vertex 63.9 3.65257 -14.7601
      vertex 59.1 3.77788 -15.654
      vertex 59.1 4.13958 -15.3948
    endloop
  endfacet
  facet normal 0.164305 0.286517 -0.943881
    outer loop
      vertex 63.9 1.55291 -15.7956
      vertex 59.1 1.75997 -16.5683
      vertex 63.9 1.84347 -15.7074
    endloop
  endfacet
  facet normal 0.164313 -0.520887 0.837662
    outer loop
      vertex 59.1 -3.77788 -4.34601
      vertex 63.9 -3.33342 -5.01118
      vertex 63.9 -3.07557 -4.85084
    endloop
  endfacet
  facet normal 0.164313 -0.625768 0.762506
    outer loop
      vertex 59.1 -4.48355 -4.88749
      vertex 63.9 -3.95607 -5.48896
      vertex 63.9 -3.72136 -5.29634
    endloop
  endfacet
  facet normal 0.164318 0.943944 -0.286302
    outer loop
      vertex 63.9 5.70741 -11.8435
      vertex 59.1 6.5683 -11.76
      vertex 63.9 5.79555 -11.5529
    endloop
  endfacet
  facet normal 0.163019 0 -0.986623
    outer loop
      vertex 59.1 -0.887578 -16.7418
      vertex 63.9 -0.783156 -15.9487
      vertex 63.9 -0.783157 -15.9487
    endloop
  endfacet
  facet normal 0.164301 -0.0964317 -0.981685
    outer loop
      vertex 63.9 -0.783156 -15.9487
      vertex 59.1 -0.887578 -16.7418
      vertex 63.9 -0.694589 -15.9574
    endloop
  endfacet
  facet normal 0.164306 -0.0966507 -0.981663
    outer loop
      vertex 63.9 -0.694589 -15.9574
      vertex 59.1 -0.887578 -16.7418
      vertex 59.1 -0.444741 -16.7854
    endloop
  endfacet
  facet normal 0.164314 0.985879 0.032292
    outer loop
      vertex 63.9 5.99709 -9.91105
      vertex 59.1 6.78544 -9.55526
      vertex 63.9 5.98715 -9.60758
    endloop
  endfacet
  facet normal 0.164314 0.032292 0.985879
    outer loop
      vertex 63.9 0.392418 -4.01285
      vertex 59.1 0.444741 -3.21456
      vertex 63.9 0.0889485 -4.00291
    endloop
  endfacet
  facet normal 0.164313 0.837661 0.520889
    outer loop
      vertex 63.9 5.14916 -6.92443
      vertex 59.1 5.88897 -6.6
      vertex 59.1 5.65399 -6.22212
    endloop
  endfacet
  facet normal 0.164313 0.837672 0.520871
    outer loop
      vertex 63.9 5.19615 -7
      vertex 59.1 5.88897 -6.6
      vertex 63.9 5.14916 -6.92443
    endloop
  endfacet
  facet normal 0.164313 0.801801 0.574558
    outer loop
      vertex 63.9 4.98882 -6.66658
      vertex 59.1 5.65399 -6.22212
      vertex 63.9 4.81196 -6.41977
    endloop
  endfacet
  facet normal 0.164343 0.80201 -0.574257
    outer loop
      vertex 63.9 4.76012 -13.6526
      vertex 59.1 5.65399 -13.7779
      vertex 63.9 4.81196 -13.5802
    endloop
  endfacet
  facet normal 0.164312 0.801799 -0.57456
    outer loop
      vertex 59.1 5.65399 -13.7779
      vertex 63.9 4.76012 -13.6526
      vertex 59.1 5.3948 -14.1396
    endloop
  endfacet
  facet normal 0.164314 -0.674284 0.71996
    outer loop
      vertex 63.9 -3.95607 -5.48896
      vertex 59.1 -4.48355 -4.88749
      vertex 63.9 -4.17769 -5.69652
    endloop
  endfacet
  facet normal 0.164324 0.869975 -0.46491
    outer loop
      vertex 63.9 5.19615 -13
      vertex 59.1 6.09873 -13.0076
      vertex 63.9 5.2381 -12.9215
    endloop
  endfacet
  facet normal 0.164313 0.869918 -0.46502
    outer loop
      vertex 59.1 6.09873 -13.0076
      vertex 63.9 5.19615 -13
      vertex 59.1 5.88897 -13.4
    endloop
  endfacet
  facet normal 0.164314 0.98588 -0.0322888
    outer loop
      vertex 63.9 5.98715 -10.3924
      vertex 59.1 6.78544 -10.4447
      vertex 63.9 5.99709 -10.0889
    endloop
  endfacet
  facet normal 0.164313 0.762506 0.625768
    outer loop
      vertex 63.9 4.70366 -6.27864
      vertex 59.1 5.11251 -5.51645
      vertex 63.9 4.51104 -6.04393
    endloop
  endfacet
  facet normal 0.164313 -0.574558 0.801801
    outer loop
      vertex 63.9 -3.33342 -5.01118
      vertex 59.1 -3.77788 -4.34601
      vertex 63.9 -3.58023 -5.18804
    endloop
  endfacet
  facet normal 0.164315 0.960654 -0.223931
    outer loop
      vertex 59.1 6.66934 -11.3266
      vertex 63.9 5.88471 -11.1705
      vertex 63.9 5.8645 -11.2572
    endloop
  endfacet
  facet normal 0.164315 0.960647 -0.223959
    outer loop
      vertex 59.1 6.66934 -11.3266
      vertex 63.9 5.8645 -11.2572
      vertex 59.1 6.5683 -11.76
    endloop
  endfacet
  facet normal 0.164313 -0.801801 0.574558
    outer loop
      vertex 63.9 -4.81196 -6.41977
      vertex 59.1 -5.65399 -6.22212
      vertex 63.9 -4.98882 -6.66658
    endloop
  endfacet
  facet normal 0.164317 -0.347376 -0.923217
    outer loop
      vertex 59.1 -2.18579 -16.4391
      vertex 63.9 -2.01193 -15.6502
      vertex 59.1 -2.60225 -16.2824
    endloop
  endfacet
  facet normal 0.164302 -0.347966 -0.922997
    outer loop
      vertex 63.9 -2.01193 -15.6502
      vertex 59.1 -2.18579 -16.4391
      vertex 63.9 -1.92864 -15.6816
    endloop
  endfacet
  facet normal 0.164305 0.223844 -0.960676
    outer loop
      vertex 59.1 1.75997 -16.5683
      vertex 63.9 1.55291 -15.7956
      vertex 63.9 1.25721 -15.8645
    endloop
  endfacet
  facet normal 0.164305 -0.223844 -0.960676
    outer loop
      vertex 63.9 -1.55291 -15.7956
      vertex 59.1 -1.75997 -16.5683
      vertex 63.9 -1.25721 -15.8645
    endloop
  endfacet
  facet normal 0.164312 0.898478 0.40711
    outer loop
      vertex 63.9 5.38124 -7.34627
      vertex 59.1 6.28238 -7.39775
      vertex 59.1 6.09873 -6.99244
    endloop
  endfacet
  facet normal 0.16432 0.898515 0.407025
    outer loop
      vertex 59.1 6.28238 -7.39775
      vertex 63.9 5.38124 -7.34627
      vertex 63.9 5.41796 -7.42733
    endloop
  endfacet
  facet normal 0.164314 -0.981659 0.0966812
    outer loop
      vertex 63.9 -5.95739 -9.30541
      vertex 59.1 -6.78544 -9.55526
      vertex 63.9 -5.98715 -9.60758
    endloop
  endfacet
  facet normal 0.164313 -0.98588 -0.0322712
    outer loop
      vertex 59.1 -6.8 -10
      vertex 63.9 -5.99709 -10.0889
      vertex 63.9 -6 -10
    endloop
  endfacet
  facet normal 0.164313 -0.98588 -0.0322789
    outer loop
      vertex 63.9 -5.99709 -10.0889
      vertex 59.1 -6.8 -10
      vertex 59.1 -6.78544 -10.4447
    endloop
  endfacet
  facet normal 0.164312 0.40711 0.898478
    outer loop
      vertex 59.1 2.60225 -3.71762
      vertex 63.9 2.65373 -4.61876
      vertex 59.1 3.00756 -3.90127
    endloop
  endfacet
  facet normal 0.16432 0.407025 0.898515
    outer loop
      vertex 63.9 2.65373 -4.61876
      vertex 59.1 2.60225 -3.71762
      vertex 63.9 2.57267 -4.58204
    endloop
  endfacet
  facet normal 0.164312 0.465011 0.869923
    outer loop
      vertex 63.9 2.92151 -4.7619
      vertex 59.1 3.00756 -3.90127
      vertex 63.9 2.65373 -4.61876
    endloop
  endfacet
  facet normal 0.164312 0.762519 -0.625753
    outer loop
      vertex 63.9 4.70366 -13.7214
      vertex 59.1 5.3948 -14.1396
      vertex 63.9 4.76012 -13.6526
    endloop
  endfacet
  facet normal 0.164312 0.76253 -0.62574
    outer loop
      vertex 59.1 5.3948 -14.1396
      vertex 63.9 4.70366 -13.7214
      vertex 59.1 5.11251 -14.4836
    endloop
  endfacet
  facet normal 0.164316 0.762493 -0.625783
    outer loop
      vertex 63.9 4.51104 -13.9561
      vertex 59.1 5.11251 -14.4836
      vertex 63.9 4.70366 -13.7214
    endloop
  endfacet
  facet normal 0.164312 -0.465011 0.869923
    outer loop
      vertex 63.9 -2.65373 -4.61876
      vertex 59.1 -3.00756 -3.90127
      vertex 63.9 -2.92151 -4.7619
    endloop
  endfacet
  facet normal 0.164316 -0.719929 -0.674316
    outer loop
      vertex 63.9 -4.51104 -13.9561
      vertex 59.1 -5.11251 -14.4836
      vertex 63.9 -4.30348 -14.1777
    endloop
  endfacet
  facet normal 0.164315 -0.223997 0.960638
    outer loop
      vertex 59.1 -1.75997 -3.4317
      vertex 63.9 -1.55291 -4.20445
      vertex 63.9 -1.25721 -4.1355
    endloop
  endfacet
  facet normal 0.164317 0.960638 -0.223997
    outer loop
      vertex 63.9 5.79555 -11.5529
      vertex 59.1 6.5683 -11.76
      vertex 63.9 5.8645 -11.2572
    endloop
  endfacet
  facet normal 0.164312 -0.898478 0.40711
    outer loop
      vertex 59.1 -6.28238 -7.39775
      vertex 63.9 -5.38124 -7.34627
      vertex 59.1 -6.09873 -6.99244
    endloop
  endfacet
  facet normal 0.16432 -0.898515 0.407025
    outer loop
      vertex 63.9 -5.38124 -7.34627
      vertex 59.1 -6.28238 -7.39775
      vertex 63.9 -5.41796 -7.42733
    endloop
  endfacet
  facet normal 0.164315 0.943934 0.286338
    outer loop
      vertex 63.9 5.79555 -8.44709
      vertex 59.1 6.5683 -8.24003
      vertex 63.9 5.70741 -8.15653
    endloop
  endfacet
  facet normal 0.164313 -0.981659 -0.0966809
    outer loop
      vertex 59.1 -6.74182 -10.8876
      vertex 63.9 -5.95739 -10.6946
      vertex 59.1 -6.78544 -10.4447
    endloop
  endfacet
  facet normal 0.164311 -0.981666 -0.0966154
    outer loop
      vertex 63.9 -5.95739 -10.6946
      vertex 59.1 -6.74182 -10.8876
      vertex 63.9 -5.94867 -10.7832
    endloop
  endfacet
  facet normal 0.164308 -0.674347 0.719902
    outer loop
      vertex 59.1 -4.48355 -4.88749
      vertex 63.9 -4.24264 -5.75736
      vertex 63.9 -4.17769 -5.69652
    endloop
  endfacet
  facet normal 0.164315 -0.674289 0.719954
    outer loop
      vertex 63.9 -4.24264 -5.75736
      vertex 59.1 -4.48355 -4.88749
      vertex 59.1 -4.80833 -5.19167
    endloop
  endfacet
  facet normal 0.164313 -0.923189 0.347454
    outer loop
      vertex 59.1 -6.43912 -7.81421
      vertex 63.9 -5.65023 -7.98807
      vertex 59.1 -6.28238 -7.39775
    endloop
  endfacet
  facet normal 0.164312 -0.923179 0.34748
    outer loop
      vertex 63.9 -5.65023 -7.98807
      vertex 59.1 -6.43912 -7.81421
      vertex 63.9 -5.68158 -8.07136
    endloop
  endfacet
  facet normal 0.164313 0.92319 0.347451
    outer loop
      vertex 59.1 6.28238 -7.39775
      vertex 63.9 5.54328 -7.7039
      vertex 63.9 5.65023 -7.98807
    endloop
  endfacet
  facet normal 0.164314 0.0966809 0.981659
    outer loop
      vertex 63.9 0.694589 -4.04261
      vertex 59.1 0.444741 -3.21456
      vertex 63.9 0.392418 -4.01285
    endloop
  endfacet
  facet normal 0.164324 -0.869975 -0.46491
    outer loop
      vertex 59.1 -6.09873 -13.0076
      vertex 63.9 -5.19615 -13
      vertex 63.9 -5.2381 -12.9215
    endloop
  endfacet
  facet normal 0.164313 -0.869918 -0.46502
    outer loop
      vertex 63.9 -5.19615 -13
      vertex 59.1 -6.09873 -13.0076
      vertex 59.1 -5.88897 -13.4
    endloop
  endfacet
  facet normal 0.164302 0.347966 -0.922997
    outer loop
      vertex 59.1 2.18579 -16.4391
      vertex 63.9 2.01193 -15.6502
      vertex 63.9 1.92864 -15.6816
    endloop
  endfacet
  facet normal 0.164317 0.347376 -0.923217
    outer loop
      vertex 63.9 2.01193 -15.6502
      vertex 59.1 2.18579 -16.4391
      vertex 59.1 2.60225 -16.2824
    endloop
  endfacet
  facet normal 0.164315 -0.286338 0.943934
    outer loop
      vertex 63.9 -1.55291 -4.20445
      vertex 59.1 -1.75997 -3.4317
      vertex 63.9 -1.84347 -4.29259
    endloop
  endfacet
  facet normal 0.164313 -0.801799 0.57456
    outer loop
      vertex 59.1 -5.65399 -6.22212
      vertex 63.9 -4.76012 -6.34743
      vertex 59.1 -5.3948 -5.86042
    endloop
  endfacet
  facet normal 0.164311 -0.801789 0.574575
    outer loop
      vertex 63.9 -4.76012 -6.34743
      vertex 59.1 -5.65399 -6.22212
      vertex 63.9 -4.81196 -6.41977
    endloop
  endfacet
  facet normal 0.164295 0.0321623 -0.985887
    outer loop
      vertex 59.1 0.444741 -16.7854
      vertex 63.9 0.392418 -15.9872
      vertex 63.9 0.0889485 -15.9971
    endloop
  endfacet
  facet normal 0.16432 -0.286278 0.943951
    outer loop
      vertex 59.1 -1.75997 -3.4317
      vertex 63.9 -1.92864 -4.31842
      vertex 63.9 -1.84347 -4.29259
    endloop
  endfacet
  facet normal 0.164313 -0.286357 0.943928
    outer loop
      vertex 63.9 -1.92864 -4.31842
      vertex 59.1 -1.75997 -3.4317
      vertex 59.1 -2.18579 -3.56088
    endloop
  endfacet
  facet normal 0.164313 0.973235 0.160672
    outer loop
      vertex 63.9 5.93417 -9.12904
      vertex 59.1 6.74182 -9.11242
      vertex 59.1 6.66934 -8.67339
    endloop
  endfacet
  facet normal 0.164312 0.973226 0.160726
    outer loop
      vertex 59.1 6.74182 -9.11242
      vertex 63.9 5.93417 -9.12904
      vertex 63.9 5.94867 -9.21684
    endloop
  endfacet
  facet normal 0.164308 -0.160807 -0.973213
    outer loop
      vertex 63.9 -1.17054 -15.8847
      vertex 59.1 -1.32661 -16.6693
      vertex 63.9 -0.870964 -15.9342
    endloop
  endfacet
  facet normal 0.164314 -0.960643 0.223979
    outer loop
      vertex 59.1 -6.66934 -8.67339
      vertex 63.9 -5.8645 -8.74279
      vertex 59.1 -6.5683 -8.24003
    endloop
  endfacet
  facet normal 0.164314 -0.960637 0.224004
    outer loop
      vertex 59.1 -6.66934 -8.67339
      vertex 63.9 -5.88471 -8.82946
      vertex 63.9 -5.8645 -8.74279
    endloop
  endfacet
  facet normal 0.164295 -0.0968099 -0.981649
    outer loop
      vertex 63.9 -0.694589 -15.9574
      vertex 59.1 -0.444741 -16.7854
      vertex 63.9 -0.392418 -15.9872
    endloop
  endfacet
  facet normal 0.164295 -0.0321623 -0.985887
    outer loop
      vertex 63.9 -0.392418 -15.9872
      vertex 59.1 -0.444741 -16.7854
      vertex 63.9 -0.0889485 -15.9971
    endloop
  endfacet
  facet normal 0.164315 0.960638 0.223997
    outer loop
      vertex 63.9 5.8645 -8.74279
      vertex 59.1 6.5683 -8.24003
      vertex 63.9 5.79555 -8.44709
    endloop
  endfacet
  facet normal 0.164319 0.67418 -0.720056
    outer loop
      vertex 63.9 3.95607 -14.511
      vertex 59.1 4.48355 -15.1125
      vertex 63.9 4.17769 -14.3035
    endloop
  endfacet
  facet normal 0.164311 0.973226 -0.160726
    outer loop
      vertex 63.9 5.93417 -10.871
      vertex 59.1 6.74182 -10.8876
      vertex 63.9 5.94867 -10.7832
    endloop
  endfacet
  facet normal 0.164312 0.973233 -0.160683
    outer loop
      vertex 59.1 6.74182 -10.8876
      vertex 63.9 5.93417 -10.871
      vertex 59.1 6.66934 -11.3266
    endloop
  endfacet
  facet normal 0.164314 0.960643 0.223979
    outer loop
      vertex 63.9 5.8645 -8.74279
      vertex 59.1 6.66934 -8.67339
      vertex 59.1 6.5683 -8.24003
    endloop
  endfacet
  facet normal 0.164314 0.960637 0.224004
    outer loop
      vertex 63.9 5.88471 -8.82946
      vertex 59.1 6.66934 -8.67339
      vertex 63.9 5.8645 -8.74279
    endloop
  endfacet
  facet normal 0.164314 -0.71996 0.674284
    outer loop
      vertex 63.9 -4.30348 -5.82231
      vertex 59.1 -5.11251 -5.51645
      vertex 63.9 -4.51104 -6.04393
    endloop
  endfacet
  facet normal 0.164311 -0.574575 0.801789
    outer loop
      vertex 59.1 -3.77788 -4.34601
      vertex 63.9 -3.65257 -5.23988
      vertex 63.9 -3.58023 -5.18804
    endloop
  endfacet
  facet normal 0.164313 -0.57456 0.801799
    outer loop
      vertex 63.9 -3.65257 -5.23988
      vertex 59.1 -3.77788 -4.34601
      vertex 59.1 -4.13958 -4.6052
    endloop
  endfacet
  facet normal 0.164315 0.223997 0.960638
    outer loop
      vertex 63.9 1.55291 -4.20445
      vertex 59.1 1.75997 -3.4317
      vertex 63.9 1.25721 -4.1355
    endloop
  endfacet
  facet normal 0.164314 0.160681 0.973233
    outer loop
      vertex 63.9 1.17054 -4.11529
      vertex 59.1 1.32661 -3.33066
      vertex 63.9 0.870964 -4.06583
    endloop
  endfacet
  facet normal 0.164313 -0.762506 0.625768
    outer loop
      vertex 63.9 -4.51104 -6.04393
      vertex 59.1 -5.11251 -5.51645
      vertex 63.9 -4.70366 -6.27864
    endloop
  endfacet
  facet normal 0.164313 0.923189 0.347454
    outer loop
      vertex 63.9 5.65023 -7.98807
      vertex 59.1 6.43912 -7.81421
      vertex 59.1 6.28238 -7.39775
    endloop
  endfacet
  facet normal 0.164312 0.923179 0.34748
    outer loop
      vertex 59.1 6.43912 -7.81421
      vertex 63.9 5.65023 -7.98807
      vertex 63.9 5.68158 -8.07136
    endloop
  endfacet
  facet normal 0.164314 0.46491 -0.869977
    outer loop
      vertex 63.9 2.65373 -15.3812
      vertex 59.1 3.00756 -16.0987
      vertex 63.9 2.92151 -15.2381
    endloop
  endfacet
  facet normal 0.164309 -0.923202 -0.347419
    outer loop
      vertex 59.1 -6.28238 -12.6022
      vertex 63.9 -5.54328 -12.2961
      vertex 63.9 -5.65023 -12.0119
    endloop
  endfacet
  facet normal 0.164313 -0.625807 0.762474
    outer loop
      vertex 59.1 -4.13958 -4.6052
      vertex 63.9 -3.72136 -5.29634
      vertex 63.9 -3.65257 -5.23988
    endloop
  endfacet
  facet normal 0.164314 -0.625772 0.762503
    outer loop
      vertex 63.9 -3.72136 -5.29634
      vertex 59.1 -4.13958 -4.6052
      vertex 59.1 -4.48355 -4.88749
    endloop
  endfacet
  facet normal 0.164319 -0.574428 -0.801893
    outer loop
      vertex 63.9 -3.58023 -14.812
      vertex 59.1 -3.77788 -15.654
      vertex 63.9 -3.33342 -14.9888
    endloop
  endfacet
  facet normal 0.164271 0.674705 -0.719575
    outer loop
      vertex 59.1 4.48355 -15.1125
      vertex 63.9 4.24264 -14.2426
      vertex 63.9 4.17769 -14.3035
    endloop
  endfacet
  facet normal 0.164316 0.674313 -0.719932
    outer loop
      vertex 63.9 4.24264 -14.2426
      vertex 59.1 4.48355 -15.1125
      vertex 59.1 4.80833 -14.8083
    endloop
  endfacet
  facet normal 0.164313 -0.347451 0.92319
    outer loop
      vertex 59.1 -2.60225 -3.71762
      vertex 63.9 -2.2961 -4.45672
      vertex 63.9 -2.01193 -4.34977
    endloop
  endfacet
  facet normal 0.164314 -0.224004 0.960637
    outer loop
      vertex 63.9 -1.17054 -4.11529
      vertex 59.1 -1.32661 -3.33066
      vertex 63.9 -1.25721 -4.1355
    endloop
  endfacet
  facet normal 0.164314 -0.223979 0.960643
    outer loop
      vertex 63.9 -1.25721 -4.1355
      vertex 59.1 -1.32661 -3.33066
      vertex 59.1 -1.75997 -3.4317
    endloop
  endfacet
  facet normal 0.164319 0.625922 -0.762378
    outer loop
      vertex 59.1 4.48355 -15.1125
      vertex 63.9 3.95607 -14.511
      vertex 63.9 3.72136 -14.7037
    endloop
  endfacet
  facet normal 0.164311 0.981666 -0.0966154
    outer loop
      vertex 59.1 6.74182 -10.8876
      vertex 63.9 5.95739 -10.6946
      vertex 63.9 5.94867 -10.7832
    endloop
  endfacet
  facet normal 0.164313 0.981659 -0.0966809
    outer loop
      vertex 63.9 5.95739 -10.6946
      vertex 59.1 6.74182 -10.8876
      vertex 59.1 6.78544 -10.4447
    endloop
  endfacet
  facet normal 0.164314 0.625772 0.762503
    outer loop
      vertex 59.1 4.13958 -4.6052
      vertex 63.9 3.72136 -5.29634
      vertex 59.1 4.48355 -4.88749
    endloop
  endfacet
  facet normal 0.164313 0.625807 0.762474
    outer loop
      vertex 63.9 3.72136 -5.29634
      vertex 59.1 4.13958 -4.6052
      vertex 63.9 3.65257 -5.23988
    endloop
  endfacet
  facet normal 0.164312 -0.34748 0.923179
    outer loop
      vertex 59.1 -2.18579 -3.56088
      vertex 63.9 -2.01193 -4.34977
      vertex 63.9 -1.92864 -4.31842
    endloop
  endfacet
  facet normal 0.164313 -0.347454 0.923189
    outer loop
      vertex 63.9 -2.01193 -4.34977
      vertex 59.1 -2.18579 -3.56088
      vertex 59.1 -2.60225 -3.71762
    endloop
  endfacet
  facet normal 0.164288 -0.719645 -0.674626
    outer loop
      vertex 59.1 -5.11251 -14.4836
      vertex 63.9 -4.24264 -14.2426
      vertex 63.9 -4.30348 -14.1777
    endloop
  endfacet
  facet normal 0.164317 -0.719871 -0.674378
    outer loop
      vertex 63.9 -4.24264 -14.2426
      vertex 59.1 -5.11251 -14.4836
      vertex 59.1 -4.80833 -14.8083
    endloop
  endfacet
  facet normal 0.164316 -0.762493 -0.625783
    outer loop
      vertex 63.9 -4.70366 -13.7214
      vertex 59.1 -5.11251 -14.4836
      vertex 63.9 -4.51104 -13.9561
    endloop
  endfacet
  facet normal 0.164314 -0.973233 0.160679
    outer loop
      vertex 63.9 -5.88471 -8.82946
      vertex 59.1 -6.66934 -8.67339
      vertex 63.9 -5.93417 -9.12904
    endloop
  endfacet
  facet normal 0.164319 0.521027 -0.837574
    outer loop
      vertex 59.1 3.77788 -15.654
      vertex 63.9 3.33342 -14.9888
      vertex 63.9 3.07557 -15.1492
    endloop
  endfacet
  facet normal 0.164318 0.869936 -0.464984
    outer loop
      vertex 63.9 5.2381 -12.9215
      vertex 59.1 6.09873 -13.0076
      vertex 63.9 5.38124 -12.6537
    endloop
  endfacet
  facet normal 0.164313 0.837662 0.520887
    outer loop
      vertex 59.1 5.65399 -6.22212
      vertex 63.9 4.98882 -6.66658
      vertex 63.9 5.14916 -6.92443
    endloop
  endfacet
  facet normal 0.164314 -0.0966809 0.981659
    outer loop
      vertex 63.9 -0.392418 -4.01285
      vertex 59.1 -0.444741 -3.21456
      vertex 63.9 -0.694589 -4.04261
    endloop
  endfacet
  facet normal 0.164315 -0.943934 0.286338
    outer loop
      vertex 63.9 -5.70741 -8.15653
      vertex 59.1 -6.5683 -8.24003
      vertex 63.9 -5.79555 -8.44709
    endloop
  endfacet
  facet normal 0.164314 0.674284 0.71996
    outer loop
      vertex 63.9 4.17769 -5.69652
      vertex 59.1 4.48355 -4.88749
      vertex 63.9 3.95607 -5.48896
    endloop
  endfacet
  facet normal 0.164316 0.719929 -0.674316
    outer loop
      vertex 63.9 4.30348 -14.1777
      vertex 59.1 5.11251 -14.4836
      vertex 63.9 4.51104 -13.9561
    endloop
  endfacet
  facet normal 0.164307 -0.625786 -0.762493
    outer loop
      vertex 59.1 -4.13958 -15.3948
      vertex 63.9 -3.72136 -14.7037
      vertex 59.1 -4.48355 -15.1125
    endloop
  endfacet
  facet normal 0.164319 -0.625409 -0.762799
    outer loop
      vertex 63.9 -3.72136 -14.7037
      vertex 59.1 -4.13958 -15.3948
      vertex 63.9 -3.65257 -14.7601
    endloop
  endfacet
  facet normal 0.164314 -0.46491 -0.869977
    outer loop
      vertex 63.9 -2.92151 -15.2381
      vertex 59.1 -3.00756 -16.0987
      vertex 63.9 -2.65373 -15.3812
    endloop
  endfacet
  facet normal 0.164319 -0.521027 -0.837574
    outer loop
      vertex 63.9 -3.33342 -14.9888
      vertex 59.1 -3.77788 -15.654
      vertex 63.9 -3.07557 -15.1492
    endloop
  endfacet
  facet normal 0.16432 -0.407025 0.898515
    outer loop
      vertex 59.1 -2.60225 -3.71762
      vertex 63.9 -2.65373 -4.61876
      vertex 63.9 -2.57267 -4.58204
    endloop
  endfacet
  facet normal 0.164312 -0.40711 0.898478
    outer loop
      vertex 63.9 -2.65373 -4.61876
      vertex 59.1 -2.60225 -3.71762
      vertex 59.1 -3.00756 -3.90127
    endloop
  endfacet
  facet normal 0.164312 -0.096651 0.981662
    outer loop
      vertex 59.1 -0.887578 -3.25818
      vertex 63.9 -0.783156 -4.05133
      vertex 63.9 -0.694589 -4.04261
    endloop
  endfacet
  facet normal 0.164313 -0.0966945 0.981657
    outer loop
      vertex 59.1 -0.887578 -3.25818
      vertex 63.9 -0.694589 -4.04261
      vertex 59.1 -0.444741 -3.21456
    endloop
  endfacet
  facet normal 0.163029 0 0.986621
    outer loop
      vertex 63.9 -0.783156 -4.05133
      vertex 59.1 -0.887578 -3.25818
      vertex 63.9 -0.783157 -4.05133
    endloop
  endfacet
  facet normal 0.164309 -0.46488 -0.869994
    outer loop
      vertex 59.1 -3.00756 -16.0987
      vertex 63.9 -3 -15.1962
      vertex 59.1 -3.4 -15.889
    endloop
  endfacet
  facet normal 0.164343 -0.464523 -0.870178
    outer loop
      vertex 63.9 -3 -15.1962
      vertex 59.1 -3.00756 -16.0987
      vertex 63.9 -2.92151 -15.2381
    endloop
  endfacet
  facet normal 0.164302 0.160714 -0.97323
    outer loop
      vertex 59.1 0.887578 -16.7418
      vertex 63.9 0.870964 -15.9342
      vertex 63.9 0.783157 -15.9487
    endloop
  endfacet
  facet normal 0.164302 0.160715 -0.973229
    outer loop
      vertex 63.9 0.870964 -15.9342
      vertex 59.1 0.887578 -16.7418
      vertex 59.1 1.32661 -16.6693
    endloop
  endfacet
  facet normal 0.164301 0.0964317 -0.981685
    outer loop
      vertex 59.1 0.887578 -16.7418
      vertex 63.9 0.783156 -15.9487
      vertex 63.9 0.694589 -15.9574
    endloop
  endfacet
  facet normal 0.164306 0.0966507 -0.981663
    outer loop
      vertex 59.1 0.887578 -16.7418
      vertex 63.9 0.694589 -15.9574
      vertex 59.1 0.444741 -16.7854
    endloop
  endfacet
  facet normal 0.163019 0 -0.986623
    outer loop
      vertex 63.9 0.783156 -15.9487
      vertex 59.1 0.887578 -16.7418
      vertex 63.9 0.783157 -15.9487
    endloop
  endfacet
  facet normal 0.164313 0.625768 0.762506
    outer loop
      vertex 63.9 3.72136 -5.29634
      vertex 63.9 3.95607 -5.48896
      vertex 59.1 4.48355 -4.88749
    endloop
  endfacet
  facet normal 0.164314 0.981659 0.0966812
    outer loop
      vertex 63.9 5.98715 -9.60758
      vertex 59.1 6.78544 -9.55526
      vertex 63.9 5.95739 -9.30541
    endloop
  endfacet
  facet normal 0.164343 -0.80201 -0.574257
    outer loop
      vertex 59.1 -5.65399 -13.7779
      vertex 63.9 -4.76012 -13.6526
      vertex 63.9 -4.81196 -13.5802
    endloop
  endfacet
  facet normal 0.164312 -0.801799 -0.57456
    outer loop
      vertex 63.9 -4.76012 -13.6526
      vertex 59.1 -5.65399 -13.7779
      vertex 59.1 -5.3948 -14.1396
    endloop
  endfacet
  facet normal 0.164314 -0.837765 -0.520722
    outer loop
      vertex 63.9 -5.19615 -13
      vertex 59.1 -5.88897 -13.4
      vertex 63.9 -5.14916 -13.0756
    endloop
  endfacet
  facet normal 0.16431 -0.837674 -0.520869
    outer loop
      vertex 63.9 -5.14916 -13.0756
      vertex 59.1 -5.88897 -13.4
      vertex 59.1 -5.65399 -13.7779
    endloop
  endfacet
  facet normal 0.164319 -0.625922 -0.762378
    outer loop
      vertex 63.9 -3.72136 -14.7037
      vertex 63.9 -3.95607 -14.511
      vertex 59.1 -4.48355 -15.1125
    endloop
  endfacet
  facet normal 0.164313 0.347454 0.923189
    outer loop
      vertex 59.1 2.18579 -3.56088
      vertex 63.9 2.01193 -4.34977
      vertex 59.1 2.60225 -3.71762
    endloop
  endfacet
  facet normal 0.164312 0.34748 0.923179
    outer loop
      vertex 63.9 2.01193 -4.34977
      vertex 59.1 2.18579 -3.56088
      vertex 63.9 1.92864 -4.31842
    endloop
  endfacet
  facet normal 0.164313 0.520887 0.837662
    outer loop
      vertex 63.9 3.33342 -5.01118
      vertex 59.1 3.77788 -4.34601
      vertex 63.9 3.07557 -4.85084
    endloop
  endfacet
  facet normal 0.164318 -0.943944 -0.286302
    outer loop
      vertex 63.9 -5.79555 -11.5529
      vertex 59.1 -6.5683 -11.76
      vertex 63.9 -5.70741 -11.8435
    endloop
  endfacet
  facet normal 0.164313 -0.973235 0.160672
    outer loop
      vertex 59.1 -6.74182 -9.11242
      vertex 63.9 -5.93417 -9.12904
      vertex 59.1 -6.66934 -8.67339
    endloop
  endfacet
  facet normal 0.164312 -0.973226 0.160726
    outer loop
      vertex 63.9 -5.93417 -9.12904
      vertex 59.1 -6.74182 -9.11242
      vertex 63.9 -5.94867 -9.21684
    endloop
  endfacet
  facet normal 0.164315 -0.960638 0.223997
    outer loop
      vertex 63.9 -5.79555 -8.44709
      vertex 59.1 -6.5683 -8.24003
      vertex 63.9 -5.8645 -8.74279
    endloop
  endfacet
  facet normal 0.164313 -0.943928 0.286357
    outer loop
      vertex 59.1 -6.5683 -8.24003
      vertex 63.9 -5.68158 -8.07136
      vertex 59.1 -6.43912 -7.81421
    endloop
  endfacet
  facet normal 0.16432 -0.943951 0.286278
    outer loop
      vertex 63.9 -5.68158 -8.07136
      vertex 59.1 -6.5683 -8.24003
      vertex 63.9 -5.70741 -8.15653
    endloop
  endfacet
  facet normal 0.164312 0.347309 -0.923243
    outer loop
      vertex 59.1 2.60225 -16.2824
      vertex 63.9 2.2961 -15.5433
      vertex 63.9 2.01193 -15.6502
    endloop
  endfacet
  facet normal 0.164313 0.347451 0.92319
    outer loop
      vertex 63.9 2.2961 -4.45672
      vertex 59.1 2.60225 -3.71762
      vertex 63.9 2.01193 -4.34977
    endloop
  endfacet
  facet normal 0.164313 0.898474 0.407119
    outer loop
      vertex 63.9 5.54328 -7.7039
      vertex 59.1 6.28238 -7.39775
      vertex 63.9 5.41796 -7.42733
    endloop
  endfacet
  facet normal 0.164312 -0.981662 0.0966478
    outer loop
      vertex 59.1 -6.74182 -9.11242
      vertex 63.9 -5.95739 -9.30541
      vertex 63.9 -5.94867 -9.21684
    endloop
  endfacet
  facet normal 0.164313 -0.981658 0.0966938
    outer loop
      vertex 63.9 -5.95739 -9.30541
      vertex 59.1 -6.74182 -9.11242
      vertex 59.1 -6.78544 -9.55526
    endloop
  endfacet
  facet normal 0.164317 -0.837616 -0.52096
    outer loop
      vertex 63.9 -5.14916 -13.0756
      vertex 59.1 -5.65399 -13.7779
      vertex 63.9 -4.98882 -13.3334
    endloop
  endfacet
  facet normal 0.164314 -0.98166 -0.0966717
    outer loop
      vertex 63.9 -5.98715 -10.3924
      vertex 59.1 -6.78544 -10.4447
      vertex 63.9 -5.95739 -10.6946
    endloop
  endfacet
  facet normal 0.164311 -0.973226 -0.160726
    outer loop
      vertex 59.1 -6.74182 -10.8876
      vertex 63.9 -5.93417 -10.871
      vertex 63.9 -5.94867 -10.7832
    endloop
  endfacet
  facet normal 0.164312 -0.973233 -0.160683
    outer loop
      vertex 63.9 -5.93417 -10.871
      vertex 59.1 -6.74182 -10.8876
      vertex 59.1 -6.66934 -11.3266
    endloop
  endfacet
  facet normal 0.164316 -0.923192 -0.347444
    outer loop
      vertex 59.1 -6.43912 -12.1858
      vertex 63.9 -5.65023 -12.0119
      vertex 63.9 -5.68158 -11.9286
    endloop
  endfacet
  facet normal 0.164315 -0.923172 -0.347497
    outer loop
      vertex 63.9 -5.65023 -12.0119
      vertex 59.1 -6.43912 -12.1858
      vertex 59.1 -6.28238 -12.6022
    endloop
  endfacet
  facet normal 0.164305 -0.943888 -0.286494
    outer loop
      vertex 59.1 -6.5683 -11.76
      vertex 63.9 -5.68158 -11.9286
      vertex 63.9 -5.70741 -11.8435
    endloop
  endfacet
  facet normal 0.164316 -0.943924 -0.286369
    outer loop
      vertex 63.9 -5.68158 -11.9286
      vertex 59.1 -6.5683 -11.76
      vertex 59.1 -6.43912 -12.1858
    endloop
  endfacet
  facet normal 0.164315 -0.973226 -0.16072
    outer loop
      vertex 63.9 -5.93417 -10.871
      vertex 59.1 -6.66934 -11.3266
      vertex 63.9 -5.88471 -11.1705
    endloop
  endfacet
  facet normal 0 -0.956952 -0.290247
    outer loop
      vertex 75.9 -5.70741 -11.8435
      vertex 77.1 -5.79555 -11.5529
      vertex 75.9 -5.79555 -11.5529
    endloop
  endfacet
  facet normal -0 -0.956893 -0.290441
    outer loop
      vertex 77.1 -5.68158 -11.9286
      vertex 75.9 -5.70741 -11.8435
      vertex 75.9 -5.68158 -11.9286
    endloop
  endfacet
  facet normal 1.16402e-05 -0.956938 -0.290291
    outer loop
      vertex 75.9 -5.70741 -11.8435
      vertex 77.1 -5.68158 -11.9286
      vertex 77.1 -5.79555 -11.5529
    endloop
  endfacet
  facet normal 0 -0.956938 -0.290291
    outer loop
      vertex 49.7559 -5.68158 -11.9286
      vertex 59.1 -5.79555 -11.5529
      vertex 49.7446 -5.79555 -11.5529
    endloop
  endfacet
  facet normal 0 -0.956938 -0.290291
    outer loop
      vertex 59.1 -5.79555 -11.5529
      vertex 49.7559 -5.68158 -11.9286
      vertex 59.1 -5.68158 -11.9286
    endloop
  endfacet
  facet normal 0 -0.956952 -0.290247
    outer loop
      vertex 63.9 -5.70741 -11.8435
      vertex 65.1 -5.79555 -11.5529
      vertex 63.9 -5.79555 -11.5529
    endloop
  endfacet
  facet normal -0 -0.956893 -0.290441
    outer loop
      vertex 65.1 -5.68158 -11.9286
      vertex 63.9 -5.70741 -11.8435
      vertex 63.9 -5.68158 -11.9286
    endloop
  endfacet
  facet normal 1.16402e-05 -0.956938 -0.290291
    outer loop
      vertex 63.9 -5.70741 -11.8435
      vertex 65.1 -5.68158 -11.9286
      vertex 65.1 -5.79555 -11.5529
    endloop
  endfacet
  facet normal 0 -0.956952 -0.290247
    outer loop
      vertex 69.9 -5.70741 -11.8435
      vertex 71.1 -5.79555 -11.5529
      vertex 69.9 -5.79555 -11.5529
    endloop
  endfacet
  facet normal -0 -0.956893 -0.290441
    outer loop
      vertex 71.1 -5.68158 -11.9286
      vertex 69.9 -5.70741 -11.8435
      vertex 69.9 -5.68158 -11.9286
    endloop
  endfacet
  facet normal 1.16402e-05 -0.956938 -0.290291
    outer loop
      vertex 69.9 -5.70741 -11.8435
      vertex 71.1 -5.68158 -11.9286
      vertex 71.1 -5.79555 -11.5529
    endloop
  endfacet
  facet normal 0 0.910864 0.412707
    outer loop
      vertex 59.1 5.54328 -7.7039
      vertex 49.7855 5.38124 -7.34627
      vertex 59.1 5.38124 -7.34627
    endloop
  endfacet
  facet normal 0 0.910864 0.412707
    outer loop
      vertex 49.7855 5.38124 -7.34627
      vertex 59.1 5.54328 -7.7039
      vertex 49.7695 5.54328 -7.7039
    endloop
  endfacet
  facet normal 0 0.910897 0.412634
    outer loop
      vertex 77.1 5.38124 -7.34627
      vertex 75.9 5.41796 -7.42733
      vertex 75.9 5.38124 -7.34627
    endloop
  endfacet
  facet normal -5.9191e-06 0.910864 0.412707
    outer loop
      vertex 77.1 5.54328 -7.7039
      vertex 75.9 5.41796 -7.42733
      vertex 77.1 5.38124 -7.34627
    endloop
  endfacet
  facet normal 0 0.910854 0.412728
    outer loop
      vertex 75.9 5.41796 -7.42733
      vertex 77.1 5.54328 -7.7039
      vertex 75.9 5.54328 -7.7039
    endloop
  endfacet
  facet normal 0 0.910897 0.412634
    outer loop
      vertex 65.1 5.38124 -7.34627
      vertex 63.9 5.41796 -7.42733
      vertex 63.9 5.38124 -7.34627
    endloop
  endfacet
  facet normal -5.9191e-06 0.910864 0.412707
    outer loop
      vertex 65.1 5.54328 -7.7039
      vertex 63.9 5.41796 -7.42733
      vertex 65.1 5.38124 -7.34627
    endloop
  endfacet
  facet normal 0 0.910854 0.412728
    outer loop
      vertex 63.9 5.41796 -7.42733
      vertex 65.1 5.54328 -7.7039
      vertex 63.9 5.54328 -7.7039
    endloop
  endfacet
  facet normal 0 0.910897 0.412634
    outer loop
      vertex 71.1 5.38124 -7.34627
      vertex 69.9 5.41796 -7.42733
      vertex 69.9 5.38124 -7.34627
    endloop
  endfacet
  facet normal -5.9191e-06 0.910864 0.412707
    outer loop
      vertex 71.1 5.54328 -7.7039
      vertex 69.9 5.41796 -7.42733
      vertex 71.1 5.38124 -7.34627
    endloop
  endfacet
  facet normal 0 0.910854 0.412728
    outer loop
      vertex 69.9 5.41796 -7.42733
      vertex 71.1 5.54328 -7.7039
      vertex 69.9 5.54328 -7.7039
    endloop
  endfacet
  facet normal 0 0.0326009 -0.999468
    outer loop
      vertex 50.1 0 -16
      vertex 59.1 0.392418 -15.9872
      vertex 59.1 0 -16
    endloop
  endfacet
  facet normal 0 0.0326009 -0.999468
    outer loop
      vertex 59.1 0.392418 -15.9872
      vertex 50.1 0 -16
      vertex 50.0872 0.392418 -15.9872
    endloop
  endfacet
  facet normal 1.12193e-06 0.0326009 -0.999468
    outer loop
      vertex 75.9 0.0889485 -15.9971
      vertex 77.1 0.392418 -15.9872
      vertex 77.1 0 -16
    endloop
  endfacet
  facet normal 0 0.0325858 -0.999469
    outer loop
      vertex 75.9 0.0889485 -15.9971
      vertex 77.1 0 -16
      vertex 75.9 0 -16
    endloop
  endfacet
  facet normal 0 0.0326054 -0.999468
    outer loop
      vertex 77.1 0.392418 -15.9872
      vertex 75.9 0.0889485 -15.9971
      vertex 75.9 0.392418 -15.9872
    endloop
  endfacet
  facet normal 1.12193e-06 0.0326009 -0.999468
    outer loop
      vertex 63.9 0.0889485 -15.9971
      vertex 65.1 0.392418 -15.9872
      vertex 65.1 0 -16
    endloop
  endfacet
  facet normal 0 0.0326054 -0.999468
    outer loop
      vertex 65.1 0.392418 -15.9872
      vertex 63.9 0.0889485 -15.9971
      vertex 63.9 0.392418 -15.9872
    endloop
  endfacet
  facet normal 0 0.0325858 -0.999469
    outer loop
      vertex 63.9 0.0889485 -15.9971
      vertex 65.1 0 -16
      vertex 63.9 0 -16
    endloop
  endfacet
  facet normal 1.12193e-06 0.0326009 -0.999468
    outer loop
      vertex 69.9 0.0889485 -15.9971
      vertex 71.1 0.392418 -15.9872
      vertex 71.1 0 -16
    endloop
  endfacet
  facet normal 0 0.0325858 -0.999469
    outer loop
      vertex 69.9 0.0889485 -15.9971
      vertex 71.1 0 -16
      vertex 69.9 0 -16
    endloop
  endfacet
  facet normal 0 0.0326054 -0.999468
    outer loop
      vertex 71.1 0.392418 -15.9872
      vertex 69.9 0.0889485 -15.9971
      vertex 69.9 0.392418 -15.9872
    endloop
  endfacet
  facet normal 0 0.582478 -0.812846
    outer loop
      vertex 49.9871 3.33342 -14.9888
      vertex 59.1 3.65257 -14.7601
      vertex 59.1 3.33342 -14.9888
    endloop
  endfacet
  facet normal 0 0.582478 -0.812846
    outer loop
      vertex 59.1 3.65257 -14.7601
      vertex 49.9871 3.33342 -14.9888
      vertex 49.9557 3.65257 -14.7601
    endloop
  endfacet
  facet normal 0 0.582344 -0.812943
    outer loop
      vertex 75.9 3.58023 -14.812
      vertex 77.1 3.33342 -14.9888
      vertex 75.9 3.33342 -14.9888
    endloop
  endfacet
  facet normal 4.18691e-05 0.582478 -0.812846
    outer loop
      vertex 77.1 3.33342 -14.9888
      vertex 75.9 3.58023 -14.812
      vertex 77.1 3.65257 -14.7601
    endloop
  endfacet
  facet normal 0 0.582937 -0.812517
    outer loop
      vertex 77.1 3.65257 -14.7601
      vertex 75.9 3.58023 -14.812
      vertex 75.9 3.65257 -14.7601
    endloop
  endfacet
  facet normal 0 0.582344 -0.812943
    outer loop
      vertex 63.9 3.58023 -14.812
      vertex 65.1 3.33342 -14.9888
      vertex 63.9 3.33342 -14.9888
    endloop
  endfacet
  facet normal 4.18691e-05 0.582478 -0.812846
    outer loop
      vertex 65.1 3.33342 -14.9888
      vertex 63.9 3.58023 -14.812
      vertex 65.1 3.65257 -14.7601
    endloop
  endfacet
  facet normal 0 0.582937 -0.812517
    outer loop
      vertex 65.1 3.65257 -14.7601
      vertex 63.9 3.58023 -14.812
      vertex 63.9 3.65257 -14.7601
    endloop
  endfacet
  facet normal 0 0.582344 -0.812943
    outer loop
      vertex 69.9 3.58023 -14.812
      vertex 71.1 3.33342 -14.9888
      vertex 69.9 3.33342 -14.9888
    endloop
  endfacet
  facet normal 4.18691e-05 0.582478 -0.812846
    outer loop
      vertex 71.1 3.33342 -14.9888
      vertex 69.9 3.58023 -14.812
      vertex 71.1 3.65257 -14.7601
    endloop
  endfacet
  facet normal 0 0.582937 -0.812517
    outer loop
      vertex 71.1 3.65257 -14.7601
      vertex 69.9 3.58023 -14.812
      vertex 69.9 3.65257 -14.7601
    endloop
  endfacet
  facet normal 0 0.849308 -0.527897
    outer loop
      vertex 77.1 5.19615 -13
      vertex 75.9 5.14916 -13.0756
      vertex 75.9 5.19615 -13
    endloop
  endfacet
  facet normal 1.63055e-05 0.849192 -0.528084
    outer loop
      vertex 77.1 4.98882 -13.3334
      vertex 75.9 5.14916 -13.0756
      vertex 77.1 5.19615 -13
    endloop
  endfacet
  facet normal 0 0.849158 -0.528138
    outer loop
      vertex 75.9 5.14916 -13.0756
      vertex 77.1 4.98882 -13.3334
      vertex 75.9 4.98882 -13.3334
    endloop
  endfacet
  facet normal 0 0.849192 -0.528084
    outer loop
      vertex 49.8241 4.98882 -13.3334
      vertex 59.1 5.19615 -13
      vertex 59.1 4.98882 -13.3334
    endloop
  endfacet
  facet normal 0 0.849192 -0.528084
    outer loop
      vertex 59.1 5.19615 -13
      vertex 49.8241 4.98882 -13.3334
      vertex 49.8037 5.19615 -13
    endloop
  endfacet
  facet normal 0 0.849308 -0.527897
    outer loop
      vertex 65.1 5.19615 -13
      vertex 63.9 5.14916 -13.0756
      vertex 63.9 5.19615 -13
    endloop
  endfacet
  facet normal 1.63055e-05 0.849192 -0.528084
    outer loop
      vertex 65.1 4.98882 -13.3334
      vertex 63.9 5.14916 -13.0756
      vertex 65.1 5.19615 -13
    endloop
  endfacet
  facet normal 0 0.849158 -0.528138
    outer loop
      vertex 63.9 5.14916 -13.0756
      vertex 65.1 4.98882 -13.3334
      vertex 63.9 4.98882 -13.3334
    endloop
  endfacet
  facet normal 0 0.849308 -0.527897
    outer loop
      vertex 71.1 5.19615 -13
      vertex 69.9 5.14916 -13.0756
      vertex 69.9 5.19615 -13
    endloop
  endfacet
  facet normal 1.63055e-05 0.849192 -0.528084
    outer loop
      vertex 71.1 4.98882 -13.3334
      vertex 69.9 5.14916 -13.0756
      vertex 71.1 5.19615 -13
    endloop
  endfacet
  facet normal 0 0.849158 -0.528138
    outer loop
      vertex 69.9 5.14916 -13.0756
      vertex 71.1 4.98882 -13.3334
      vertex 69.9 4.98882 -13.3334
    endloop
  endfacet
  facet normal 0 0.582478 0.812846
    outer loop
      vertex 59.1 3.65257 -5.23988
      vertex 49.9871 3.33342 -5.01118
      vertex 59.1 3.33342 -5.01118
    endloop
  endfacet
  facet normal 0 0.582478 0.812846
    outer loop
      vertex 49.9871 3.33342 -5.01118
      vertex 59.1 3.65257 -5.23988
      vertex 49.9557 3.65257 -5.23988
    endloop
  endfacet
  facet normal 0 0.582492 0.812837
    outer loop
      vertex 75.9 3.58023 -5.18804
      vertex 77.1 3.65257 -5.23988
      vertex 75.9 3.65257 -5.23988
    endloop
  endfacet
  facet normal 1.22676e-06 0.582478 0.812846
    outer loop
      vertex 77.1 3.65257 -5.23988
      vertex 75.9 3.58023 -5.18804
      vertex 77.1 3.33342 -5.01118
    endloop
  endfacet
  facet normal -0 0.582474 0.812849
    outer loop
      vertex 75.9 3.33342 -5.01118
      vertex 77.1 3.33342 -5.01118
      vertex 75.9 3.58023 -5.18804
    endloop
  endfacet
  facet normal 0 0.582492 0.812837
    outer loop
      vertex 63.9 3.58023 -5.18804
      vertex 65.1 3.65257 -5.23988
      vertex 63.9 3.65257 -5.23988
    endloop
  endfacet
  facet normal 1.22676e-06 0.582478 0.812846
    outer loop
      vertex 65.1 3.65257 -5.23988
      vertex 63.9 3.58023 -5.18804
      vertex 65.1 3.33342 -5.01118
    endloop
  endfacet
  facet normal -0 0.582474 0.812849
    outer loop
      vertex 63.9 3.33342 -5.01118
      vertex 65.1 3.33342 -5.01118
      vertex 63.9 3.58023 -5.18804
    endloop
  endfacet
  facet normal 0 0.582492 0.812837
    outer loop
      vertex 69.9 3.58023 -5.18804
      vertex 71.1 3.65257 -5.23988
      vertex 69.9 3.65257 -5.23988
    endloop
  endfacet
  facet normal 1.22676e-06 0.582478 0.812846
    outer loop
      vertex 71.1 3.65257 -5.23988
      vertex 69.9 3.58023 -5.18804
      vertex 71.1 3.33342 -5.01118
    endloop
  endfacet
  facet normal -0 0.582474 0.812849
    outer loop
      vertex 69.9 3.33342 -5.01118
      vertex 71.1 3.33342 -5.01118
      vertex 69.9 3.58023 -5.18804
    endloop
  endfacet
  facet normal 0 -0.849207 0.528061
    outer loop
      vertex 59.1 -5.19615 -7
      vertex 49.8241 -4.98882 -6.66658
      vertex 49.8037 -5.19615 -7
    endloop
  endfacet
  facet normal 0 -0.849207 0.528061
    outer loop
      vertex 49.8241 -4.98882 -6.66658
      vertex 59.1 -5.19615 -7
      vertex 59.1 -4.98882 -6.66658
    endloop
  endfacet
  facet normal 0 -0.849204 0.528064
    outer loop
      vertex 75.9 -5.14916 -6.92443
      vertex 77.1 -4.98882 -6.66658
      vertex 75.9 -4.98882 -6.66658
    endloop
  endfacet
  facet normal 0 -0.849215 0.528048
    outer loop
      vertex 77.1 -5.19615 -7
      vertex 75.9 -5.14916 -6.92443
      vertex 75.9 -5.19615 -7
    endloop
  endfacet
  facet normal 1.10856e-06 -0.849207 0.528061
    outer loop
      vertex 75.9 -5.14916 -6.92443
      vertex 77.1 -5.19615 -7
      vertex 77.1 -4.98882 -6.66658
    endloop
  endfacet
  facet normal 0 -0.849204 0.528064
    outer loop
      vertex 63.9 -5.14916 -6.92443
      vertex 65.1 -4.98882 -6.66658
      vertex 63.9 -4.98882 -6.66658
    endloop
  endfacet
  facet normal 0 -0.849215 0.528048
    outer loop
      vertex 65.1 -5.19615 -7
      vertex 63.9 -5.14916 -6.92443
      vertex 63.9 -5.19615 -7
    endloop
  endfacet
  facet normal 1.10856e-06 -0.849207 0.528061
    outer loop
      vertex 63.9 -5.14916 -6.92443
      vertex 65.1 -5.19615 -7
      vertex 65.1 -4.98882 -6.66658
    endloop
  endfacet
  facet normal 0 -0.849204 0.528064
    outer loop
      vertex 69.9 -5.14916 -6.92443
      vertex 71.1 -4.98882 -6.66658
      vertex 69.9 -4.98882 -6.66658
    endloop
  endfacet
  facet normal 0 -0.849215 0.528048
    outer loop
      vertex 71.1 -5.19615 -7
      vertex 69.9 -5.14916 -6.92443
      vertex 69.9 -5.19615 -7
    endloop
  endfacet
  facet normal 1.10856e-06 -0.849207 0.528061
    outer loop
      vertex 69.9 -5.14916 -6.92443
      vertex 71.1 -5.19615 -7
      vertex 71.1 -4.98882 -6.66658
    endloop
  endfacet
  facet normal 0 -0.29034 -0.956924
    outer loop
      vertex 59.1 -1.92864 -15.6816
      vertex 50.0492 -1.55291 -15.7956
      vertex 59.1 -1.55291 -15.7956
    endloop
  endfacet
  facet normal 0 -0.29034 -0.956924
    outer loop
      vertex 50.0492 -1.55291 -15.7956
      vertex 59.1 -1.92864 -15.6816
      vertex 50.0369 -1.92864 -15.6816
    endloop
  endfacet
  facet normal -3.29943e-05 -0.29034 -0.956924
    outer loop
      vertex 77.1 -1.92864 -15.6816
      vertex 75.9 -1.84347 -15.7074
      vertex 77.1 -1.55291 -15.7956
    endloop
  endfacet
  facet normal 0 -0.289914 -0.957053
    outer loop
      vertex 75.9 -1.84347 -15.7074
      vertex 77.1 -1.92864 -15.6816
      vertex 75.9 -1.92864 -15.6816
    endloop
  endfacet
  facet normal 0 -0.290464 -0.956886
    outer loop
      vertex 75.9 -1.55291 -15.7956
      vertex 77.1 -1.55291 -15.7956
      vertex 75.9 -1.84347 -15.7074
    endloop
  endfacet
  facet normal -3.29943e-05 -0.29034 -0.956924
    outer loop
      vertex 63.9 -1.84347 -15.7074
      vertex 65.1 -1.55291 -15.7956
      vertex 65.1 -1.92864 -15.6816
    endloop
  endfacet
  facet normal 0 -0.289914 -0.957053
    outer loop
      vertex 63.9 -1.84347 -15.7074
      vertex 65.1 -1.92864 -15.6816
      vertex 63.9 -1.92864 -15.6816
    endloop
  endfacet
  facet normal -0 -0.290464 -0.956886
    outer loop
      vertex 65.1 -1.55291 -15.7956
      vertex 63.9 -1.84347 -15.7074
      vertex 63.9 -1.55291 -15.7956
    endloop
  endfacet
  facet normal -3.29943e-05 -0.29034 -0.956924
    outer loop
      vertex 71.1 -1.92864 -15.6816
      vertex 69.9 -1.84347 -15.7074
      vertex 71.1 -1.55291 -15.7956
    endloop
  endfacet
  facet normal 0 -0.289914 -0.957053
    outer loop
      vertex 69.9 -1.84347 -15.7074
      vertex 71.1 -1.92864 -15.6816
      vertex 69.9 -1.92864 -15.6816
    endloop
  endfacet
  facet normal 0 -0.290464 -0.956886
    outer loop
      vertex 69.9 -1.55291 -15.7956
      vertex 71.1 -1.55291 -15.7956
      vertex 69.9 -1.84347 -15.7074
    endloop
  endfacet
  facet normal 0 -0.582474 0.812849
    outer loop
      vertex 75.9 -3.58023 -5.18804
      vertex 77.1 -3.33342 -5.01118
      vertex 75.9 -3.33342 -5.01118
    endloop
  endfacet
  facet normal 1.22676e-06 -0.582478 0.812846
    outer loop
      vertex 77.1 -3.33342 -5.01118
      vertex 75.9 -3.58023 -5.18804
      vertex 77.1 -3.65257 -5.23988
    endloop
  endfacet
  facet normal 0 -0.582492 0.812837
    outer loop
      vertex 77.1 -3.65257 -5.23988
      vertex 75.9 -3.58023 -5.18804
      vertex 75.9 -3.65257 -5.23988
    endloop
  endfacet
  facet normal 0 -0.582478 0.812846
    outer loop
      vertex 49.9871 -3.33342 -5.01118
      vertex 59.1 -3.65257 -5.23988
      vertex 59.1 -3.33342 -5.01118
    endloop
  endfacet
  facet normal 0 -0.582478 0.812846
    outer loop
      vertex 59.1 -3.65257 -5.23988
      vertex 49.9871 -3.33342 -5.01118
      vertex 49.9557 -3.65257 -5.23988
    endloop
  endfacet
  facet normal 0 -0.582474 0.812849
    outer loop
      vertex 63.9 -3.58023 -5.18804
      vertex 65.1 -3.33342 -5.01118
      vertex 63.9 -3.33342 -5.01118
    endloop
  endfacet
  facet normal 1.22676e-06 -0.582478 0.812846
    outer loop
      vertex 65.1 -3.33342 -5.01118
      vertex 63.9 -3.58023 -5.18804
      vertex 65.1 -3.65257 -5.23988
    endloop
  endfacet
  facet normal 0 -0.582492 0.812837
    outer loop
      vertex 65.1 -3.65257 -5.23988
      vertex 63.9 -3.58023 -5.18804
      vertex 63.9 -3.65257 -5.23988
    endloop
  endfacet
  facet normal 0 -0.582474 0.812849
    outer loop
      vertex 69.9 -3.58023 -5.18804
      vertex 71.1 -3.33342 -5.01118
      vertex 69.9 -3.33342 -5.01118
    endloop
  endfacet
  facet normal 1.22676e-06 -0.582478 0.812846
    outer loop
      vertex 71.1 -3.33342 -5.01118
      vertex 69.9 -3.58023 -5.18804
      vertex 71.1 -3.65257 -5.23988
    endloop
  endfacet
  facet normal 0 -0.582492 0.812837
    outer loop
      vertex 71.1 -3.65257 -5.23988
      vertex 69.9 -3.58023 -5.18804
      vertex 69.9 -3.65257 -5.23988
    endloop
  endfacet
  facet normal 0 0.93592 -0.352212
    outer loop
      vertex 49.7695 5.54328 -12.2961
      vertex 59.1 5.68158 -11.9286
      vertex 59.1 5.54328 -12.2961
    endloop
  endfacet
  facet normal 0 0.93592 -0.352212
    outer loop
      vertex 59.1 5.68158 -11.9286
      vertex 49.7695 5.54328 -12.2961
      vertex 49.7559 5.68158 -11.9286
    endloop
  endfacet
  facet normal 0 0.935913 -0.352231
    outer loop
      vertex 77.1 5.68158 -11.9286
      vertex 75.9 5.65023 -12.0119
      vertex 75.9 5.68158 -11.9286
    endloop
  endfacet
  facet normal -1.55987e-06 0.93592 -0.352212
    outer loop
      vertex 77.1 5.54328 -12.2961
      vertex 75.9 5.65023 -12.0119
      vertex 77.1 5.68158 -11.9286
    endloop
  endfacet
  facet normal 0 0.935923 -0.352206
    outer loop
      vertex 75.9 5.65023 -12.0119
      vertex 77.1 5.54328 -12.2961
      vertex 75.9 5.54328 -12.2961
    endloop
  endfacet
  facet normal 0 0.935913 -0.352231
    outer loop
      vertex 65.1 5.68158 -11.9286
      vertex 63.9 5.65023 -12.0119
      vertex 63.9 5.68158 -11.9286
    endloop
  endfacet
  facet normal -1.55987e-06 0.93592 -0.352212
    outer loop
      vertex 65.1 5.54328 -12.2961
      vertex 63.9 5.65023 -12.0119
      vertex 65.1 5.68158 -11.9286
    endloop
  endfacet
  facet normal 0 0.935923 -0.352206
    outer loop
      vertex 63.9 5.65023 -12.0119
      vertex 65.1 5.54328 -12.2961
      vertex 63.9 5.54328 -12.2961
    endloop
  endfacet
  facet normal 0 0.935913 -0.352231
    outer loop
      vertex 71.1 5.68158 -11.9286
      vertex 69.9 5.65023 -12.0119
      vertex 69.9 5.68158 -11.9286
    endloop
  endfacet
  facet normal -1.55987e-06 0.93592 -0.352212
    outer loop
      vertex 71.1 5.54328 -12.2961
      vertex 69.9 5.65023 -12.0119
      vertex 71.1 5.68158 -11.9286
    endloop
  endfacet
  facet normal 0 0.935923 -0.352206
    outer loop
      vertex 69.9 5.65023 -12.0119
      vertex 71.1 5.54328 -12.2961
      vertex 69.9 5.54328 -12.2961
    endloop
  endfacet
  facet normal 0 -0.881933 -0.471375
    outer loop
      vertex 49.8037 -5.19615 -13
      vertex 59.1 -5.38124 -12.6537
      vertex 49.7855 -5.38124 -12.6537
    endloop
  endfacet
  facet normal 0 -0.881933 -0.471375
    outer loop
      vertex 59.1 -5.38124 -12.6537
      vertex 49.8037 -5.19615 -13
      vertex 59.1 -5.19615 -13
    endloop
  endfacet
  facet normal 0 -0.881924 -0.471391
    outer loop
      vertex 75.9 -5.2381 -12.9215
      vertex 77.1 -5.38124 -12.6537
      vertex 75.9 -5.38124 -12.6537
    endloop
  endfacet
  facet normal -0 -0.881964 -0.471317
    outer loop
      vertex 77.1 -5.19615 -13
      vertex 75.9 -5.2381 -12.9215
      vertex 75.9 -5.19615 -13
    endloop
  endfacet
  facet normal -4.83879e-06 -0.881933 -0.471375
    outer loop
      vertex 75.9 -5.2381 -12.9215
      vertex 77.1 -5.19615 -13
      vertex 77.1 -5.38124 -12.6537
    endloop
  endfacet
  facet normal 0 -0.881924 -0.471391
    outer loop
      vertex 63.9 -5.2381 -12.9215
      vertex 65.1 -5.38124 -12.6537
      vertex 63.9 -5.38124 -12.6537
    endloop
  endfacet
  facet normal -0 -0.881964 -0.471317
    outer loop
      vertex 65.1 -5.19615 -13
      vertex 63.9 -5.2381 -12.9215
      vertex 63.9 -5.19615 -13
    endloop
  endfacet
  facet normal -4.83879e-06 -0.881933 -0.471375
    outer loop
      vertex 63.9 -5.2381 -12.9215
      vertex 65.1 -5.19615 -13
      vertex 65.1 -5.38124 -12.6537
    endloop
  endfacet
  facet normal 0 -0.881924 -0.471391
    outer loop
      vertex 69.9 -5.2381 -12.9215
      vertex 71.1 -5.38124 -12.6537
      vertex 69.9 -5.38124 -12.6537
    endloop
  endfacet
  facet normal -0 -0.881964 -0.471317
    outer loop
      vertex 71.1 -5.19615 -13
      vertex 69.9 -5.2381 -12.9215
      vertex 69.9 -5.19615 -13
    endloop
  endfacet
  facet normal -4.83879e-06 -0.881933 -0.471375
    outer loop
      vertex 69.9 -5.2381 -12.9215
      vertex 71.1 -5.19615 -13
      vertex 71.1 -5.38124 -12.6537
    endloop
  endfacet
  facet normal 0 0.528189 -0.849127
    outer loop
      vertex 50.0018 3 -15.1962
      vertex 59.1 3.33342 -14.9888
      vertex 59.1 3 -15.1962
    endloop
  endfacet
  facet normal 2.02071e-06 0.52815 -0.849151
    outer loop
      vertex 49.9927 3.2767 -15.0241
      vertex 59.1 3.33342 -14.9888
      vertex 50.0018 3 -15.1962
    endloop
  endfacet
  facet normal 0 0.528383 -0.849006
    outer loop
      vertex 59.1 3.33342 -14.9888
      vertex 49.9927 3.2767 -15.0241
      vertex 49.9871 3.33342 -14.9888
    endloop
  endfacet
  facet normal 0 0.528129 -0.849164
    outer loop
      vertex 75.9 3.07557 -15.1492
      vertex 77.1 3 -15.1962
      vertex 75.9 3 -15.1962
    endloop
  endfacet
  facet normal 5.25897e-06 0.528189 -0.849127
    outer loop
      vertex 77.1 3 -15.1962
      vertex 75.9 3.07557 -15.1492
      vertex 77.1 3.33342 -14.9888
    endloop
  endfacet
  facet normal 0 0.528207 -0.849116
    outer loop
      vertex 77.1 3.33342 -14.9888
      vertex 75.9 3.07557 -15.1492
      vertex 75.9 3.33342 -14.9888
    endloop
  endfacet
  facet normal 0 0.528129 -0.849164
    outer loop
      vertex 63.9 3.07557 -15.1492
      vertex 65.1 3 -15.1962
      vertex 63.9 3 -15.1962
    endloop
  endfacet
  facet normal 5.25897e-06 0.528189 -0.849127
    outer loop
      vertex 65.1 3 -15.1962
      vertex 63.9 3.07557 -15.1492
      vertex 65.1 3.33342 -14.9888
    endloop
  endfacet
  facet normal 0 0.528207 -0.849116
    outer loop
      vertex 65.1 3.33342 -14.9888
      vertex 63.9 3.07557 -15.1492
      vertex 63.9 3.33342 -14.9888
    endloop
  endfacet
  facet normal 0 0.528129 -0.849164
    outer loop
      vertex 69.9 3.07557 -15.1492
      vertex 71.1 3 -15.1962
      vertex 69.9 3 -15.1962
    endloop
  endfacet
  facet normal 5.25897e-06 0.528189 -0.849127
    outer loop
      vertex 71.1 3 -15.1962
      vertex 69.9 3.07557 -15.1492
      vertex 71.1 3.33342 -14.9888
    endloop
  endfacet
  facet normal 0 0.528207 -0.849116
    outer loop
      vertex 71.1 3.33342 -14.9888
      vertex 69.9 3.07557 -15.1492
      vertex 69.9 3.33342 -14.9888
    endloop
  endfacet
  facet normal 0 0.471228 -0.882011
    outer loop
      vertex 50.0131 2.65373 -15.3812
      vertex 59.1 3 -15.1962
      vertex 59.1 2.65373 -15.3812
    endloop
  endfacet
  facet normal 0 0.471228 -0.882011
    outer loop
      vertex 59.1 3 -15.1962
      vertex 50.0131 2.65373 -15.3812
      vertex 50.0018 3 -15.1962
    endloop
  endfacet
  facet normal 0 0.471316 -0.881964
    outer loop
      vertex 75.9 2.92151 -15.2381
      vertex 77.1 2.65373 -15.3812
      vertex 75.9 2.65373 -15.3812
    endloop
  endfacet
  facet normal -2.53381e-05 0.471228 -0.882011
    outer loop
      vertex 77.1 2.65373 -15.3812
      vertex 75.9 2.92151 -15.2381
      vertex 77.1 3 -15.1962
    endloop
  endfacet
  facet normal 0 0.470927 -0.882172
    outer loop
      vertex 75.9 3 -15.1962
      vertex 77.1 3 -15.1962
      vertex 75.9 2.92151 -15.2381
    endloop
  endfacet
  facet normal 0 0.471316 -0.881964
    outer loop
      vertex 63.9 2.92151 -15.2381
      vertex 65.1 2.65373 -15.3812
      vertex 63.9 2.65373 -15.3812
    endloop
  endfacet
  facet normal -2.53381e-05 0.471228 -0.882011
    outer loop
      vertex 65.1 2.65373 -15.3812
      vertex 63.9 2.92151 -15.2381
      vertex 65.1 3 -15.1962
    endloop
  endfacet
  facet normal 0 0.470927 -0.882172
    outer loop
      vertex 63.9 3 -15.1962
      vertex 65.1 3 -15.1962
      vertex 63.9 2.92151 -15.2381
    endloop
  endfacet
  facet normal 0 0.471316 -0.881964
    outer loop
      vertex 69.9 2.92151 -15.2381
      vertex 71.1 2.65373 -15.3812
      vertex 69.9 2.65373 -15.3812
    endloop
  endfacet
  facet normal -2.53381e-05 0.471228 -0.882011
    outer loop
      vertex 71.1 2.65373 -15.3812
      vertex 69.9 2.92151 -15.2381
      vertex 71.1 3 -15.1962
    endloop
  endfacet
  facet normal 0 0.470927 -0.882172
    outer loop
      vertex 69.9 3 -15.1962
      vertex 71.1 3 -15.1962
      vertex 69.9 2.92151 -15.2381
    endloop
  endfacet
  facet normal 0 -0.226941 -0.973909
    outer loop
      vertex 59.1 -1.55291 -15.7956
      vertex 50.0617 -1.17054 -15.8847
      vertex 59.1 -1.17054 -15.8847
    endloop
  endfacet
  facet normal 0 -0.226941 -0.973909
    outer loop
      vertex 50.0617 -1.17054 -15.8847
      vertex 59.1 -1.55291 -15.7956
      vertex 50.0492 -1.55291 -15.7956
    endloop
  endfacet
  facet normal 0 -0.226928 -0.973912
    outer loop
      vertex 75.9 -1.25721 -15.8645
      vertex 77.1 -1.55291 -15.7956
      vertex 75.9 -1.55291 -15.7956
    endloop
  endfacet
  facet normal -3.34722e-06 -0.226941 -0.973909
    outer loop
      vertex 77.1 -1.55291 -15.7956
      vertex 75.9 -1.25721 -15.8645
      vertex 77.1 -1.17054 -15.8847
    endloop
  endfacet
  facet normal -0 -0.226985 -0.973898
    outer loop
      vertex 77.1 -1.17054 -15.8847
      vertex 75.9 -1.25721 -15.8645
      vertex 75.9 -1.17054 -15.8847
    endloop
  endfacet
  facet normal 0 -0.226928 -0.973912
    outer loop
      vertex 63.9 -1.25721 -15.8645
      vertex 65.1 -1.55291 -15.7956
      vertex 63.9 -1.55291 -15.7956
    endloop
  endfacet
  facet normal -3.34722e-06 -0.226941 -0.973909
    outer loop
      vertex 65.1 -1.55291 -15.7956
      vertex 63.9 -1.25721 -15.8645
      vertex 65.1 -1.17054 -15.8847
    endloop
  endfacet
  facet normal -0 -0.226985 -0.973898
    outer loop
      vertex 65.1 -1.17054 -15.8847
      vertex 63.9 -1.25721 -15.8645
      vertex 63.9 -1.17054 -15.8847
    endloop
  endfacet
  facet normal 0 -0.226928 -0.973912
    outer loop
      vertex 69.9 -1.25721 -15.8645
      vertex 71.1 -1.55291 -15.7956
      vertex 69.9 -1.55291 -15.7956
    endloop
  endfacet
  facet normal -3.34722e-06 -0.226941 -0.973909
    outer loop
      vertex 71.1 -1.55291 -15.7956
      vertex 69.9 -1.25721 -15.8645
      vertex 71.1 -1.17054 -15.8847
    endloop
  endfacet
  facet normal -0 -0.226985 -0.973898
    outer loop
      vertex 71.1 -1.17054 -15.8847
      vertex 69.9 -1.25721 -15.8645
      vertex 69.9 -1.17054 -15.8847
    endloop
  endfacet
  facet normal 0 -0.729821 0.683638
    outer loop
      vertex 75.9 -4.30348 -5.82231
      vertex 77.1 -4.24264 -5.75736
      vertex 75.9 -4.24264 -5.75736
    endloop
  endfacet
  facet normal 0 -0.72988 0.683575
    outer loop
      vertex 77.1 -4.51104 -6.04393
      vertex 75.9 -4.30348 -5.82231
      vertex 75.9 -4.51104 -6.04393
    endloop
  endfacet
  facet normal 4.96392e-06 -0.729867 0.683589
    outer loop
      vertex 75.9 -4.30348 -5.82231
      vertex 77.1 -4.51104 -6.04393
      vertex 77.1 -4.24264 -5.75736
    endloop
  endfacet
  facet normal 0 -0.729867 0.683589
    outer loop
      vertex 59.1 -4.51104 -6.04393
      vertex 49.8976 -4.24264 -5.75736
      vertex 49.8712 -4.51104 -6.04393
    endloop
  endfacet
  facet normal 0 -0.729867 0.683589
    outer loop
      vertex 49.8976 -4.24264 -5.75736
      vertex 59.1 -4.51104 -6.04393
      vertex 59.1 -4.24264 -5.75736
    endloop
  endfacet
  facet normal 0 -0.729821 0.683638
    outer loop
      vertex 63.9 -4.30348 -5.82231
      vertex 65.1 -4.24264 -5.75736
      vertex 63.9 -4.24264 -5.75736
    endloop
  endfacet
  facet normal 0 -0.72988 0.683575
    outer loop
      vertex 65.1 -4.51104 -6.04393
      vertex 63.9 -4.30348 -5.82231
      vertex 63.9 -4.51104 -6.04393
    endloop
  endfacet
  facet normal 4.96392e-06 -0.729867 0.683589
    outer loop
      vertex 63.9 -4.30348 -5.82231
      vertex 65.1 -4.51104 -6.04393
      vertex 65.1 -4.24264 -5.75736
    endloop
  endfacet
  facet normal 0 -0.729821 0.683638
    outer loop
      vertex 69.9 -4.30348 -5.82231
      vertex 71.1 -4.24264 -5.75736
      vertex 69.9 -4.24264 -5.75736
    endloop
  endfacet
  facet normal 0 -0.72988 0.683575
    outer loop
      vertex 71.1 -4.51104 -6.04393
      vertex 69.9 -4.30348 -5.82231
      vertex 69.9 -4.51104 -6.04393
    endloop
  endfacet
  facet normal 4.96392e-06 -0.729867 0.683589
    outer loop
      vertex 69.9 -4.30348 -5.82231
      vertex 71.1 -4.51104 -6.04393
      vertex 71.1 -4.24264 -5.75736
    endloop
  endfacet
  facet normal 0 0.352245 0.935908
    outer loop
      vertex 59.1 2.2961 -4.45672
      vertex 50.0369 1.92864 -4.31842
      vertex 59.1 1.92864 -4.31842
    endloop
  endfacet
  facet normal 0 0.352245 0.935908
    outer loop
      vertex 50.0369 1.92864 -4.31842
      vertex 59.1 2.2961 -4.45672
      vertex 50.0248 2.2961 -4.45672
    endloop
  endfacet
  facet normal 0 0.352238 0.93591
    outer loop
      vertex 75.9 2.01193 -4.34977
      vertex 77.1 2.2961 -4.45672
      vertex 75.9 2.2961 -4.45672
    endloop
  endfacet
  facet normal -1.83381e-06 0.352245 0.935908
    outer loop
      vertex 77.1 2.2961 -4.45672
      vertex 75.9 2.01193 -4.34977
      vertex 77.1 1.92864 -4.31842
    endloop
  endfacet
  facet normal 0 0.352268 0.935899
    outer loop
      vertex 77.1 1.92864 -4.31842
      vertex 75.9 2.01193 -4.34977
      vertex 75.9 1.92864 -4.31842
    endloop
  endfacet
  facet normal 0 0.352238 0.93591
    outer loop
      vertex 63.9 2.01193 -4.34977
      vertex 65.1 2.2961 -4.45672
      vertex 63.9 2.2961 -4.45672
    endloop
  endfacet
  facet normal -1.83381e-06 0.352245 0.935908
    outer loop
      vertex 65.1 2.2961 -4.45672
      vertex 63.9 2.01193 -4.34977
      vertex 65.1 1.92864 -4.31842
    endloop
  endfacet
  facet normal 0 0.352268 0.935899
    outer loop
      vertex 65.1 1.92864 -4.31842
      vertex 63.9 2.01193 -4.34977
      vertex 63.9 1.92864 -4.31842
    endloop
  endfacet
  facet normal 0 0.352238 0.93591
    outer loop
      vertex 69.9 2.01193 -4.34977
      vertex 71.1 2.2961 -4.45672
      vertex 69.9 2.2961 -4.45672
    endloop
  endfacet
  facet normal -1.83381e-06 0.352245 0.935908
    outer loop
      vertex 71.1 2.2961 -4.45672
      vertex 69.9 2.01193 -4.34977
      vertex 71.1 1.92864 -4.31842
    endloop
  endfacet
  facet normal 0 0.352268 0.935899
    outer loop
      vertex 71.1 1.92864 -4.31842
      vertex 69.9 2.01193 -4.34977
      vertex 69.9 1.92864 -4.31842
    endloop
  endfacet
  facet normal 0 -0.683997 -0.729485
    outer loop
      vertex 75.9 -4.17769 -14.3035
      vertex 77.1 -4.24264 -14.2426
      vertex 75.9 -4.24264 -14.2426
    endloop
  endfacet
  facet normal 4.14573e-05 -0.683589 -0.729867
    outer loop
      vertex 77.1 -4.24264 -14.2426
      vertex 75.9 -4.17769 -14.3035
      vertex 77.1 -3.95607 -14.511
    endloop
  endfacet
  facet normal 0 -0.68347 -0.729979
    outer loop
      vertex 75.9 -3.95607 -14.511
      vertex 77.1 -3.95607 -14.511
      vertex 75.9 -4.17769 -14.3035
    endloop
  endfacet
  facet normal 0 -0.683589 -0.729867
    outer loop
      vertex 59.1 -4.24264 -14.2426
      vertex 49.9258 -3.95607 -14.511
      vertex 59.1 -3.95607 -14.511
    endloop
  endfacet
  facet normal 0 -0.683589 -0.729867
    outer loop
      vertex 49.9258 -3.95607 -14.511
      vertex 59.1 -4.24264 -14.2426
      vertex 49.8976 -4.24264 -14.2426
    endloop
  endfacet
  facet normal 0 -0.683997 -0.729485
    outer loop
      vertex 63.9 -4.17769 -14.3035
      vertex 65.1 -4.24264 -14.2426
      vertex 63.9 -4.24264 -14.2426
    endloop
  endfacet
  facet normal 4.14573e-05 -0.683589 -0.729867
    outer loop
      vertex 65.1 -4.24264 -14.2426
      vertex 63.9 -4.17769 -14.3035
      vertex 65.1 -3.95607 -14.511
    endloop
  endfacet
  facet normal 0 -0.68347 -0.729979
    outer loop
      vertex 63.9 -3.95607 -14.511
      vertex 65.1 -3.95607 -14.511
      vertex 63.9 -4.17769 -14.3035
    endloop
  endfacet
  facet normal 0 -0.683997 -0.729485
    outer loop
      vertex 69.9 -4.17769 -14.3035
      vertex 71.1 -4.24264 -14.2426
      vertex 69.9 -4.24264 -14.2426
    endloop
  endfacet
  facet normal 4.14573e-05 -0.683589 -0.729867
    outer loop
      vertex 71.1 -4.24264 -14.2426
      vertex 69.9 -4.17769 -14.3035
      vertex 71.1 -3.95607 -14.511
    endloop
  endfacet
  facet normal 0 -0.68347 -0.729979
    outer loop
      vertex 69.9 -3.95607 -14.511
      vertex 71.1 -3.95607 -14.511
      vertex 69.9 -4.17769 -14.3035
    endloop
  endfacet
  facet normal 0 0.881933 -0.471375
    outer loop
      vertex 49.8037 5.19615 -13
      vertex 59.1 5.38124 -12.6537
      vertex 59.1 5.19615 -13
    endloop
  endfacet
  facet normal 0 0.881933 -0.471375
    outer loop
      vertex 59.1 5.38124 -12.6537
      vertex 49.8037 5.19615 -13
      vertex 49.7855 5.38124 -12.6537
    endloop
  endfacet
  facet normal 0 0.881924 -0.471391
    outer loop
      vertex 77.1 5.38124 -12.6537
      vertex 75.9 5.2381 -12.9215
      vertex 75.9 5.38124 -12.6537
    endloop
  endfacet
  facet normal -4.83879e-06 0.881933 -0.471375
    outer loop
      vertex 77.1 5.19615 -13
      vertex 75.9 5.2381 -12.9215
      vertex 77.1 5.38124 -12.6537
    endloop
  endfacet
  facet normal 0 0.881964 -0.471317
    outer loop
      vertex 75.9 5.2381 -12.9215
      vertex 77.1 5.19615 -13
      vertex 75.9 5.19615 -13
    endloop
  endfacet
  facet normal 0 0.881924 -0.471391
    outer loop
      vertex 65.1 5.38124 -12.6537
      vertex 63.9 5.2381 -12.9215
      vertex 63.9 5.38124 -12.6537
    endloop
  endfacet
  facet normal -4.83879e-06 0.881933 -0.471375
    outer loop
      vertex 65.1 5.19615 -13
      vertex 63.9 5.2381 -12.9215
      vertex 65.1 5.38124 -12.6537
    endloop
  endfacet
  facet normal 0 0.881964 -0.471317
    outer loop
      vertex 63.9 5.2381 -12.9215
      vertex 65.1 5.19615 -13
      vertex 63.9 5.19615 -13
    endloop
  endfacet
  facet normal 0 0.881924 -0.471391
    outer loop
      vertex 71.1 5.38124 -12.6537
      vertex 69.9 5.2381 -12.9215
      vertex 69.9 5.38124 -12.6537
    endloop
  endfacet
  facet normal -4.83879e-06 0.881933 -0.471375
    outer loop
      vertex 71.1 5.19615 -13
      vertex 69.9 5.2381 -12.9215
      vertex 71.1 5.38124 -12.6537
    endloop
  endfacet
  facet normal 0 0.881964 -0.471317
    outer loop
      vertex 69.9 5.2381 -12.9215
      vertex 71.1 5.19615 -13
      vertex 69.9 5.19615 -13
    endloop
  endfacet
  facet normal 0 0.849204 0.528064
    outer loop
      vertex 77.1 4.98882 -6.66658
      vertex 75.9 5.14916 -6.92443
      vertex 75.9 4.98882 -6.66658
    endloop
  endfacet
  facet normal 1.10856e-06 0.849207 0.528061
    outer loop
      vertex 77.1 5.19615 -7
      vertex 75.9 5.14916 -6.92443
      vertex 77.1 4.98882 -6.66658
    endloop
  endfacet
  facet normal 0 0.849215 0.528048
    outer loop
      vertex 75.9 5.14916 -6.92443
      vertex 77.1 5.19615 -7
      vertex 75.9 5.19615 -7
    endloop
  endfacet
  facet normal 0 0.849207 0.528061
    outer loop
      vertex 59.1 5.19615 -7
      vertex 49.8241 4.98882 -6.66658
      vertex 59.1 4.98882 -6.66658
    endloop
  endfacet
  facet normal 0 0.849207 0.528061
    outer loop
      vertex 49.8241 4.98882 -6.66658
      vertex 59.1 5.19615 -7
      vertex 49.8037 5.19615 -7
    endloop
  endfacet
  facet normal 0 0.849204 0.528064
    outer loop
      vertex 65.1 4.98882 -6.66658
      vertex 63.9 5.14916 -6.92443
      vertex 63.9 4.98882 -6.66658
    endloop
  endfacet
  facet normal 1.10856e-06 0.849207 0.528061
    outer loop
      vertex 65.1 5.19615 -7
      vertex 63.9 5.14916 -6.92443
      vertex 65.1 4.98882 -6.66658
    endloop
  endfacet
  facet normal 0 0.849215 0.528048
    outer loop
      vertex 63.9 5.14916 -6.92443
      vertex 65.1 5.19615 -7
      vertex 63.9 5.19615 -7
    endloop
  endfacet
  facet normal 0 0.849204 0.528064
    outer loop
      vertex 71.1 4.98882 -6.66658
      vertex 69.9 5.14916 -6.92443
      vertex 69.9 4.98882 -6.66658
    endloop
  endfacet
  facet normal 1.10856e-06 0.849207 0.528061
    outer loop
      vertex 71.1 5.19615 -7
      vertex 69.9 5.14916 -6.92443
      vertex 71.1 4.98882 -6.66658
    endloop
  endfacet
  facet normal 0 0.849215 0.528048
    outer loop
      vertex 69.9 5.14916 -6.92443
      vertex 71.1 5.19615 -7
      vertex 69.9 5.19615 -7
    endloop
  endfacet
  facet normal 0 -0.935908 0.352245
    outer loop
      vertex 59.1 -5.68158 -8.07136
      vertex 49.7695 -5.54328 -7.7039
      vertex 49.7559 -5.68158 -8.07136
    endloop
  endfacet
  facet normal 0 -0.935908 0.352245
    outer loop
      vertex 49.7695 -5.54328 -7.7039
      vertex 59.1 -5.68158 -8.07136
      vertex 59.1 -5.54328 -7.7039
    endloop
  endfacet
  facet normal 0 -0.93591 0.352238
    outer loop
      vertex 75.9 -5.65023 -7.98807
      vertex 77.1 -5.54328 -7.7039
      vertex 75.9 -5.54328 -7.7039
    endloop
  endfacet
  facet normal 0 -0.935899 0.352268
    outer loop
      vertex 77.1 -5.68158 -8.07136
      vertex 75.9 -5.65023 -7.98807
      vertex 75.9 -5.68158 -8.07136
    endloop
  endfacet
  facet normal -1.83381e-06 -0.935908 0.352245
    outer loop
      vertex 75.9 -5.65023 -7.98807
      vertex 77.1 -5.68158 -8.07136
      vertex 77.1 -5.54328 -7.7039
    endloop
  endfacet
  facet normal 0 -0.93591 0.352238
    outer loop
      vertex 63.9 -5.65023 -7.98807
      vertex 65.1 -5.54328 -7.7039
      vertex 63.9 -5.54328 -7.7039
    endloop
  endfacet
  facet normal 0 -0.935899 0.352268
    outer loop
      vertex 65.1 -5.68158 -8.07136
      vertex 63.9 -5.65023 -7.98807
      vertex 63.9 -5.68158 -8.07136
    endloop
  endfacet
  facet normal -1.83381e-06 -0.935908 0.352245
    outer loop
      vertex 63.9 -5.65023 -7.98807
      vertex 65.1 -5.68158 -8.07136
      vertex 65.1 -5.54328 -7.7039
    endloop
  endfacet
  facet normal 0 -0.93591 0.352238
    outer loop
      vertex 69.9 -5.65023 -7.98807
      vertex 71.1 -5.54328 -7.7039
      vertex 69.9 -5.54328 -7.7039
    endloop
  endfacet
  facet normal 0 -0.935899 0.352268
    outer loop
      vertex 71.1 -5.68158 -8.07136
      vertex 69.9 -5.65023 -7.98807
      vertex 69.9 -5.68158 -8.07136
    endloop
  endfacet
  facet normal -1.83381e-06 -0.935908 0.352245
    outer loop
      vertex 69.9 -5.65023 -7.98807
      vertex 71.1 -5.68158 -8.07136
      vertex 71.1 -5.54328 -7.7039
    endloop
  endfacet
  facet normal 0 0.729783 -0.683678
    outer loop
      vertex 49.8976 4.24264 -14.2426
      vertex 59.1 4.51104 -13.9561
      vertex 59.1 4.24264 -14.2426
    endloop
  endfacet
  facet normal 0 0.729783 -0.683678
    outer loop
      vertex 59.1 4.51104 -13.9561
      vertex 49.8976 4.24264 -14.2426
      vertex 49.8712 4.51104 -13.9561
    endloop
  endfacet
  facet normal 0 0.729849 -0.683608
    outer loop
      vertex 77.1 4.51104 -13.9561
      vertex 75.9 4.30348 -14.1777
      vertex 75.9 4.51104 -13.9561
    endloop
  endfacet
  facet normal 2.4411e-05 0.729783 -0.683678
    outer loop
      vertex 77.1 4.24264 -14.2426
      vertex 75.9 4.30348 -14.1777
      vertex 77.1 4.51104 -13.9561
    endloop
  endfacet
  facet normal 0 0.729558 -0.683919
    outer loop
      vertex 75.9 4.30348 -14.1777
      vertex 77.1 4.24264 -14.2426
      vertex 75.9 4.24264 -14.2426
    endloop
  endfacet
  facet normal 0 0.729849 -0.683608
    outer loop
      vertex 65.1 4.51104 -13.9561
      vertex 63.9 4.30348 -14.1777
      vertex 63.9 4.51104 -13.9561
    endloop
  endfacet
  facet normal 2.4411e-05 0.729783 -0.683678
    outer loop
      vertex 65.1 4.24264 -14.2426
      vertex 63.9 4.30348 -14.1777
      vertex 65.1 4.51104 -13.9561
    endloop
  endfacet
  facet normal 0 0.729558 -0.683919
    outer loop
      vertex 63.9 4.30348 -14.1777
      vertex 65.1 4.24264 -14.2426
      vertex 63.9 4.24264 -14.2426
    endloop
  endfacet
  facet normal 0 0.729849 -0.683608
    outer loop
      vertex 71.1 4.51104 -13.9561
      vertex 69.9 4.30348 -14.1777
      vertex 69.9 4.51104 -13.9561
    endloop
  endfacet
  facet normal 2.4411e-05 0.729783 -0.683678
    outer loop
      vertex 71.1 4.24264 -14.2426
      vertex 69.9 4.30348 -14.1777
      vertex 71.1 4.51104 -13.9561
    endloop
  endfacet
  facet normal 0 0.729558 -0.683919
    outer loop
      vertex 69.9 4.30348 -14.1777
      vertex 71.1 4.24264 -14.2426
      vertex 69.9 4.24264 -14.2426
    endloop
  endfacet
  facet normal 0 -0.995186 0.0980057
    outer loop
      vertex 49.7258 -5.98715 -9.60758
      vertex 59.1 -5.94867 -9.21684
      vertex 49.7296 -5.94867 -9.21684
    endloop
  endfacet
  facet normal 0 -0.995186 0.0980057
    outer loop
      vertex 59.1 -5.94867 -9.21684
      vertex 49.7258 -5.98715 -9.60758
      vertex 59.1 -5.98715 -9.60758
    endloop
  endfacet
  facet normal 0 -0.995188 0.0979795
    outer loop
      vertex 75.9 -5.95739 -9.30541
      vertex 77.1 -5.94867 -9.21684
      vertex 75.9 -5.94867 -9.21684
    endloop
  endfacet
  facet normal 0 -0.995185 0.0980134
    outer loop
      vertex 77.1 -5.98715 -9.60758
      vertex 75.9 -5.95739 -9.30541
      vertex 75.9 -5.98715 -9.60758
    endloop
  endfacet
  facet normal -1.95434e-06 -0.995186 0.0980057
    outer loop
      vertex 75.9 -5.95739 -9.30541
      vertex 77.1 -5.98715 -9.60758
      vertex 77.1 -5.94867 -9.21684
    endloop
  endfacet
  facet normal 0 -0.995188 0.0979795
    outer loop
      vertex 63.9 -5.95739 -9.30541
      vertex 65.1 -5.94867 -9.21684
      vertex 63.9 -5.94867 -9.21684
    endloop
  endfacet
  facet normal 0 -0.995185 0.0980134
    outer loop
      vertex 65.1 -5.98715 -9.60758
      vertex 63.9 -5.95739 -9.30541
      vertex 63.9 -5.98715 -9.60758
    endloop
  endfacet
  facet normal -1.95434e-06 -0.995186 0.0980057
    outer loop
      vertex 63.9 -5.95739 -9.30541
      vertex 65.1 -5.98715 -9.60758
      vertex 65.1 -5.94867 -9.21684
    endloop
  endfacet
  facet normal 0 -0.995188 0.0979795
    outer loop
      vertex 69.9 -5.95739 -9.30541
      vertex 71.1 -5.94867 -9.21684
      vertex 69.9 -5.94867 -9.21684
    endloop
  endfacet
  facet normal 0 -0.995185 0.0980134
    outer loop
      vertex 71.1 -5.98715 -9.60758
      vertex 69.9 -5.95739 -9.30541
      vertex 69.9 -5.98715 -9.60758
    endloop
  endfacet
  facet normal -1.95434e-06 -0.995186 0.0980057
    outer loop
      vertex 69.9 -5.95739 -9.30541
      vertex 71.1 -5.98715 -9.60758
      vertex 71.1 -5.94867 -9.21684
    endloop
  endfacet
  facet normal 0 -0.935913 -0.352231
    outer loop
      vertex 75.9 -5.65023 -12.0119
      vertex 77.1 -5.68158 -11.9286
      vertex 75.9 -5.68158 -11.9286
    endloop
  endfacet
  facet normal -0 -0.935923 -0.352206
    outer loop
      vertex 77.1 -5.54328 -12.2961
      vertex 75.9 -5.65023 -12.0119
      vertex 75.9 -5.54328 -12.2961
    endloop
  endfacet
  facet normal -1.55987e-06 -0.93592 -0.352212
    outer loop
      vertex 75.9 -5.65023 -12.0119
      vertex 77.1 -5.54328 -12.2961
      vertex 77.1 -5.68158 -11.9286
    endloop
  endfacet
  facet normal 0 -0.93592 -0.352212
    outer loop
      vertex 49.7695 -5.54328 -12.2961
      vertex 59.1 -5.68158 -11.9286
      vertex 49.7559 -5.68158 -11.9286
    endloop
  endfacet
  facet normal 0 -0.93592 -0.352212
    outer loop
      vertex 59.1 -5.68158 -11.9286
      vertex 49.7695 -5.54328 -12.2961
      vertex 59.1 -5.54328 -12.2961
    endloop
  endfacet
  facet normal 0 -0.935913 -0.352231
    outer loop
      vertex 63.9 -5.65023 -12.0119
      vertex 65.1 -5.68158 -11.9286
      vertex 63.9 -5.68158 -11.9286
    endloop
  endfacet
  facet normal -0 -0.935923 -0.352206
    outer loop
      vertex 65.1 -5.54328 -12.2961
      vertex 63.9 -5.65023 -12.0119
      vertex 63.9 -5.54328 -12.2961
    endloop
  endfacet
  facet normal -1.55987e-06 -0.93592 -0.352212
    outer loop
      vertex 63.9 -5.65023 -12.0119
      vertex 65.1 -5.54328 -12.2961
      vertex 65.1 -5.68158 -11.9286
    endloop
  endfacet
  facet normal 0 -0.935913 -0.352231
    outer loop
      vertex 69.9 -5.65023 -12.0119
      vertex 71.1 -5.68158 -11.9286
      vertex 69.9 -5.68158 -11.9286
    endloop
  endfacet
  facet normal -0 -0.935923 -0.352206
    outer loop
      vertex 71.1 -5.54328 -12.2961
      vertex 69.9 -5.65023 -12.0119
      vertex 69.9 -5.54328 -12.2961
    endloop
  endfacet
  facet normal -1.55987e-06 -0.93592 -0.352212
    outer loop
      vertex 69.9 -5.65023 -12.0119
      vertex 71.1 -5.54328 -12.2961
      vertex 71.1 -5.68158 -11.9286
    endloop
  endfacet
  facet normal 0 0.226941 -0.973909
    outer loop
      vertex 50.0617 1.17054 -15.8847
      vertex 59.1 1.55291 -15.7956
      vertex 59.1 1.17054 -15.8847
    endloop
  endfacet
  facet normal 0 0.226941 -0.973909
    outer loop
      vertex 59.1 1.55291 -15.7956
      vertex 50.0617 1.17054 -15.8847
      vertex 50.0492 1.55291 -15.7956
    endloop
  endfacet
  facet normal -3.34722e-06 0.226941 -0.973909
    outer loop
      vertex 77.1 1.17054 -15.8847
      vertex 75.9 1.25721 -15.8645
      vertex 77.1 1.55291 -15.7956
    endloop
  endfacet
  facet normal 0 0.226985 -0.973898
    outer loop
      vertex 75.9 1.25721 -15.8645
      vertex 77.1 1.17054 -15.8847
      vertex 75.9 1.17054 -15.8847
    endloop
  endfacet
  facet normal 0 0.226928 -0.973912
    outer loop
      vertex 77.1 1.55291 -15.7956
      vertex 75.9 1.25721 -15.8645
      vertex 75.9 1.55291 -15.7956
    endloop
  endfacet
  facet normal -3.34722e-06 0.226941 -0.973909
    outer loop
      vertex 63.9 1.25721 -15.8645
      vertex 65.1 1.55291 -15.7956
      vertex 65.1 1.17054 -15.8847
    endloop
  endfacet
  facet normal 0 0.226985 -0.973898
    outer loop
      vertex 63.9 1.25721 -15.8645
      vertex 65.1 1.17054 -15.8847
      vertex 63.9 1.17054 -15.8847
    endloop
  endfacet
  facet normal 0 0.226928 -0.973912
    outer loop
      vertex 65.1 1.55291 -15.7956
      vertex 63.9 1.25721 -15.8645
      vertex 63.9 1.55291 -15.7956
    endloop
  endfacet
  facet normal -3.34722e-06 0.226941 -0.973909
    outer loop
      vertex 71.1 1.17054 -15.8847
      vertex 69.9 1.25721 -15.8645
      vertex 71.1 1.55291 -15.7956
    endloop
  endfacet
  facet normal 0 0.226985 -0.973898
    outer loop
      vertex 69.9 1.25721 -15.8645
      vertex 71.1 1.17054 -15.8847
      vertex 69.9 1.17054 -15.8847
    endloop
  endfacet
  facet normal 0 0.226928 -0.973912
    outer loop
      vertex 71.1 1.55291 -15.7956
      vertex 69.9 1.25721 -15.8645
      vertex 69.9 1.55291 -15.7956
    endloop
  endfacet
  facet normal 0 0.29027 0.956945
    outer loop
      vertex 59.1 1.92864 -4.31842
      vertex 50.0492 1.55291 -4.20445
      vertex 59.1 1.55291 -4.20445
    endloop
  endfacet
  facet normal 0 0.29027 0.956945
    outer loop
      vertex 50.0492 1.55291 -4.20445
      vertex 59.1 1.92864 -4.31842
      vertex 50.0369 1.92864 -4.31842
    endloop
  endfacet
  facet normal -3.64843e-06 0.29027 0.956945
    outer loop
      vertex 77.1 1.92864 -4.31842
      vertex 75.9 1.84347 -4.29259
      vertex 77.1 1.55291 -4.20445
    endloop
  endfacet
  facet normal 0 0.290223 0.956959
    outer loop
      vertex 75.9 1.84347 -4.29259
      vertex 77.1 1.92864 -4.31842
      vertex 75.9 1.92864 -4.31842
    endloop
  endfacet
  facet normal -0 0.290283 0.956941
    outer loop
      vertex 75.9 1.55291 -4.20445
      vertex 77.1 1.55291 -4.20445
      vertex 75.9 1.84347 -4.29259
    endloop
  endfacet
  facet normal -3.64843e-06 0.29027 0.956945
    outer loop
      vertex 63.9 1.84347 -4.29259
      vertex 65.1 1.55291 -4.20445
      vertex 65.1 1.92864 -4.31842
    endloop
  endfacet
  facet normal 0 0.290223 0.956959
    outer loop
      vertex 63.9 1.84347 -4.29259
      vertex 65.1 1.92864 -4.31842
      vertex 63.9 1.92864 -4.31842
    endloop
  endfacet
  facet normal 0 0.290283 0.956941
    outer loop
      vertex 65.1 1.55291 -4.20445
      vertex 63.9 1.84347 -4.29259
      vertex 63.9 1.55291 -4.20445
    endloop
  endfacet
  facet normal -3.64843e-06 0.29027 0.956945
    outer loop
      vertex 71.1 1.92864 -4.31842
      vertex 69.9 1.84347 -4.29259
      vertex 71.1 1.55291 -4.20445
    endloop
  endfacet
  facet normal 0 0.290223 0.956959
    outer loop
      vertex 69.9 1.84347 -4.29259
      vertex 71.1 1.92864 -4.31842
      vertex 69.9 1.92864 -4.31842
    endloop
  endfacet
  facet normal -0 0.290283 0.956941
    outer loop
      vertex 69.9 1.55291 -4.20445
      vertex 71.1 1.55291 -4.20445
      vertex 69.9 1.84347 -4.29259
    endloop
  endfacet
  facet normal 0 0.995188 0.0979795
    outer loop
      vertex 77.1 5.94867 -9.21684
      vertex 75.9 5.95739 -9.30541
      vertex 75.9 5.94867 -9.21684
    endloop
  endfacet
  facet normal -1.95434e-06 0.995186 0.0980057
    outer loop
      vertex 77.1 5.98715 -9.60758
      vertex 75.9 5.95739 -9.30541
      vertex 77.1 5.94867 -9.21684
    endloop
  endfacet
  facet normal 0 0.995185 0.0980134
    outer loop
      vertex 75.9 5.95739 -9.30541
      vertex 77.1 5.98715 -9.60758
      vertex 75.9 5.98715 -9.60758
    endloop
  endfacet
  facet normal 0 0.995186 0.0980057
    outer loop
      vertex 59.1 5.98715 -9.60758
      vertex 49.7296 5.94867 -9.21684
      vertex 59.1 5.94867 -9.21684
    endloop
  endfacet
  facet normal 0 0.995186 0.0980057
    outer loop
      vertex 49.7296 5.94867 -9.21684
      vertex 59.1 5.98715 -9.60758
      vertex 49.7258 5.98715 -9.60758
    endloop
  endfacet
  facet normal 0 0.995188 0.0979795
    outer loop
      vertex 65.1 5.94867 -9.21684
      vertex 63.9 5.95739 -9.30541
      vertex 63.9 5.94867 -9.21684
    endloop
  endfacet
  facet normal -1.95434e-06 0.995186 0.0980057
    outer loop
      vertex 65.1 5.98715 -9.60758
      vertex 63.9 5.95739 -9.30541
      vertex 65.1 5.94867 -9.21684
    endloop
  endfacet
  facet normal 0 0.995185 0.0980134
    outer loop
      vertex 63.9 5.95739 -9.30541
      vertex 65.1 5.98715 -9.60758
      vertex 63.9 5.98715 -9.60758
    endloop
  endfacet
  facet normal 0 0.995188 0.0979795
    outer loop
      vertex 71.1 5.94867 -9.21684
      vertex 69.9 5.95739 -9.30541
      vertex 69.9 5.94867 -9.21684
    endloop
  endfacet
  facet normal -1.95434e-06 0.995186 0.0980057
    outer loop
      vertex 71.1 5.98715 -9.60758
      vertex 69.9 5.95739 -9.30541
      vertex 71.1 5.94867 -9.21684
    endloop
  endfacet
  facet normal 0 0.995185 0.0980134
    outer loop
      vertex 69.9 5.95739 -9.30541
      vertex 71.1 5.98715 -9.60758
      vertex 69.9 5.98715 -9.60758
    endloop
  endfacet
  facet normal 0 0.999464 0.0327369
    outer loop
      vertex 77.1 5.98715 -9.60758
      vertex 75.9 5.99709 -9.91105
      vertex 75.9 5.98715 -9.60758
    endloop
  endfacet
  facet normal 2.26103e-06 0.999464 0.032728
    outer loop
      vertex 77.1 6 -10
      vertex 75.9 5.99709 -9.91105
      vertex 77.1 5.98715 -9.60758
    endloop
  endfacet
  facet normal 0 0.999465 0.0326975
    outer loop
      vertex 75.9 5.99709 -9.91105
      vertex 77.1 6 -10
      vertex 75.9 6 -10
    endloop
  endfacet
  facet normal 0 0.999464 0.032728
    outer loop
      vertex 59.1 6 -10
      vertex 49.7258 5.98715 -9.60758
      vertex 59.1 5.98715 -9.60758
    endloop
  endfacet
  facet normal 0 0.999464 0.032728
    outer loop
      vertex 49.7258 5.98715 -9.60758
      vertex 59.1 6 -10
      vertex 49.7245 6 -10
    endloop
  endfacet
  facet normal 0 0.999464 0.0327369
    outer loop
      vertex 65.1 5.98715 -9.60758
      vertex 63.9 5.99709 -9.91105
      vertex 63.9 5.98715 -9.60758
    endloop
  endfacet
  facet normal 2.26103e-06 0.999464 0.032728
    outer loop
      vertex 65.1 6 -10
      vertex 63.9 5.99709 -9.91105
      vertex 65.1 5.98715 -9.60758
    endloop
  endfacet
  facet normal 0 0.999465 0.0326975
    outer loop
      vertex 63.9 5.99709 -9.91105
      vertex 65.1 6 -10
      vertex 63.9 6 -10
    endloop
  endfacet
  facet normal 0 0.999464 0.0327369
    outer loop
      vertex 71.1 5.98715 -9.60758
      vertex 69.9 5.99709 -9.91105
      vertex 69.9 5.98715 -9.60758
    endloop
  endfacet
  facet normal 2.26103e-06 0.999464 0.032728
    outer loop
      vertex 71.1 6 -10
      vertex 69.9 5.99709 -9.91105
      vertex 71.1 5.98715 -9.60758
    endloop
  endfacet
  facet normal 0 0.999465 0.0326975
    outer loop
      vertex 69.9 5.99709 -9.91105
      vertex 71.1 6 -10
      vertex 69.9 6 -10
    endloop
  endfacet
  facet normal 0 0.0327282 0.999464
    outer loop
      vertex 59.1 0.392418 -4.01285
      vertex 50.1 0 -4
      vertex 59.1 0 -4
    endloop
  endfacet
  facet normal 0 0.0327282 0.999464
    outer loop
      vertex 50.1 0 -4
      vertex 59.1 0.392418 -4.01285
      vertex 50.0872 0.392418 -4.01285
    endloop
  endfacet
  facet normal 0 0.032737 0.999464
    outer loop
      vertex 75.9 0.0889485 -4.00291
      vertex 77.1 0.392418 -4.01285
      vertex 75.9 0.392418 -4.01285
    endloop
  endfacet
  facet normal 2.23249e-06 0.0327282 0.999464
    outer loop
      vertex 77.1 0.392418 -4.01285
      vertex 75.9 0.0889485 -4.00291
      vertex 77.1 0 -4
    endloop
  endfacet
  facet normal 0 0.0326981 0.999465
    outer loop
      vertex 77.1 0 -4
      vertex 75.9 0.0889485 -4.00291
      vertex 75.9 0 -4
    endloop
  endfacet
  facet normal 0 0.032737 0.999464
    outer loop
      vertex 63.9 0.0889485 -4.00291
      vertex 65.1 0.392418 -4.01285
      vertex 63.9 0.392418 -4.01285
    endloop
  endfacet
  facet normal 2.23249e-06 0.0327282 0.999464
    outer loop
      vertex 65.1 0.392418 -4.01285
      vertex 63.9 0.0889485 -4.00291
      vertex 65.1 0 -4
    endloop
  endfacet
  facet normal 0 0.0326981 0.999465
    outer loop
      vertex 65.1 0 -4
      vertex 63.9 0.0889485 -4.00291
      vertex 63.9 0 -4
    endloop
  endfacet
  facet normal 0 0.032737 0.999464
    outer loop
      vertex 69.9 0.0889485 -4.00291
      vertex 71.1 0.392418 -4.01285
      vertex 69.9 0.392418 -4.01285
    endloop
  endfacet
  facet normal 2.23249e-06 0.0327282 0.999464
    outer loop
      vertex 71.1 0.392418 -4.01285
      vertex 69.9 0.0889485 -4.00291
      vertex 71.1 0 -4
    endloop
  endfacet
  facet normal 0 0.0326981 0.999465
    outer loop
      vertex 71.1 0 -4
      vertex 69.9 0.0889485 -4.00291
      vertex 69.9 0 -4
    endloop
  endfacet
  facet normal 4.96392e-06 -0.683589 0.729867
    outer loop
      vertex 77.1 -3.95607 -5.48896
      vertex 75.9 -4.17769 -5.69652
      vertex 77.1 -4.24264 -5.75736
    endloop
  endfacet
  facet normal 0 -0.683575 0.72988
    outer loop
      vertex 77.1 -3.95607 -5.48896
      vertex 75.9 -3.95607 -5.48896
      vertex 75.9 -4.17769 -5.69652
    endloop
  endfacet
  facet normal 0 -0.683638 0.729821
    outer loop
      vertex 77.1 -4.24264 -5.75736
      vertex 75.9 -4.17769 -5.69652
      vertex 75.9 -4.24264 -5.75736
    endloop
  endfacet
  facet normal 0 -0.683589 0.729867
    outer loop
      vertex 49.9258 -3.95607 -5.48896
      vertex 59.1 -4.24264 -5.75736
      vertex 59.1 -3.95607 -5.48896
    endloop
  endfacet
  facet normal 0 -0.683589 0.729867
    outer loop
      vertex 59.1 -4.24264 -5.75736
      vertex 49.9258 -3.95607 -5.48896
      vertex 49.8976 -4.24264 -5.75736
    endloop
  endfacet
  facet normal 4.96392e-06 -0.683589 0.729867
    outer loop
      vertex 65.1 -3.95607 -5.48896
      vertex 63.9 -4.17769 -5.69652
      vertex 65.1 -4.24264 -5.75736
    endloop
  endfacet
  facet normal 0 -0.683575 0.72988
    outer loop
      vertex 65.1 -3.95607 -5.48896
      vertex 63.9 -3.95607 -5.48896
      vertex 63.9 -4.17769 -5.69652
    endloop
  endfacet
  facet normal 0 -0.683638 0.729821
    outer loop
      vertex 65.1 -4.24264 -5.75736
      vertex 63.9 -4.17769 -5.69652
      vertex 63.9 -4.24264 -5.75736
    endloop
  endfacet
  facet normal 4.96392e-06 -0.683589 0.729867
    outer loop
      vertex 71.1 -3.95607 -5.48896
      vertex 69.9 -4.17769 -5.69652
      vertex 71.1 -4.24264 -5.75736
    endloop
  endfacet
  facet normal 0 -0.683575 0.72988
    outer loop
      vertex 71.1 -3.95607 -5.48896
      vertex 69.9 -3.95607 -5.48896
      vertex 69.9 -4.17769 -5.69652
    endloop
  endfacet
  facet normal 0 -0.683638 0.729821
    outer loop
      vertex 71.1 -4.24264 -5.75736
      vertex 69.9 -4.17769 -5.69652
      vertex 69.9 -4.24264 -5.75736
    endloop
  endfacet
  facet normal 0 -0.29027 0.956945
    outer loop
      vertex 50.0492 -1.55291 -4.20445
      vertex 59.1 -1.92864 -4.31842
      vertex 59.1 -1.55291 -4.20445
    endloop
  endfacet
  facet normal 0 -0.29027 0.956945
    outer loop
      vertex 59.1 -1.92864 -4.31842
      vertex 50.0492 -1.55291 -4.20445
      vertex 50.0369 -1.92864 -4.31842
    endloop
  endfacet
  facet normal 0 -0.290283 0.956941
    outer loop
      vertex 75.9 -1.84347 -4.29259
      vertex 77.1 -1.55291 -4.20445
      vertex 75.9 -1.55291 -4.20445
    endloop
  endfacet
  facet normal -3.64843e-06 -0.29027 0.956945
    outer loop
      vertex 77.1 -1.55291 -4.20445
      vertex 75.9 -1.84347 -4.29259
      vertex 77.1 -1.92864 -4.31842
    endloop
  endfacet
  facet normal 0 -0.290223 0.956959
    outer loop
      vertex 77.1 -1.92864 -4.31842
      vertex 75.9 -1.84347 -4.29259
      vertex 75.9 -1.92864 -4.31842
    endloop
  endfacet
  facet normal 0 -0.290283 0.956941
    outer loop
      vertex 63.9 -1.84347 -4.29259
      vertex 65.1 -1.55291 -4.20445
      vertex 63.9 -1.55291 -4.20445
    endloop
  endfacet
  facet normal -3.64843e-06 -0.29027 0.956945
    outer loop
      vertex 65.1 -1.55291 -4.20445
      vertex 63.9 -1.84347 -4.29259
      vertex 65.1 -1.92864 -4.31842
    endloop
  endfacet
  facet normal 0 -0.290223 0.956959
    outer loop
      vertex 65.1 -1.92864 -4.31842
      vertex 63.9 -1.84347 -4.29259
      vertex 63.9 -1.92864 -4.31842
    endloop
  endfacet
  facet normal 0 -0.290283 0.956941
    outer loop
      vertex 69.9 -1.84347 -4.29259
      vertex 71.1 -1.55291 -4.20445
      vertex 69.9 -1.55291 -4.20445
    endloop
  endfacet
  facet normal -3.64843e-06 -0.29027 0.956945
    outer loop
      vertex 71.1 -1.55291 -4.20445
      vertex 69.9 -1.84347 -4.29259
      vertex 71.1 -1.92864 -4.31842
    endloop
  endfacet
  facet normal 0 -0.290223 0.956959
    outer loop
      vertex 71.1 -1.92864 -4.31842
      vertex 69.9 -1.84347 -4.29259
      vertex 69.9 -1.92864 -4.31842
    endloop
  endfacet
  facet normal 0 -0.162902 0.986642
    outer loop
      vertex 50.0744 -0.783156 -4.05133
      vertex 59.1 -1.17054 -4.11529
      vertex 59.1 -0.783156 -4.05133
    endloop
  endfacet
  facet normal 0 -0.162902 0.986642
    outer loop
      vertex 59.1 -1.17054 -4.11529
      vertex 50.0744 -0.783156 -4.05133
      vertex 50.0617 -1.17054 -4.11529
    endloop
  endfacet
  facet normal 0 0 1
    outer loop
      vertex 75.9 -0.783157 -4.05133
      vertex 77.1 -0.783156 -4.05133
      vertex 75.9 -0.783156 -4.05133
    endloop
  endfacet
  facet normal 1.35774e-07 -0.162928 0.986638
    outer loop
      vertex 75.9 -0.870964 -4.06583
      vertex 77.1 -0.783156 -4.05133
      vertex 75.9 -0.783157 -4.05133
    endloop
  endfacet
  facet normal -1.84296e-06 -0.162902 0.986642
    outer loop
      vertex 77.1 -0.783156 -4.05133
      vertex 75.9 -0.870964 -4.06583
      vertex 77.1 -1.17054 -4.11529
    endloop
  endfacet
  facet normal 0 -0.162895 0.986643
    outer loop
      vertex 75.9 -1.17054 -4.11529
      vertex 77.1 -1.17054 -4.11529
      vertex 75.9 -0.870964 -4.06583
    endloop
  endfacet
  facet normal 0 0 1
    outer loop
      vertex 63.9 -0.783157 -4.05133
      vertex 65.1 -0.783156 -4.05133
      vertex 63.9 -0.783156 -4.05133
    endloop
  endfacet
  facet normal 1.35774e-07 -0.162928 0.986638
    outer loop
      vertex 63.9 -0.870964 -4.06583
      vertex 65.1 -0.783156 -4.05133
      vertex 63.9 -0.783157 -4.05133
    endloop
  endfacet
  facet normal -1.84296e-06 -0.162902 0.986642
    outer loop
      vertex 65.1 -0.783156 -4.05133
      vertex 63.9 -0.870964 -4.06583
      vertex 65.1 -1.17054 -4.11529
    endloop
  endfacet
  facet normal 0 -0.162895 0.986643
    outer loop
      vertex 63.9 -1.17054 -4.11529
      vertex 65.1 -1.17054 -4.11529
      vertex 63.9 -0.870964 -4.06583
    endloop
  endfacet
  facet normal 0 0 1
    outer loop
      vertex 69.9 -0.783157 -4.05133
      vertex 71.1 -0.783156 -4.05133
      vertex 69.9 -0.783156 -4.05133
    endloop
  endfacet
  facet normal 1.35774e-07 -0.162928 0.986638
    outer loop
      vertex 69.9 -0.870964 -4.06583
      vertex 71.1 -0.783156 -4.05133
      vertex 69.9 -0.783157 -4.05133
    endloop
  endfacet
  facet normal -1.84296e-06 -0.162902 0.986642
    outer loop
      vertex 71.1 -0.783156 -4.05133
      vertex 69.9 -0.870964 -4.06583
      vertex 71.1 -1.17054 -4.11529
    endloop
  endfacet
  facet normal 0 -0.162895 0.986643
    outer loop
      vertex 69.9 -1.17054 -4.11529
      vertex 71.1 -1.17054 -4.11529
      vertex 69.9 -0.870964 -4.06583
    endloop
  endfacet
  facet normal 0 0.683589 0.729867
    outer loop
      vertex 59.1 4.24264 -5.75736
      vertex 49.9258 3.95607 -5.48896
      vertex 59.1 3.95607 -5.48896
    endloop
  endfacet
  facet normal 0 0.683589 0.729867
    outer loop
      vertex 49.9258 3.95607 -5.48896
      vertex 59.1 4.24264 -5.75736
      vertex 49.8976 4.24264 -5.75736
    endloop
  endfacet
  facet normal 0 0.683638 0.729821
    outer loop
      vertex 75.9 4.17769 -5.69652
      vertex 77.1 4.24264 -5.75736
      vertex 75.9 4.24264 -5.75736
    endloop
  endfacet
  facet normal 4.96392e-06 0.683589 0.729867
    outer loop
      vertex 77.1 4.24264 -5.75736
      vertex 75.9 4.17769 -5.69652
      vertex 77.1 3.95607 -5.48896
    endloop
  endfacet
  facet normal -0 0.683575 0.72988
    outer loop
      vertex 75.9 3.95607 -5.48896
      vertex 77.1 3.95607 -5.48896
      vertex 75.9 4.17769 -5.69652
    endloop
  endfacet
  facet normal 0 0.683638 0.729821
    outer loop
      vertex 63.9 4.17769 -5.69652
      vertex 65.1 4.24264 -5.75736
      vertex 63.9 4.24264 -5.75736
    endloop
  endfacet
  facet normal 4.96392e-06 0.683589 0.729867
    outer loop
      vertex 65.1 4.24264 -5.75736
      vertex 63.9 4.17769 -5.69652
      vertex 65.1 3.95607 -5.48896
    endloop
  endfacet
  facet normal -0 0.683575 0.72988
    outer loop
      vertex 63.9 3.95607 -5.48896
      vertex 65.1 3.95607 -5.48896
      vertex 63.9 4.17769 -5.69652
    endloop
  endfacet
  facet normal 0 0.683638 0.729821
    outer loop
      vertex 69.9 4.17769 -5.69652
      vertex 71.1 4.24264 -5.75736
      vertex 69.9 4.24264 -5.75736
    endloop
  endfacet
  facet normal 4.96392e-06 0.683589 0.729867
    outer loop
      vertex 71.1 4.24264 -5.75736
      vertex 69.9 4.17769 -5.69652
      vertex 71.1 3.95607 -5.48896
    endloop
  endfacet
  facet normal -0 0.683575 0.72988
    outer loop
      vertex 69.9 3.95607 -5.48896
      vertex 71.1 3.95607 -5.48896
      vertex 69.9 4.17769 -5.69652
    endloop
  endfacet
  facet normal 0 -0.910871 -0.412691
    outer loop
      vertex 75.9 -5.41796 -12.5727
      vertex 77.1 -5.54328 -12.2961
      vertex 75.9 -5.54328 -12.2961
    endloop
  endfacet
  facet normal -0 -0.910782 -0.412888
    outer loop
      vertex 77.1 -5.38124 -12.6537
      vertex 75.9 -5.41796 -12.5727
      vertex 75.9 -5.38124 -12.6537
    endloop
  endfacet
  facet normal 1.2379e-05 -0.910851 -0.412736
    outer loop
      vertex 75.9 -5.41796 -12.5727
      vertex 77.1 -5.38124 -12.6537
      vertex 77.1 -5.54328 -12.2961
    endloop
  endfacet
  facet normal 0 -0.910851 -0.412736
    outer loop
      vertex 49.7855 -5.38124 -12.6537
      vertex 59.1 -5.54328 -12.2961
      vertex 49.7695 -5.54328 -12.2961
    endloop
  endfacet
  facet normal 0 -0.910851 -0.412736
    outer loop
      vertex 59.1 -5.54328 -12.2961
      vertex 49.7855 -5.38124 -12.6537
      vertex 59.1 -5.38124 -12.6537
    endloop
  endfacet
  facet normal 0 -0.910871 -0.412691
    outer loop
      vertex 63.9 -5.41796 -12.5727
      vertex 65.1 -5.54328 -12.2961
      vertex 63.9 -5.54328 -12.2961
    endloop
  endfacet
  facet normal -0 -0.910782 -0.412888
    outer loop
      vertex 65.1 -5.38124 -12.6537
      vertex 63.9 -5.41796 -12.5727
      vertex 63.9 -5.38124 -12.6537
    endloop
  endfacet
  facet normal 1.2379e-05 -0.910851 -0.412736
    outer loop
      vertex 63.9 -5.41796 -12.5727
      vertex 65.1 -5.38124 -12.6537
      vertex 65.1 -5.54328 -12.2961
    endloop
  endfacet
  facet normal 0 -0.910871 -0.412691
    outer loop
      vertex 69.9 -5.41796 -12.5727
      vertex 71.1 -5.54328 -12.2961
      vertex 69.9 -5.54328 -12.2961
    endloop
  endfacet
  facet normal -0 -0.910782 -0.412888
    outer loop
      vertex 71.1 -5.38124 -12.6537
      vertex 69.9 -5.41796 -12.5727
      vertex 69.9 -5.38124 -12.6537
    endloop
  endfacet
  facet normal 1.2379e-05 -0.910851 -0.412736
    outer loop
      vertex 69.9 -5.41796 -12.5727
      vertex 71.1 -5.38124 -12.6537
      vertex 71.1 -5.54328 -12.2961
    endloop
  endfacet
  facet normal 0 0.986637 -0.162936
    outer loop
      vertex 49.7359 5.88471 -11.1705
      vertex 59.1 5.94867 -10.7832
      vertex 59.1 5.88471 -11.1705
    endloop
  endfacet
  facet normal 0 0.986637 -0.162936
    outer loop
      vertex 59.1 5.94867 -10.7832
      vertex 49.7359 5.88471 -11.1705
      vertex 49.7296 5.94867 -10.7832
    endloop
  endfacet
  facet normal 0 0.986636 -0.162941
    outer loop
      vertex 77.1 5.94867 -10.7832
      vertex 75.9 5.93417 -10.871
      vertex 75.9 5.94867 -10.7832
    endloop
  endfacet
  facet normal -3.43909e-07 0.986637 -0.162936
    outer loop
      vertex 77.1 5.88471 -11.1705
      vertex 75.9 5.93417 -10.871
      vertex 77.1 5.94867 -10.7832
    endloop
  endfacet
  facet normal 0 0.986637 -0.162935
    outer loop
      vertex 75.9 5.93417 -10.871
      vertex 77.1 5.88471 -11.1705
      vertex 75.9 5.88471 -11.1705
    endloop
  endfacet
  facet normal 0 0.986636 -0.162941
    outer loop
      vertex 65.1 5.94867 -10.7832
      vertex 63.9 5.93417 -10.871
      vertex 63.9 5.94867 -10.7832
    endloop
  endfacet
  facet normal -3.43909e-07 0.986637 -0.162936
    outer loop
      vertex 65.1 5.88471 -11.1705
      vertex 63.9 5.93417 -10.871
      vertex 65.1 5.94867 -10.7832
    endloop
  endfacet
  facet normal 0 0.986637 -0.162935
    outer loop
      vertex 63.9 5.93417 -10.871
      vertex 65.1 5.88471 -11.1705
      vertex 63.9 5.88471 -11.1705
    endloop
  endfacet
  facet normal 0 0.986636 -0.162941
    outer loop
      vertex 71.1 5.94867 -10.7832
      vertex 69.9 5.93417 -10.871
      vertex 69.9 5.94867 -10.7832
    endloop
  endfacet
  facet normal -3.43909e-07 0.986637 -0.162936
    outer loop
      vertex 71.1 5.88471 -11.1705
      vertex 69.9 5.93417 -10.871
      vertex 71.1 5.94867 -10.7832
    endloop
  endfacet
  facet normal 0 0.986637 -0.162935
    outer loop
      vertex 69.9 5.93417 -10.871
      vertex 71.1 5.88471 -11.1705
      vertex 69.9 5.88471 -11.1705
    endloop
  endfacet
  facet normal 0 0.973891 -0.227017
    outer loop
      vertex 77.1 5.88471 -11.1705
      vertex 75.9 5.8645 -11.2572
      vertex 75.9 5.88471 -11.1705
    endloop
  endfacet
  facet normal 3.96445e-06 0.973879 -0.227069
    outer loop
      vertex 77.1 5.79555 -11.5529
      vertex 75.9 5.8645 -11.2572
      vertex 77.1 5.88471 -11.1705
    endloop
  endfacet
  facet normal 0 0.973875 -0.227084
    outer loop
      vertex 75.9 5.8645 -11.2572
      vertex 77.1 5.79555 -11.5529
      vertex 75.9 5.79555 -11.5529
    endloop
  endfacet
  facet normal 0 0.973879 -0.227069
    outer loop
      vertex 49.7446 5.79555 -11.5529
      vertex 59.1 5.88471 -11.1705
      vertex 59.1 5.79555 -11.5529
    endloop
  endfacet
  facet normal 0 0.973879 -0.227069
    outer loop
      vertex 59.1 5.88471 -11.1705
      vertex 49.7446 5.79555 -11.5529
      vertex 49.7359 5.88471 -11.1705
    endloop
  endfacet
  facet normal 0 0.973891 -0.227017
    outer loop
      vertex 65.1 5.88471 -11.1705
      vertex 63.9 5.8645 -11.2572
      vertex 63.9 5.88471 -11.1705
    endloop
  endfacet
  facet normal 3.96445e-06 0.973879 -0.227069
    outer loop
      vertex 65.1 5.79555 -11.5529
      vertex 63.9 5.8645 -11.2572
      vertex 65.1 5.88471 -11.1705
    endloop
  endfacet
  facet normal 0 0.973875 -0.227084
    outer loop
      vertex 63.9 5.8645 -11.2572
      vertex 65.1 5.79555 -11.5529
      vertex 63.9 5.79555 -11.5529
    endloop
  endfacet
  facet normal 0 0.973891 -0.227017
    outer loop
      vertex 71.1 5.88471 -11.1705
      vertex 69.9 5.8645 -11.2572
      vertex 69.9 5.88471 -11.1705
    endloop
  endfacet
  facet normal 3.96445e-06 0.973879 -0.227069
    outer loop
      vertex 71.1 5.79555 -11.5529
      vertex 69.9 5.8645 -11.2572
      vertex 71.1 5.88471 -11.1705
    endloop
  endfacet
  facet normal 0 0.973875 -0.227084
    outer loop
      vertex 69.9 5.8645 -11.2572
      vertex 71.1 5.79555 -11.5529
      vertex 69.9 5.79555 -11.5529
    endloop
  endfacet
  facet normal 0 -0.528048 0.849215
    outer loop
      vertex 75.9 -3.07557 -4.85084
      vertex 77.1 -3 -4.80385
      vertex 75.9 -3 -4.80385
    endloop
  endfacet
  facet normal 1.10856e-06 -0.528061 0.849207
    outer loop
      vertex 77.1 -3 -4.80385
      vertex 75.9 -3.07557 -4.85084
      vertex 77.1 -3.33342 -5.01118
    endloop
  endfacet
  facet normal 0 -0.528064 0.849204
    outer loop
      vertex 77.1 -3.33342 -5.01118
      vertex 75.9 -3.07557 -4.85084
      vertex 75.9 -3.33342 -5.01118
    endloop
  endfacet
  facet normal 0 -0.528061 0.849207
    outer loop
      vertex 50.0018 -3 -4.80385
      vertex 59.1 -3.33342 -5.01118
      vertex 59.1 -3 -4.80385
    endloop
  endfacet
  facet normal -1.15226e-08 -0.528061 0.849206
    outer loop
      vertex 49.9927 -3.2767 -4.97591
      vertex 59.1 -3.33342 -5.01118
      vertex 50.0018 -3 -4.80385
    endloop
  endfacet
  facet normal 0 -0.52806 0.849207
    outer loop
      vertex 59.1 -3.33342 -5.01118
      vertex 49.9927 -3.2767 -4.97591
      vertex 49.9871 -3.33342 -5.01118
    endloop
  endfacet
  facet normal 0 -0.528048 0.849215
    outer loop
      vertex 63.9 -3.07557 -4.85084
      vertex 65.1 -3 -4.80385
      vertex 63.9 -3 -4.80385
    endloop
  endfacet
  facet normal 1.10856e-06 -0.528061 0.849207
    outer loop
      vertex 65.1 -3 -4.80385
      vertex 63.9 -3.07557 -4.85084
      vertex 65.1 -3.33342 -5.01118
    endloop
  endfacet
  facet normal 0 -0.528064 0.849204
    outer loop
      vertex 65.1 -3.33342 -5.01118
      vertex 63.9 -3.07557 -4.85084
      vertex 63.9 -3.33342 -5.01118
    endloop
  endfacet
  facet normal 0 -0.528048 0.849215
    outer loop
      vertex 69.9 -3.07557 -4.85084
      vertex 71.1 -3 -4.80385
      vertex 69.9 -3 -4.80385
    endloop
  endfacet
  facet normal 1.10856e-06 -0.528061 0.849207
    outer loop
      vertex 71.1 -3 -4.80385
      vertex 69.9 -3.07557 -4.85084
      vertex 71.1 -3.33342 -5.01118
    endloop
  endfacet
  facet normal 0 -0.528064 0.849204
    outer loop
      vertex 71.1 -3.33342 -5.01118
      vertex 69.9 -3.07557 -4.85084
      vertex 69.9 -3.33342 -5.01118
    endloop
  endfacet
  facet normal 0 -0.812838 -0.58249
    outer loop
      vertex 75.9 -4.81196 -13.5802
      vertex 77.1 -4.98882 -13.3334
      vertex 75.9 -4.98882 -13.3334
    endloop
  endfacet
  facet normal -0 -0.813065 -0.582173
    outer loop
      vertex 77.1 -4.76012 -13.6526
      vertex 75.9 -4.81196 -13.5802
      vertex 75.9 -4.76012 -13.6526
    endloop
  endfacet
  facet normal -2.23935e-05 -0.812889 -0.582418
    outer loop
      vertex 75.9 -4.81196 -13.5802
      vertex 77.1 -4.76012 -13.6526
      vertex 77.1 -4.98882 -13.3334
    endloop
  endfacet
  facet normal 0 -0.812889 -0.582418
    outer loop
      vertex 49.8466 -4.76012 -13.6526
      vertex 59.1 -4.98882 -13.3334
      vertex 49.8241 -4.98882 -13.3334
    endloop
  endfacet
  facet normal 0 -0.812889 -0.582418
    outer loop
      vertex 59.1 -4.98882 -13.3334
      vertex 49.8466 -4.76012 -13.6526
      vertex 59.1 -4.76012 -13.6526
    endloop
  endfacet
  facet normal 0 -0.812838 -0.58249
    outer loop
      vertex 63.9 -4.81196 -13.5802
      vertex 65.1 -4.98882 -13.3334
      vertex 63.9 -4.98882 -13.3334
    endloop
  endfacet
  facet normal -0 -0.813065 -0.582173
    outer loop
      vertex 65.1 -4.76012 -13.6526
      vertex 63.9 -4.81196 -13.5802
      vertex 63.9 -4.76012 -13.6526
    endloop
  endfacet
  facet normal -2.23935e-05 -0.812889 -0.582418
    outer loop
      vertex 63.9 -4.81196 -13.5802
      vertex 65.1 -4.76012 -13.6526
      vertex 65.1 -4.98882 -13.3334
    endloop
  endfacet
  facet normal 0 -0.812838 -0.58249
    outer loop
      vertex 69.9 -4.81196 -13.5802
      vertex 71.1 -4.98882 -13.3334
      vertex 69.9 -4.98882 -13.3334
    endloop
  endfacet
  facet normal -0 -0.813065 -0.582173
    outer loop
      vertex 71.1 -4.76012 -13.6526
      vertex 69.9 -4.81196 -13.5802
      vertex 69.9 -4.76012 -13.6526
    endloop
  endfacet
  facet normal -2.23935e-05 -0.812889 -0.582418
    outer loop
      vertex 69.9 -4.81196 -13.5802
      vertex 71.1 -4.76012 -13.6526
      vertex 71.1 -4.98882 -13.3334
    endloop
  endfacet
  facet normal 0 0.290464 -0.956886
    outer loop
      vertex 75.9 1.84347 -15.7074
      vertex 77.1 1.55291 -15.7956
      vertex 75.9 1.55291 -15.7956
    endloop
  endfacet
  facet normal -3.29943e-05 0.29034 -0.956924
    outer loop
      vertex 77.1 1.55291 -15.7956
      vertex 75.9 1.84347 -15.7074
      vertex 77.1 1.92864 -15.6816
    endloop
  endfacet
  facet normal 0 0.289914 -0.957053
    outer loop
      vertex 77.1 1.92864 -15.6816
      vertex 75.9 1.84347 -15.7074
      vertex 75.9 1.92864 -15.6816
    endloop
  endfacet
  facet normal 0 0.29034 -0.956924
    outer loop
      vertex 50.0492 1.55291 -15.7956
      vertex 59.1 1.92864 -15.6816
      vertex 59.1 1.55291 -15.7956
    endloop
  endfacet
  facet normal 0 0.29034 -0.956924
    outer loop
      vertex 59.1 1.92864 -15.6816
      vertex 50.0492 1.55291 -15.7956
      vertex 50.0369 1.92864 -15.6816
    endloop
  endfacet
  facet normal 0 0.290464 -0.956886
    outer loop
      vertex 63.9 1.84347 -15.7074
      vertex 65.1 1.55291 -15.7956
      vertex 63.9 1.55291 -15.7956
    endloop
  endfacet
  facet normal -3.29943e-05 0.29034 -0.956924
    outer loop
      vertex 65.1 1.55291 -15.7956
      vertex 63.9 1.84347 -15.7074
      vertex 65.1 1.92864 -15.6816
    endloop
  endfacet
  facet normal 0 0.289914 -0.957053
    outer loop
      vertex 65.1 1.92864 -15.6816
      vertex 63.9 1.84347 -15.7074
      vertex 63.9 1.92864 -15.6816
    endloop
  endfacet
  facet normal 0 0.290464 -0.956886
    outer loop
      vertex 69.9 1.84347 -15.7074
      vertex 71.1 1.55291 -15.7956
      vertex 69.9 1.55291 -15.7956
    endloop
  endfacet
  facet normal -3.29943e-05 0.29034 -0.956924
    outer loop
      vertex 71.1 1.55291 -15.7956
      vertex 69.9 1.84347 -15.7074
      vertex 71.1 1.92864 -15.6816
    endloop
  endfacet
  facet normal 0 0.289914 -0.957053
    outer loop
      vertex 71.1 1.92864 -15.6816
      vertex 69.9 1.84347 -15.7074
      vertex 69.9 1.92864 -15.6816
    endloop
  endfacet
  facet normal 0 -0.582937 -0.812517
    outer loop
      vertex 75.9 -3.58023 -14.812
      vertex 77.1 -3.65257 -14.7601
      vertex 75.9 -3.65257 -14.7601
    endloop
  endfacet
  facet normal 4.18691e-05 -0.582478 -0.812846
    outer loop
      vertex 77.1 -3.65257 -14.7601
      vertex 75.9 -3.58023 -14.812
      vertex 77.1 -3.33342 -14.9888
    endloop
  endfacet
  facet normal 0 -0.582344 -0.812943
    outer loop
      vertex 75.9 -3.33342 -14.9888
      vertex 77.1 -3.33342 -14.9888
      vertex 75.9 -3.58023 -14.812
    endloop
  endfacet
  facet normal 0 -0.582478 -0.812846
    outer loop
      vertex 59.1 -3.65257 -14.7601
      vertex 49.9871 -3.33342 -14.9888
      vertex 59.1 -3.33342 -14.9888
    endloop
  endfacet
  facet normal 0 -0.582478 -0.812846
    outer loop
      vertex 49.9871 -3.33342 -14.9888
      vertex 59.1 -3.65257 -14.7601
      vertex 49.9557 -3.65257 -14.7601
    endloop
  endfacet
  facet normal 0 -0.582937 -0.812517
    outer loop
      vertex 63.9 -3.58023 -14.812
      vertex 65.1 -3.65257 -14.7601
      vertex 63.9 -3.65257 -14.7601
    endloop
  endfacet
  facet normal 4.18691e-05 -0.582478 -0.812846
    outer loop
      vertex 65.1 -3.65257 -14.7601
      vertex 63.9 -3.58023 -14.812
      vertex 65.1 -3.33342 -14.9888
    endloop
  endfacet
  facet normal 0 -0.582344 -0.812943
    outer loop
      vertex 63.9 -3.33342 -14.9888
      vertex 65.1 -3.33342 -14.9888
      vertex 63.9 -3.58023 -14.812
    endloop
  endfacet
  facet normal 0 -0.582937 -0.812517
    outer loop
      vertex 69.9 -3.58023 -14.812
      vertex 71.1 -3.65257 -14.7601
      vertex 69.9 -3.65257 -14.7601
    endloop
  endfacet
  facet normal 4.18691e-05 -0.582478 -0.812846
    outer loop
      vertex 71.1 -3.65257 -14.7601
      vertex 69.9 -3.58023 -14.812
      vertex 71.1 -3.33342 -14.9888
    endloop
  endfacet
  facet normal 0 -0.582344 -0.812943
    outer loop
      vertex 69.9 -3.33342 -14.9888
      vertex 71.1 -3.33342 -14.9888
      vertex 69.9 -3.58023 -14.812
    endloop
  endfacet
  facet normal 0 0.412634 0.910897
    outer loop
      vertex 75.9 2.57267 -4.58204
      vertex 77.1 2.65373 -4.61876
      vertex 75.9 2.65373 -4.61876
    endloop
  endfacet
  facet normal -5.9191e-06 0.412707 0.910864
    outer loop
      vertex 77.1 2.65373 -4.61876
      vertex 75.9 2.57267 -4.58204
      vertex 77.1 2.2961 -4.45672
    endloop
  endfacet
  facet normal -0 0.412728 0.910854
    outer loop
      vertex 75.9 2.2961 -4.45672
      vertex 77.1 2.2961 -4.45672
      vertex 75.9 2.57267 -4.58204
    endloop
  endfacet
  facet normal 0 0.412707 0.910864
    outer loop
      vertex 59.1 2.65373 -4.61876
      vertex 50.0248 2.2961 -4.45672
      vertex 59.1 2.2961 -4.45672
    endloop
  endfacet
  facet normal 0 0.412707 0.910864
    outer loop
      vertex 50.0248 2.2961 -4.45672
      vertex 59.1 2.65373 -4.61876
      vertex 50.0131 2.65373 -4.61876
    endloop
  endfacet
  facet normal 0 0.412634 0.910897
    outer loop
      vertex 63.9 2.57267 -4.58204
      vertex 65.1 2.65373 -4.61876
      vertex 63.9 2.65373 -4.61876
    endloop
  endfacet
  facet normal -5.9191e-06 0.412707 0.910864
    outer loop
      vertex 65.1 2.65373 -4.61876
      vertex 63.9 2.57267 -4.58204
      vertex 65.1 2.2961 -4.45672
    endloop
  endfacet
  facet normal -0 0.412728 0.910854
    outer loop
      vertex 63.9 2.2961 -4.45672
      vertex 65.1 2.2961 -4.45672
      vertex 63.9 2.57267 -4.58204
    endloop
  endfacet
  facet normal 0 0.412634 0.910897
    outer loop
      vertex 69.9 2.57267 -4.58204
      vertex 71.1 2.65373 -4.61876
      vertex 69.9 2.65373 -4.61876
    endloop
  endfacet
  facet normal -5.9191e-06 0.412707 0.910864
    outer loop
      vertex 71.1 2.65373 -4.61876
      vertex 69.9 2.57267 -4.58204
      vertex 71.1 2.2961 -4.45672
    endloop
  endfacet
  facet normal -0 0.412728 0.910854
    outer loop
      vertex 69.9 2.2961 -4.45672
      vertex 71.1 2.2961 -4.45672
      vertex 69.9 2.57267 -4.58204
    endloop
  endfacet
  facet normal 3.86045e-05 -0.63443 -0.77298
    outer loop
      vertex 77.1 -3.95607 -14.511
      vertex 75.9 -3.72136 -14.7037
      vertex 77.1 -3.65257 -14.7601
    endloop
  endfacet
  facet normal 0 -0.634548 -0.772884
    outer loop
      vertex 75.9 -3.72136 -14.7037
      vertex 77.1 -3.95607 -14.511
      vertex 75.9 -3.95607 -14.511
    endloop
  endfacet
  facet normal 0 -0.634027 -0.773311
    outer loop
      vertex 75.9 -3.65257 -14.7601
      vertex 77.1 -3.65257 -14.7601
      vertex 75.9 -3.72136 -14.7037
    endloop
  endfacet
  facet normal 0 -0.63443 -0.77298
    outer loop
      vertex 59.1 -3.95607 -14.511
      vertex 49.9557 -3.65257 -14.7601
      vertex 59.1 -3.65257 -14.7601
    endloop
  endfacet
  facet normal 0 -0.63443 -0.77298
    outer loop
      vertex 49.9557 -3.65257 -14.7601
      vertex 59.1 -3.95607 -14.511
      vertex 49.9258 -3.95607 -14.511
    endloop
  endfacet
  facet normal 3.86045e-05 -0.63443 -0.77298
    outer loop
      vertex 65.1 -3.95607 -14.511
      vertex 63.9 -3.72136 -14.7037
      vertex 65.1 -3.65257 -14.7601
    endloop
  endfacet
  facet normal 0 -0.634548 -0.772884
    outer loop
      vertex 63.9 -3.72136 -14.7037
      vertex 65.1 -3.95607 -14.511
      vertex 63.9 -3.95607 -14.511
    endloop
  endfacet
  facet normal 0 -0.634027 -0.773311
    outer loop
      vertex 63.9 -3.65257 -14.7601
      vertex 65.1 -3.65257 -14.7601
      vertex 63.9 -3.72136 -14.7037
    endloop
  endfacet
  facet normal 3.86045e-05 -0.63443 -0.77298
    outer loop
      vertex 71.1 -3.95607 -14.511
      vertex 69.9 -3.72136 -14.7037
      vertex 71.1 -3.65257 -14.7601
    endloop
  endfacet
  facet normal 0 -0.634548 -0.772884
    outer loop
      vertex 69.9 -3.72136 -14.7037
      vertex 71.1 -3.95607 -14.511
      vertex 69.9 -3.95607 -14.511
    endloop
  endfacet
  facet normal 0 -0.634027 -0.773311
    outer loop
      vertex 69.9 -3.65257 -14.7601
      vertex 71.1 -3.65257 -14.7601
      vertex 69.9 -3.72136 -14.7037
    endloop
  endfacet
  facet normal 0 0.63443 -0.77298
    outer loop
      vertex 49.9557 3.65257 -14.7601
      vertex 59.1 3.95607 -14.511
      vertex 59.1 3.65257 -14.7601
    endloop
  endfacet
  facet normal 0 0.63443 -0.77298
    outer loop
      vertex 59.1 3.95607 -14.511
      vertex 49.9557 3.65257 -14.7601
      vertex 49.9258 3.95607 -14.511
    endloop
  endfacet
  facet normal 0 0.634027 -0.773311
    outer loop
      vertex 75.9 3.72136 -14.7037
      vertex 77.1 3.65257 -14.7601
      vertex 75.9 3.65257 -14.7601
    endloop
  endfacet
  facet normal 3.86045e-05 0.63443 -0.77298
    outer loop
      vertex 77.1 3.65257 -14.7601
      vertex 75.9 3.72136 -14.7037
      vertex 77.1 3.95607 -14.511
    endloop
  endfacet
  facet normal 0 0.634548 -0.772884
    outer loop
      vertex 77.1 3.95607 -14.511
      vertex 75.9 3.72136 -14.7037
      vertex 75.9 3.95607 -14.511
    endloop
  endfacet
  facet normal 0 0.634027 -0.773311
    outer loop
      vertex 63.9 3.72136 -14.7037
      vertex 65.1 3.65257 -14.7601
      vertex 63.9 3.65257 -14.7601
    endloop
  endfacet
  facet normal 3.86045e-05 0.63443 -0.77298
    outer loop
      vertex 65.1 3.65257 -14.7601
      vertex 63.9 3.72136 -14.7037
      vertex 65.1 3.95607 -14.511
    endloop
  endfacet
  facet normal 0 0.634548 -0.772884
    outer loop
      vertex 65.1 3.95607 -14.511
      vertex 63.9 3.72136 -14.7037
      vertex 63.9 3.95607 -14.511
    endloop
  endfacet
  facet normal 0 0.634027 -0.773311
    outer loop
      vertex 69.9 3.72136 -14.7037
      vertex 71.1 3.65257 -14.7601
      vertex 69.9 3.65257 -14.7601
    endloop
  endfacet
  facet normal 3.86045e-05 0.63443 -0.77298
    outer loop
      vertex 71.1 3.65257 -14.7601
      vertex 69.9 3.72136 -14.7037
      vertex 71.1 3.95607 -14.511
    endloop
  endfacet
  facet normal 0 0.634548 -0.772884
    outer loop
      vertex 71.1 3.95607 -14.511
      vertex 69.9 3.72136 -14.7037
      vertex 69.9 3.95607 -14.511
    endloop
  endfacet
  facet normal -1.84296e-06 0.162902 0.986642
    outer loop
      vertex 77.1 1.17054 -4.11529
      vertex 75.9 0.870964 -4.06583
      vertex 77.1 0.783156 -4.05133
    endloop
  endfacet
  facet normal 0 0.162895 0.986643
    outer loop
      vertex 77.1 1.17054 -4.11529
      vertex 75.9 1.17054 -4.11529
      vertex 75.9 0.870964 -4.06583
    endloop
  endfacet
  facet normal 1.35774e-07 0.162928 0.986638
    outer loop
      vertex 75.9 0.783157 -4.05133
      vertex 77.1 0.783156 -4.05133
      vertex 75.9 0.870964 -4.06583
    endloop
  endfacet
  facet normal 0 0 1
    outer loop
      vertex 77.1 0.783156 -4.05133
      vertex 75.9 0.783157 -4.05133
      vertex 75.9 0.783156 -4.05133
    endloop
  endfacet
  facet normal 0 0.162902 0.986642
    outer loop
      vertex 59.1 1.17054 -4.11529
      vertex 50.0744 0.783156 -4.05133
      vertex 59.1 0.783156 -4.05133
    endloop
  endfacet
  facet normal 0 0.162902 0.986642
    outer loop
      vertex 50.0744 0.783156 -4.05133
      vertex 59.1 1.17054 -4.11529
      vertex 50.0617 1.17054 -4.11529
    endloop
  endfacet
  facet normal -1.84296e-06 0.162902 0.986642
    outer loop
      vertex 65.1 1.17054 -4.11529
      vertex 63.9 0.870964 -4.06583
      vertex 65.1 0.783156 -4.05133
    endloop
  endfacet
  facet normal 0 0.162895 0.986643
    outer loop
      vertex 65.1 1.17054 -4.11529
      vertex 63.9 1.17054 -4.11529
      vertex 63.9 0.870964 -4.06583
    endloop
  endfacet
  facet normal 1.35774e-07 0.162928 0.986638
    outer loop
      vertex 63.9 0.783157 -4.05133
      vertex 65.1 0.783156 -4.05133
      vertex 63.9 0.870964 -4.06583
    endloop
  endfacet
  facet normal 0 0 1
    outer loop
      vertex 65.1 0.783156 -4.05133
      vertex 63.9 0.783157 -4.05133
      vertex 63.9 0.783156 -4.05133
    endloop
  endfacet
  facet normal -1.84296e-06 0.162902 0.986642
    outer loop
      vertex 71.1 1.17054 -4.11529
      vertex 69.9 0.870964 -4.06583
      vertex 71.1 0.783156 -4.05133
    endloop
  endfacet
  facet normal 0 0.162895 0.986643
    outer loop
      vertex 71.1 1.17054 -4.11529
      vertex 69.9 1.17054 -4.11529
      vertex 69.9 0.870964 -4.06583
    endloop
  endfacet
  facet normal 1.35774e-07 0.162928 0.986638
    outer loop
      vertex 69.9 0.783157 -4.05133
      vertex 71.1 0.783156 -4.05133
      vertex 69.9 0.870964 -4.06583
    endloop
  endfacet
  facet normal 0 0 1
    outer loop
      vertex 71.1 0.783156 -4.05133
      vertex 69.9 0.783157 -4.05133
      vertex 69.9 0.783156 -4.05133
    endloop
  endfacet
  facet normal 0 -0.528207 -0.849116
    outer loop
      vertex 75.9 -3.07557 -15.1492
      vertex 77.1 -3.33342 -14.9888
      vertex 75.9 -3.33342 -14.9888
    endloop
  endfacet
  facet normal 5.25897e-06 -0.528189 -0.849127
    outer loop
      vertex 77.1 -3.33342 -14.9888
      vertex 75.9 -3.07557 -15.1492
      vertex 77.1 -3 -15.1962
    endloop
  endfacet
  facet normal -0 -0.528129 -0.849164
    outer loop
      vertex 77.1 -3 -15.1962
      vertex 75.9 -3.07557 -15.1492
      vertex 75.9 -3 -15.1962
    endloop
  endfacet
  facet normal 0 -0.528189 -0.849127
    outer loop
      vertex 59.1 -3.33342 -14.9888
      vertex 50.0018 -3 -15.1962
      vertex 59.1 -3 -15.1962
    endloop
  endfacet
  facet normal 2.02071e-06 -0.52815 -0.849151
    outer loop
      vertex 59.1 -3.33342 -14.9888
      vertex 49.9927 -3.2767 -15.0241
      vertex 50.0018 -3 -15.1962
    endloop
  endfacet
  facet normal 0 -0.528383 -0.849006
    outer loop
      vertex 49.9927 -3.2767 -15.0241
      vertex 59.1 -3.33342 -14.9888
      vertex 49.9871 -3.33342 -14.9888
    endloop
  endfacet
  facet normal 0 -0.528207 -0.849116
    outer loop
      vertex 63.9 -3.07557 -15.1492
      vertex 65.1 -3.33342 -14.9888
      vertex 63.9 -3.33342 -14.9888
    endloop
  endfacet
  facet normal 5.25897e-06 -0.528189 -0.849127
    outer loop
      vertex 65.1 -3.33342 -14.9888
      vertex 63.9 -3.07557 -15.1492
      vertex 65.1 -3 -15.1962
    endloop
  endfacet
  facet normal -0 -0.528129 -0.849164
    outer loop
      vertex 65.1 -3 -15.1962
      vertex 63.9 -3.07557 -15.1492
      vertex 63.9 -3 -15.1962
    endloop
  endfacet
  facet normal 0 -0.528207 -0.849116
    outer loop
      vertex 69.9 -3.07557 -15.1492
      vertex 71.1 -3.33342 -14.9888
      vertex 69.9 -3.33342 -14.9888
    endloop
  endfacet
  facet normal 5.25897e-06 -0.528189 -0.849127
    outer loop
      vertex 71.1 -3.33342 -14.9888
      vertex 69.9 -3.07557 -15.1492
      vertex 71.1 -3 -15.1962
    endloop
  endfacet
  facet normal -0 -0.528129 -0.849164
    outer loop
      vertex 71.1 -3 -15.1962
      vertex 69.9 -3.07557 -15.1492
      vertex 69.9 -3 -15.1962
    endloop
  endfacet
  facet normal 0 0.471364 0.881939
    outer loop
      vertex 75.9 2.92151 -4.7619
      vertex 77.1 3 -4.80385
      vertex 75.9 3 -4.80385
    endloop
  endfacet
  facet normal -3.58179e-06 0.471406 0.881916
    outer loop
      vertex 77.1 3 -4.80385
      vertex 75.9 2.92151 -4.7619
      vertex 77.1 2.65373 -4.61876
    endloop
  endfacet
  facet normal -0 0.471419 0.881909
    outer loop
      vertex 75.9 2.65373 -4.61876
      vertex 77.1 2.65373 -4.61876
      vertex 75.9 2.92151 -4.7619
    endloop
  endfacet
  facet normal 0 0.471406 0.881916
    outer loop
      vertex 59.1 3 -4.80385
      vertex 50.0131 2.65373 -4.61876
      vertex 59.1 2.65373 -4.61876
    endloop
  endfacet
  facet normal 0 0.471406 0.881916
    outer loop
      vertex 50.0131 2.65373 -4.61876
      vertex 59.1 3 -4.80385
      vertex 50.0018 3 -4.80385
    endloop
  endfacet
  facet normal 0 0.471364 0.881939
    outer loop
      vertex 63.9 2.92151 -4.7619
      vertex 65.1 3 -4.80385
      vertex 63.9 3 -4.80385
    endloop
  endfacet
  facet normal -3.58179e-06 0.471406 0.881916
    outer loop
      vertex 65.1 3 -4.80385
      vertex 63.9 2.92151 -4.7619
      vertex 65.1 2.65373 -4.61876
    endloop
  endfacet
  facet normal -0 0.471419 0.881909
    outer loop
      vertex 63.9 2.65373 -4.61876
      vertex 65.1 2.65373 -4.61876
      vertex 63.9 2.92151 -4.7619
    endloop
  endfacet
  facet normal 0 0.471364 0.881939
    outer loop
      vertex 69.9 2.92151 -4.7619
      vertex 71.1 3 -4.80385
      vertex 69.9 3 -4.80385
    endloop
  endfacet
  facet normal -3.58179e-06 0.471406 0.881916
    outer loop
      vertex 71.1 3 -4.80385
      vertex 69.9 2.92151 -4.7619
      vertex 71.1 2.65373 -4.61876
    endloop
  endfacet
  facet normal -0 0.471419 0.881909
    outer loop
      vertex 69.9 2.65373 -4.61876
      vertex 71.1 2.65373 -4.61876
      vertex 69.9 2.92151 -4.7619
    endloop
  endfacet
  facet normal 0 -0.995187 -0.0979908
    outer loop
      vertex 49.7296 -5.94867 -10.7832
      vertex 59.1 -5.98715 -10.3924
      vertex 49.7258 -5.98715 -10.3924
    endloop
  endfacet
  facet normal 0 -0.995187 -0.0979908
    outer loop
      vertex 59.1 -5.98715 -10.3924
      vertex 49.7296 -5.94867 -10.7832
      vertex 59.1 -5.94867 -10.7832
    endloop
  endfacet
  facet normal 0 -0.995186 -0.0980038
    outer loop
      vertex 75.9 -5.95739 -10.6946
      vertex 77.1 -5.98715 -10.3924
      vertex 75.9 -5.98715 -10.3924
    endloop
  endfacet
  facet normal -0 -0.995192 -0.0979466
    outer loop
      vertex 77.1 -5.94867 -10.7832
      vertex 75.9 -5.95739 -10.6946
      vertex 75.9 -5.94867 -10.7832
    endloop
  endfacet
  facet normal -3.29352e-06 -0.995187 -0.0979908
    outer loop
      vertex 75.9 -5.95739 -10.6946
      vertex 77.1 -5.94867 -10.7832
      vertex 77.1 -5.98715 -10.3924
    endloop
  endfacet
  facet normal 0 -0.995186 -0.0980038
    outer loop
      vertex 63.9 -5.95739 -10.6946
      vertex 65.1 -5.98715 -10.3924
      vertex 63.9 -5.98715 -10.3924
    endloop
  endfacet
  facet normal -0 -0.995192 -0.0979466
    outer loop
      vertex 65.1 -5.94867 -10.7832
      vertex 63.9 -5.95739 -10.6946
      vertex 63.9 -5.94867 -10.7832
    endloop
  endfacet
  facet normal -3.29352e-06 -0.995187 -0.0979908
    outer loop
      vertex 63.9 -5.95739 -10.6946
      vertex 65.1 -5.94867 -10.7832
      vertex 65.1 -5.98715 -10.3924
    endloop
  endfacet
  facet normal 0 -0.995186 -0.0980038
    outer loop
      vertex 69.9 -5.95739 -10.6946
      vertex 71.1 -5.98715 -10.3924
      vertex 69.9 -5.98715 -10.3924
    endloop
  endfacet
  facet normal -0 -0.995192 -0.0979466
    outer loop
      vertex 71.1 -5.94867 -10.7832
      vertex 69.9 -5.95739 -10.6946
      vertex 69.9 -5.94867 -10.7832
    endloop
  endfacet
  facet normal -3.29352e-06 -0.995187 -0.0979908
    outer loop
      vertex 69.9 -5.95739 -10.6946
      vertex 71.1 -5.94867 -10.7832
      vertex 71.1 -5.98715 -10.3924
    endloop
  endfacet
  facet normal 0 0.0980567 -0.995181
    outer loop
      vertex 50.0872 0.392418 -15.9872
      vertex 59.1 0.783156 -15.9487
      vertex 59.1 0.392418 -15.9872
    endloop
  endfacet
  facet normal 0 0.0980567 -0.995181
    outer loop
      vertex 59.1 0.783156 -15.9487
      vertex 50.0872 0.392418 -15.9872
      vertex 50.0744 0.783156 -15.9487
    endloop
  endfacet
  facet normal 0 0.0981435 -0.995172
    outer loop
      vertex 75.9 0.694589 -15.9574
      vertex 77.1 0.392418 -15.9872
      vertex 75.9 0.392418 -15.9872
    endloop
  endfacet
  facet normal -2.20922e-05 0.0980567 -0.995181
    outer loop
      vertex 77.1 0.392418 -15.9872
      vertex 75.9 0.694589 -15.9574
      vertex 77.1 0.783156 -15.9487
    endloop
  endfacet
  facet normal 0 0.0977602 -0.99521
    outer loop
      vertex 77.1 0.783156 -15.9487
      vertex 75.9 0.694589 -15.9574
      vertex 75.9 0.783156 -15.9487
    endloop
  endfacet
  facet normal 0 0.0981435 -0.995172
    outer loop
      vertex 63.9 0.694589 -15.9574
      vertex 65.1 0.392418 -15.9872
      vertex 63.9 0.392418 -15.9872
    endloop
  endfacet
  facet normal -2.20922e-05 0.0980567 -0.995181
    outer loop
      vertex 65.1 0.392418 -15.9872
      vertex 63.9 0.694589 -15.9574
      vertex 65.1 0.783156 -15.9487
    endloop
  endfacet
  facet normal 0 0.0977602 -0.99521
    outer loop
      vertex 65.1 0.783156 -15.9487
      vertex 63.9 0.694589 -15.9574
      vertex 63.9 0.783156 -15.9487
    endloop
  endfacet
  facet normal 0 0.0981435 -0.995172
    outer loop
      vertex 69.9 0.694589 -15.9574
      vertex 71.1 0.392418 -15.9872
      vertex 69.9 0.392418 -15.9872
    endloop
  endfacet
  facet normal -2.20922e-05 0.0980567 -0.995181
    outer loop
      vertex 71.1 0.392418 -15.9872
      vertex 69.9 0.694589 -15.9574
      vertex 71.1 0.783156 -15.9487
    endloop
  endfacet
  facet normal 0 0.0977602 -0.99521
    outer loop
      vertex 71.1 0.783156 -15.9487
      vertex 69.9 0.694589 -15.9574
      vertex 69.9 0.783156 -15.9487
    endloop
  endfacet
  facet normal 0 0.163001 -0.986626
    outer loop
      vertex 50.0744 0.783156 -15.9487
      vertex 59.1 1.17054 -15.8847
      vertex 59.1 0.783156 -15.9487
    endloop
  endfacet
  facet normal 0 0.163001 -0.986626
    outer loop
      vertex 59.1 1.17054 -15.8847
      vertex 50.0744 0.783156 -15.9487
      vertex 50.0617 1.17054 -15.8847
    endloop
  endfacet
  facet normal 0 0 -1
    outer loop
      vertex 75.9 0.783157 -15.9487
      vertex 77.1 0.783156 -15.9487
      vertex 75.9 0.783156 -15.9487
    endloop
  endfacet
  facet normal 1.35774e-07 0.162928 -0.986638
    outer loop
      vertex 75.9 0.870964 -15.9342
      vertex 77.1 0.783156 -15.9487
      vertex 75.9 0.783157 -15.9487
    endloop
  endfacet
  facet normal 5.61166e-06 0.163001 -0.986626
    outer loop
      vertex 77.1 0.783156 -15.9487
      vertex 75.9 0.870964 -15.9342
      vertex 77.1 1.17054 -15.8847
    endloop
  endfacet
  facet normal 0 0.163023 -0.986622
    outer loop
      vertex 75.9 1.17054 -15.8847
      vertex 77.1 1.17054 -15.8847
      vertex 75.9 0.870964 -15.9342
    endloop
  endfacet
  facet normal 0 0 -1
    outer loop
      vertex 63.9 0.783157 -15.9487
      vertex 65.1 0.783156 -15.9487
      vertex 63.9 0.783156 -15.9487
    endloop
  endfacet
  facet normal 1.35774e-07 0.162928 -0.986638
    outer loop
      vertex 63.9 0.870964 -15.9342
      vertex 65.1 0.783156 -15.9487
      vertex 63.9 0.783157 -15.9487
    endloop
  endfacet
  facet normal 5.61166e-06 0.163001 -0.986626
    outer loop
      vertex 65.1 0.783156 -15.9487
      vertex 63.9 0.870964 -15.9342
      vertex 65.1 1.17054 -15.8847
    endloop
  endfacet
  facet normal 0 0.163023 -0.986622
    outer loop
      vertex 63.9 1.17054 -15.8847
      vertex 65.1 1.17054 -15.8847
      vertex 63.9 0.870964 -15.9342
    endloop
  endfacet
  facet normal 0 0 -1
    outer loop
      vertex 69.9 0.783157 -15.9487
      vertex 71.1 0.783156 -15.9487
      vertex 69.9 0.783156 -15.9487
    endloop
  endfacet
  facet normal 1.35774e-07 0.162928 -0.986638
    outer loop
      vertex 69.9 0.870964 -15.9342
      vertex 71.1 0.783156 -15.9487
      vertex 69.9 0.783157 -15.9487
    endloop
  endfacet
  facet normal 5.61166e-06 0.163001 -0.986626
    outer loop
      vertex 71.1 0.783156 -15.9487
      vertex 69.9 0.870964 -15.9342
      vertex 71.1 1.17054 -15.8847
    endloop
  endfacet
  facet normal 0 0.163023 -0.986622
    outer loop
      vertex 69.9 1.17054 -15.8847
      vertex 71.1 1.17054 -15.8847
      vertex 69.9 0.870964 -15.9342
    endloop
  endfacet
  facet normal 0 0.995186 -0.0980038
    outer loop
      vertex 77.1 5.98715 -10.3924
      vertex 75.9 5.95739 -10.6946
      vertex 75.9 5.98715 -10.3924
    endloop
  endfacet
  facet normal -3.29352e-06 0.995187 -0.0979908
    outer loop
      vertex 77.1 5.94867 -10.7832
      vertex 75.9 5.95739 -10.6946
      vertex 77.1 5.98715 -10.3924
    endloop
  endfacet
  facet normal 0 0.995192 -0.0979466
    outer loop
      vertex 75.9 5.95739 -10.6946
      vertex 77.1 5.94867 -10.7832
      vertex 75.9 5.94867 -10.7832
    endloop
  endfacet
  facet normal 0 0.995187 -0.0979908
    outer loop
      vertex 59.1 5.94867 -10.7832
      vertex 49.7258 5.98715 -10.3924
      vertex 59.1 5.98715 -10.3924
    endloop
  endfacet
  facet normal 0 0.995187 -0.0979908
    outer loop
      vertex 49.7258 5.98715 -10.3924
      vertex 59.1 5.94867 -10.7832
      vertex 49.7296 5.94867 -10.7832
    endloop
  endfacet
  facet normal 0 0.995186 -0.0980038
    outer loop
      vertex 65.1 5.98715 -10.3924
      vertex 63.9 5.95739 -10.6946
      vertex 63.9 5.98715 -10.3924
    endloop
  endfacet
  facet normal -3.29352e-06 0.995187 -0.0979908
    outer loop
      vertex 65.1 5.94867 -10.7832
      vertex 63.9 5.95739 -10.6946
      vertex 65.1 5.98715 -10.3924
    endloop
  endfacet
  facet normal 0 0.995192 -0.0979466
    outer loop
      vertex 63.9 5.95739 -10.6946
      vertex 65.1 5.94867 -10.7832
      vertex 63.9 5.94867 -10.7832
    endloop
  endfacet
  facet normal 0 0.995186 -0.0980038
    outer loop
      vertex 71.1 5.98715 -10.3924
      vertex 69.9 5.95739 -10.6946
      vertex 69.9 5.98715 -10.3924
    endloop
  endfacet
  facet normal -3.29352e-06 0.995187 -0.0979908
    outer loop
      vertex 71.1 5.94867 -10.7832
      vertex 69.9 5.95739 -10.6946
      vertex 71.1 5.98715 -10.3924
    endloop
  endfacet
  facet normal 0 0.995192 -0.0979466
    outer loop
      vertex 69.9 5.95739 -10.6946
      vertex 71.1 5.94867 -10.7832
      vertex 69.9 5.94867 -10.7832
    endloop
  endfacet
  facet normal 0 0.881916 0.471406
    outer loop
      vertex 59.1 5.38124 -7.34627
      vertex 49.8037 5.19615 -7
      vertex 59.1 5.19615 -7
    endloop
  endfacet
  facet normal 0 0.881916 0.471406
    outer loop
      vertex 49.8037 5.19615 -7
      vertex 59.1 5.38124 -7.34627
      vertex 49.7855 5.38124 -7.34627
    endloop
  endfacet
  facet normal 0 0.881939 0.471364
    outer loop
      vertex 77.1 5.19615 -7
      vertex 75.9 5.2381 -7.07849
      vertex 75.9 5.19615 -7
    endloop
  endfacet
  facet normal -3.58179e-06 0.881916 0.471406
    outer loop
      vertex 77.1 5.38124 -7.34627
      vertex 75.9 5.2381 -7.07849
      vertex 77.1 5.19615 -7
    endloop
  endfacet
  facet normal 0 0.881909 0.471419
    outer loop
      vertex 75.9 5.2381 -7.07849
      vertex 77.1 5.38124 -7.34627
      vertex 75.9 5.38124 -7.34627
    endloop
  endfacet
  facet normal 0 0.881939 0.471364
    outer loop
      vertex 65.1 5.19615 -7
      vertex 63.9 5.2381 -7.07849
      vertex 63.9 5.19615 -7
    endloop
  endfacet
  facet normal -3.58179e-06 0.881916 0.471406
    outer loop
      vertex 65.1 5.38124 -7.34627
      vertex 63.9 5.2381 -7.07849
      vertex 65.1 5.19615 -7
    endloop
  endfacet
  facet normal 0 0.881909 0.471419
    outer loop
      vertex 63.9 5.2381 -7.07849
      vertex 65.1 5.38124 -7.34627
      vertex 63.9 5.38124 -7.34627
    endloop
  endfacet
  facet normal 0 0.881939 0.471364
    outer loop
      vertex 71.1 5.19615 -7
      vertex 69.9 5.2381 -7.07849
      vertex 69.9 5.19615 -7
    endloop
  endfacet
  facet normal -3.58179e-06 0.881916 0.471406
    outer loop
      vertex 71.1 5.38124 -7.34627
      vertex 69.9 5.2381 -7.07849
      vertex 71.1 5.19615 -7
    endloop
  endfacet
  facet normal 0 0.881909 0.471419
    outer loop
      vertex 69.9 5.2381 -7.07849
      vertex 71.1 5.38124 -7.34627
      vertex 69.9 5.38124 -7.34627
    endloop
  endfacet
  facet normal 0 0.956945 0.29027
    outer loop
      vertex 59.1 5.79555 -8.44709
      vertex 49.7559 5.68158 -8.07136
      vertex 59.1 5.68158 -8.07136
    endloop
  endfacet
  facet normal 0 0.956945 0.29027
    outer loop
      vertex 49.7559 5.68158 -8.07136
      vertex 59.1 5.79555 -8.44709
      vertex 49.7446 5.79555 -8.44709
    endloop
  endfacet
  facet normal 0 0.956959 0.290223
    outer loop
      vertex 77.1 5.68158 -8.07136
      vertex 75.9 5.70741 -8.15653
      vertex 75.9 5.68158 -8.07136
    endloop
  endfacet
  facet normal -3.64843e-06 0.956945 0.29027
    outer loop
      vertex 77.1 5.79555 -8.44709
      vertex 75.9 5.70741 -8.15653
      vertex 77.1 5.68158 -8.07136
    endloop
  endfacet
  facet normal 0 0.956941 0.290283
    outer loop
      vertex 75.9 5.70741 -8.15653
      vertex 77.1 5.79555 -8.44709
      vertex 75.9 5.79555 -8.44709
    endloop
  endfacet
  facet normal 0 0.956959 0.290223
    outer loop
      vertex 65.1 5.68158 -8.07136
      vertex 63.9 5.70741 -8.15653
      vertex 63.9 5.68158 -8.07136
    endloop
  endfacet
  facet normal -3.64843e-06 0.956945 0.29027
    outer loop
      vertex 65.1 5.79555 -8.44709
      vertex 63.9 5.70741 -8.15653
      vertex 65.1 5.68158 -8.07136
    endloop
  endfacet
  facet normal 0 0.956941 0.290283
    outer loop
      vertex 63.9 5.70741 -8.15653
      vertex 65.1 5.79555 -8.44709
      vertex 63.9 5.79555 -8.44709
    endloop
  endfacet
  facet normal 0 0.956959 0.290223
    outer loop
      vertex 71.1 5.68158 -8.07136
      vertex 69.9 5.70741 -8.15653
      vertex 69.9 5.68158 -8.07136
    endloop
  endfacet
  facet normal -3.64843e-06 0.956945 0.29027
    outer loop
      vertex 71.1 5.79555 -8.44709
      vertex 69.9 5.70741 -8.15653
      vertex 71.1 5.68158 -8.07136
    endloop
  endfacet
  facet normal 0 0.956941 0.290283
    outer loop
      vertex 69.9 5.70741 -8.15653
      vertex 71.1 5.79555 -8.44709
      vertex 69.9 5.79555 -8.44709
    endloop
  endfacet
  facet normal 0 -0.849308 -0.527897
    outer loop
      vertex 75.9 -5.14916 -13.0756
      vertex 77.1 -5.19615 -13
      vertex 75.9 -5.19615 -13
    endloop
  endfacet
  facet normal -0 -0.849158 -0.528138
    outer loop
      vertex 77.1 -4.98882 -13.3334
      vertex 75.9 -5.14916 -13.0756
      vertex 75.9 -4.98882 -13.3334
    endloop
  endfacet
  facet normal 1.63055e-05 -0.849192 -0.528084
    outer loop
      vertex 75.9 -5.14916 -13.0756
      vertex 77.1 -4.98882 -13.3334
      vertex 77.1 -5.19615 -13
    endloop
  endfacet
  facet normal 0 -0.849192 -0.528084
    outer loop
      vertex 49.8241 -4.98882 -13.3334
      vertex 59.1 -5.19615 -13
      vertex 49.8037 -5.19615 -13
    endloop
  endfacet
  facet normal 0 -0.849192 -0.528084
    outer loop
      vertex 59.1 -5.19615 -13
      vertex 49.8241 -4.98882 -13.3334
      vertex 59.1 -4.98882 -13.3334
    endloop
  endfacet
  facet normal 0 -0.849308 -0.527897
    outer loop
      vertex 63.9 -5.14916 -13.0756
      vertex 65.1 -5.19615 -13
      vertex 63.9 -5.19615 -13
    endloop
  endfacet
  facet normal -0 -0.849158 -0.528138
    outer loop
      vertex 65.1 -4.98882 -13.3334
      vertex 63.9 -5.14916 -13.0756
      vertex 63.9 -4.98882 -13.3334
    endloop
  endfacet
  facet normal 1.63055e-05 -0.849192 -0.528084
    outer loop
      vertex 63.9 -5.14916 -13.0756
      vertex 65.1 -4.98882 -13.3334
      vertex 65.1 -5.19615 -13
    endloop
  endfacet
  facet normal 0 -0.849308 -0.527897
    outer loop
      vertex 69.9 -5.14916 -13.0756
      vertex 71.1 -5.19615 -13
      vertex 69.9 -5.19615 -13
    endloop
  endfacet
  facet normal -0 -0.849158 -0.528138
    outer loop
      vertex 71.1 -4.98882 -13.3334
      vertex 69.9 -5.14916 -13.0756
      vertex 69.9 -4.98882 -13.3334
    endloop
  endfacet
  facet normal 1.63055e-05 -0.849192 -0.528084
    outer loop
      vertex 69.9 -5.14916 -13.0756
      vertex 71.1 -4.98882 -13.3334
      vertex 71.1 -5.19615 -13
    endloop
  endfacet
  facet normal 0 -0.352245 -0.935908
    outer loop
      vertex 59.1 -2.2961 -15.5433
      vertex 50.0369 -1.92864 -15.6816
      vertex 59.1 -1.92864 -15.6816
    endloop
  endfacet
  facet normal 0 -0.352245 -0.935908
    outer loop
      vertex 50.0369 -1.92864 -15.6816
      vertex 59.1 -2.2961 -15.5433
      vertex 50.0248 -2.2961 -15.5433
    endloop
  endfacet
  facet normal 0 -0.352094 -0.935965
    outer loop
      vertex 75.9 -2.01193 -15.6502
      vertex 77.1 -2.2961 -15.5433
      vertex 75.9 -2.2961 -15.5433
    endloop
  endfacet
  facet normal -4.083e-05 -0.352245 -0.935908
    outer loop
      vertex 77.1 -2.2961 -15.5433
      vertex 75.9 -2.01193 -15.6502
      vertex 77.1 -1.92864 -15.6816
    endloop
  endfacet
  facet normal -0 -0.35276 -0.935714
    outer loop
      vertex 77.1 -1.92864 -15.6816
      vertex 75.9 -2.01193 -15.6502
      vertex 75.9 -1.92864 -15.6816
    endloop
  endfacet
  facet normal 0 -0.352094 -0.935965
    outer loop
      vertex 63.9 -2.01193 -15.6502
      vertex 65.1 -2.2961 -15.5433
      vertex 63.9 -2.2961 -15.5433
    endloop
  endfacet
  facet normal -4.083e-05 -0.352245 -0.935908
    outer loop
      vertex 65.1 -2.2961 -15.5433
      vertex 63.9 -2.01193 -15.6502
      vertex 65.1 -1.92864 -15.6816
    endloop
  endfacet
  facet normal -0 -0.35276 -0.935714
    outer loop
      vertex 65.1 -1.92864 -15.6816
      vertex 63.9 -2.01193 -15.6502
      vertex 63.9 -1.92864 -15.6816
    endloop
  endfacet
  facet normal 0 -0.352094 -0.935965
    outer loop
      vertex 69.9 -2.01193 -15.6502
      vertex 71.1 -2.2961 -15.5433
      vertex 69.9 -2.2961 -15.5433
    endloop
  endfacet
  facet normal -4.083e-05 -0.352245 -0.935908
    outer loop
      vertex 71.1 -2.2961 -15.5433
      vertex 69.9 -2.01193 -15.6502
      vertex 71.1 -1.92864 -15.6816
    endloop
  endfacet
  facet normal -0 -0.35276 -0.935714
    outer loop
      vertex 71.1 -1.92864 -15.6816
      vertex 69.9 -2.01193 -15.6502
      vertex 69.9 -1.92864 -15.6816
    endloop
  endfacet
  facet normal 0 -0.729849 -0.683608
    outer loop
      vertex 75.9 -4.30348 -14.1777
      vertex 77.1 -4.51104 -13.9561
      vertex 75.9 -4.51104 -13.9561
    endloop
  endfacet
  facet normal -0 -0.729558 -0.683919
    outer loop
      vertex 77.1 -4.24264 -14.2426
      vertex 75.9 -4.30348 -14.1777
      vertex 75.9 -4.24264 -14.2426
    endloop
  endfacet
  facet normal 2.4411e-05 -0.729783 -0.683678
    outer loop
      vertex 75.9 -4.30348 -14.1777
      vertex 77.1 -4.24264 -14.2426
      vertex 77.1 -4.51104 -13.9561
    endloop
  endfacet
  facet normal 0 -0.729783 -0.683678
    outer loop
      vertex 49.8976 -4.24264 -14.2426
      vertex 59.1 -4.51104 -13.9561
      vertex 49.8712 -4.51104 -13.9561
    endloop
  endfacet
  facet normal 0 -0.729783 -0.683678
    outer loop
      vertex 59.1 -4.51104 -13.9561
      vertex 49.8976 -4.24264 -14.2426
      vertex 59.1 -4.24264 -14.2426
    endloop
  endfacet
  facet normal 0 -0.729849 -0.683608
    outer loop
      vertex 63.9 -4.30348 -14.1777
      vertex 65.1 -4.51104 -13.9561
      vertex 63.9 -4.51104 -13.9561
    endloop
  endfacet
  facet normal -0 -0.729558 -0.683919
    outer loop
      vertex 65.1 -4.24264 -14.2426
      vertex 63.9 -4.30348 -14.1777
      vertex 63.9 -4.24264 -14.2426
    endloop
  endfacet
  facet normal 2.4411e-05 -0.729783 -0.683678
    outer loop
      vertex 63.9 -4.30348 -14.1777
      vertex 65.1 -4.24264 -14.2426
      vertex 65.1 -4.51104 -13.9561
    endloop
  endfacet
  facet normal 0 -0.729849 -0.683608
    outer loop
      vertex 69.9 -4.30348 -14.1777
      vertex 71.1 -4.51104 -13.9561
      vertex 69.9 -4.51104 -13.9561
    endloop
  endfacet
  facet normal -0 -0.729558 -0.683919
    outer loop
      vertex 71.1 -4.24264 -14.2426
      vertex 69.9 -4.30348 -14.1777
      vertex 69.9 -4.24264 -14.2426
    endloop
  endfacet
  facet normal 2.4411e-05 -0.729783 -0.683678
    outer loop
      vertex 69.9 -4.30348 -14.1777
      vertex 71.1 -4.24264 -14.2426
      vertex 71.1 -4.51104 -13.9561
    endloop
  endfacet
  facet normal 0 0.729867 0.683589
    outer loop
      vertex 59.1 4.51104 -6.04393
      vertex 49.8976 4.24264 -5.75736
      vertex 59.1 4.24264 -5.75736
    endloop
  endfacet
  facet normal 0 0.729867 0.683589
    outer loop
      vertex 49.8976 4.24264 -5.75736
      vertex 59.1 4.51104 -6.04393
      vertex 49.8712 4.51104 -6.04393
    endloop
  endfacet
  facet normal 0 0.729821 0.683638
    outer loop
      vertex 77.1 4.24264 -5.75736
      vertex 75.9 4.30348 -5.82231
      vertex 75.9 4.24264 -5.75736
    endloop
  endfacet
  facet normal 4.96392e-06 0.729867 0.683589
    outer loop
      vertex 77.1 4.51104 -6.04393
      vertex 75.9 4.30348 -5.82231
      vertex 77.1 4.24264 -5.75736
    endloop
  endfacet
  facet normal 0 0.72988 0.683575
    outer loop
      vertex 75.9 4.30348 -5.82231
      vertex 77.1 4.51104 -6.04393
      vertex 75.9 4.51104 -6.04393
    endloop
  endfacet
  facet normal 0 0.729821 0.683638
    outer loop
      vertex 65.1 4.24264 -5.75736
      vertex 63.9 4.30348 -5.82231
      vertex 63.9 4.24264 -5.75736
    endloop
  endfacet
  facet normal 4.96392e-06 0.729867 0.683589
    outer loop
      vertex 65.1 4.51104 -6.04393
      vertex 63.9 4.30348 -5.82231
      vertex 65.1 4.24264 -5.75736
    endloop
  endfacet
  facet normal 0 0.72988 0.683575
    outer loop
      vertex 63.9 4.30348 -5.82231
      vertex 65.1 4.51104 -6.04393
      vertex 63.9 4.51104 -6.04393
    endloop
  endfacet
  facet normal 0 0.729821 0.683638
    outer loop
      vertex 71.1 4.24264 -5.75736
      vertex 69.9 4.30348 -5.82231
      vertex 69.9 4.24264 -5.75736
    endloop
  endfacet
  facet normal 4.96392e-06 0.729867 0.683589
    outer loop
      vertex 71.1 4.51104 -6.04393
      vertex 69.9 4.30348 -5.82231
      vertex 71.1 4.24264 -5.75736
    endloop
  endfacet
  facet normal 0 0.72988 0.683575
    outer loop
      vertex 69.9 4.30348 -5.82231
      vertex 71.1 4.51104 -6.04393
      vertex 69.9 4.51104 -6.04393
    endloop
  endfacet
  facet normal 0 0.412834 -0.910806
    outer loop
      vertex 50.0248 2.2961 -15.5433
      vertex 59.1 2.65373 -15.3812
      vertex 59.1 2.2961 -15.5433
    endloop
  endfacet
  facet normal 0 0.412834 -0.910806
    outer loop
      vertex 59.1 2.65373 -15.3812
      vertex 50.0248 2.2961 -15.5433
      vertex 50.0131 2.65373 -15.3812
    endloop
  endfacet
  facet normal 0 0.412674 -0.910879
    outer loop
      vertex 75.9 2.57267 -15.418
      vertex 77.1 2.2961 -15.5433
      vertex 75.9 2.2961 -15.5433
    endloop
  endfacet
  facet normal 4.44796e-05 0.412834 -0.910806
    outer loop
      vertex 77.1 2.2961 -15.5433
      vertex 75.9 2.57267 -15.418
      vertex 77.1 2.65373 -15.3812
    endloop
  endfacet
  facet normal 0 0.41338 -0.910559
    outer loop
      vertex 77.1 2.65373 -15.3812
      vertex 75.9 2.57267 -15.418
      vertex 75.9 2.65373 -15.3812
    endloop
  endfacet
  facet normal 4.44796e-05 0.412834 -0.910806
    outer loop
      vertex 65.1 2.2961 -15.5433
      vertex 63.9 2.57267 -15.418
      vertex 65.1 2.65373 -15.3812
    endloop
  endfacet
  facet normal 0 0.412674 -0.910879
    outer loop
      vertex 65.1 2.2961 -15.5433
      vertex 63.9 2.2961 -15.5433
      vertex 63.9 2.57267 -15.418
    endloop
  endfacet
  facet normal 0 0.41338 -0.910559
    outer loop
      vertex 65.1 2.65373 -15.3812
      vertex 63.9 2.57267 -15.418
      vertex 63.9 2.65373 -15.3812
    endloop
  endfacet
  facet normal 0 0.412674 -0.910879
    outer loop
      vertex 69.9 2.57267 -15.418
      vertex 71.1 2.2961 -15.5433
      vertex 69.9 2.2961 -15.5433
    endloop
  endfacet
  facet normal 4.44796e-05 0.412834 -0.910806
    outer loop
      vertex 71.1 2.2961 -15.5433
      vertex 69.9 2.57267 -15.418
      vertex 71.1 2.65373 -15.3812
    endloop
  endfacet
  facet normal 0 0.41338 -0.910559
    outer loop
      vertex 71.1 2.65373 -15.3812
      vertex 69.9 2.57267 -15.418
      vertex 69.9 2.65373 -15.3812
    endloop
  endfacet
  facet normal 0 -0.63443 0.77298
    outer loop
      vertex 75.9 -3.72136 -5.29634
      vertex 77.1 -3.65257 -5.23988
      vertex 75.9 -3.65257 -5.23988
    endloop
  endfacet
  facet normal -2.96467e-06 -0.634399 0.773005
    outer loop
      vertex 77.1 -3.65257 -5.23988
      vertex 75.9 -3.72136 -5.29634
      vertex 77.1 -3.95607 -5.48896
    endloop
  endfacet
  facet normal 0 -0.63439 0.773013
    outer loop
      vertex 77.1 -3.95607 -5.48896
      vertex 75.9 -3.72136 -5.29634
      vertex 75.9 -3.95607 -5.48896
    endloop
  endfacet
  facet normal 0 -0.634399 0.773005
    outer loop
      vertex 49.9557 -3.65257 -5.23988
      vertex 59.1 -3.95607 -5.48896
      vertex 59.1 -3.65257 -5.23988
    endloop
  endfacet
  facet normal 0 -0.634399 0.773005
    outer loop
      vertex 59.1 -3.95607 -5.48896
      vertex 49.9557 -3.65257 -5.23988
      vertex 49.9258 -3.95607 -5.48896
    endloop
  endfacet
  facet normal 0 -0.63443 0.77298
    outer loop
      vertex 63.9 -3.72136 -5.29634
      vertex 65.1 -3.65257 -5.23988
      vertex 63.9 -3.65257 -5.23988
    endloop
  endfacet
  facet normal -2.96467e-06 -0.634399 0.773005
    outer loop
      vertex 65.1 -3.65257 -5.23988
      vertex 63.9 -3.72136 -5.29634
      vertex 65.1 -3.95607 -5.48896
    endloop
  endfacet
  facet normal 0 -0.63439 0.773013
    outer loop
      vertex 65.1 -3.95607 -5.48896
      vertex 63.9 -3.72136 -5.29634
      vertex 63.9 -3.95607 -5.48896
    endloop
  endfacet
  facet normal 0 -0.63443 0.77298
    outer loop
      vertex 69.9 -3.72136 -5.29634
      vertex 71.1 -3.65257 -5.23988
      vertex 69.9 -3.65257 -5.23988
    endloop
  endfacet
  facet normal -2.96467e-06 -0.634399 0.773005
    outer loop
      vertex 71.1 -3.65257 -5.23988
      vertex 69.9 -3.72136 -5.29634
      vertex 71.1 -3.95607 -5.48896
    endloop
  endfacet
  facet normal 0 -0.63439 0.773013
    outer loop
      vertex 71.1 -3.95607 -5.48896
      vertex 69.9 -3.72136 -5.29634
      vertex 69.9 -3.95607 -5.48896
    endloop
  endfacet
  facet normal 0 -0.0327282 0.999464
    outer loop
      vertex 50.1 0 -4
      vertex 59.1 -0.392418 -4.01285
      vertex 59.1 0 -4
    endloop
  endfacet
  facet normal 0 -0.0327282 0.999464
    outer loop
      vertex 59.1 -0.392418 -4.01285
      vertex 50.1 0 -4
      vertex 50.0872 -0.392418 -4.01285
    endloop
  endfacet
  facet normal 2.23249e-06 -0.0327282 0.999464
    outer loop
      vertex 75.9 -0.0889485 -4.00291
      vertex 77.1 -0.392418 -4.01285
      vertex 77.1 0 -4
    endloop
  endfacet
  facet normal 0 -0.0326981 0.999465
    outer loop
      vertex 75.9 -0.0889485 -4.00291
      vertex 77.1 0 -4
      vertex 75.9 0 -4
    endloop
  endfacet
  facet normal 0 -0.032737 0.999464
    outer loop
      vertex 77.1 -0.392418 -4.01285
      vertex 75.9 -0.0889485 -4.00291
      vertex 75.9 -0.392418 -4.01285
    endloop
  endfacet
  facet normal 2.23249e-06 -0.0327282 0.999464
    outer loop
      vertex 63.9 -0.0889485 -4.00291
      vertex 65.1 -0.392418 -4.01285
      vertex 65.1 0 -4
    endloop
  endfacet
  facet normal 0 -0.032737 0.999464
    outer loop
      vertex 65.1 -0.392418 -4.01285
      vertex 63.9 -0.0889485 -4.00291
      vertex 63.9 -0.392418 -4.01285
    endloop
  endfacet
  facet normal 0 -0.0326981 0.999465
    outer loop
      vertex 63.9 -0.0889485 -4.00291
      vertex 65.1 0 -4
      vertex 63.9 0 -4
    endloop
  endfacet
  facet normal 2.23249e-06 -0.0327282 0.999464
    outer loop
      vertex 69.9 -0.0889485 -4.00291
      vertex 71.1 -0.392418 -4.01285
      vertex 71.1 0 -4
    endloop
  endfacet
  facet normal 0 -0.0326981 0.999465
    outer loop
      vertex 69.9 -0.0889485 -4.00291
      vertex 71.1 0 -4
      vertex 69.9 0 -4
    endloop
  endfacet
  facet normal 0 -0.032737 0.999464
    outer loop
      vertex 71.1 -0.392418 -4.01285
      vertex 69.9 -0.0889485 -4.00291
      vertex 69.9 -0.392418 -4.01285
    endloop
  endfacet
  facet normal 0 -0.352245 0.935908
    outer loop
      vertex 50.0369 -1.92864 -4.31842
      vertex 59.1 -2.2961 -4.45672
      vertex 59.1 -1.92864 -4.31842
    endloop
  endfacet
  facet normal 0 -0.352245 0.935908
    outer loop
      vertex 59.1 -2.2961 -4.45672
      vertex 50.0369 -1.92864 -4.31842
      vertex 50.0248 -2.2961 -4.45672
    endloop
  endfacet
  facet normal -1.83381e-06 -0.352245 0.935908
    outer loop
      vertex 77.1 -1.92864 -4.31842
      vertex 75.9 -2.01193 -4.34977
      vertex 77.1 -2.2961 -4.45672
    endloop
  endfacet
  facet normal 0 -0.352268 0.935899
    outer loop
      vertex 75.9 -2.01193 -4.34977
      vertex 77.1 -1.92864 -4.31842
      vertex 75.9 -1.92864 -4.31842
    endloop
  endfacet
  facet normal 0 -0.352238 0.93591
    outer loop
      vertex 77.1 -2.2961 -4.45672
      vertex 75.9 -2.01193 -4.34977
      vertex 75.9 -2.2961 -4.45672
    endloop
  endfacet
  facet normal 0 -0.352268 0.935899
    outer loop
      vertex 63.9 -2.01193 -4.34977
      vertex 65.1 -1.92864 -4.31842
      vertex 63.9 -1.92864 -4.31842
    endloop
  endfacet
  facet normal -1.83381e-06 -0.352245 0.935908
    outer loop
      vertex 65.1 -1.92864 -4.31842
      vertex 63.9 -2.01193 -4.34977
      vertex 65.1 -2.2961 -4.45672
    endloop
  endfacet
  facet normal 0 -0.352238 0.93591
    outer loop
      vertex 65.1 -2.2961 -4.45672
      vertex 63.9 -2.01193 -4.34977
      vertex 63.9 -2.2961 -4.45672
    endloop
  endfacet
  facet normal -1.83381e-06 -0.352245 0.935908
    outer loop
      vertex 71.1 -1.92864 -4.31842
      vertex 69.9 -2.01193 -4.34977
      vertex 71.1 -2.2961 -4.45672
    endloop
  endfacet
  facet normal 0 -0.352268 0.935899
    outer loop
      vertex 69.9 -2.01193 -4.34977
      vertex 71.1 -1.92864 -4.31842
      vertex 69.9 -1.92864 -4.31842
    endloop
  endfacet
  facet normal 0 -0.352238 0.93591
    outer loop
      vertex 71.1 -2.2961 -4.45672
      vertex 69.9 -2.01193 -4.34977
      vertex 69.9 -2.2961 -4.45672
    endloop
  endfacet
  facet normal 0 -0.163001 -0.986626
    outer loop
      vertex 59.1 -1.17054 -15.8847
      vertex 50.0744 -0.783156 -15.9487
      vertex 59.1 -0.783156 -15.9487
    endloop
  endfacet
  facet normal 0 -0.163001 -0.986626
    outer loop
      vertex 50.0744 -0.783156 -15.9487
      vertex 59.1 -1.17054 -15.8847
      vertex 50.0617 -1.17054 -15.8847
    endloop
  endfacet
  facet normal 5.61166e-06 -0.163001 -0.986626
    outer loop
      vertex 77.1 -1.17054 -15.8847
      vertex 75.9 -0.870964 -15.9342
      vertex 77.1 -0.783156 -15.9487
    endloop
  endfacet
  facet normal -0 -0.163023 -0.986622
    outer loop
      vertex 77.1 -1.17054 -15.8847
      vertex 75.9 -1.17054 -15.8847
      vertex 75.9 -0.870964 -15.9342
    endloop
  endfacet
  facet normal 1.35774e-07 -0.162928 -0.986638
    outer loop
      vertex 75.9 -0.783157 -15.9487
      vertex 77.1 -0.783156 -15.9487
      vertex 75.9 -0.870964 -15.9342
    endloop
  endfacet
  facet normal -0 0 -1
    outer loop
      vertex 77.1 -0.783156 -15.9487
      vertex 75.9 -0.783157 -15.9487
      vertex 75.9 -0.783156 -15.9487
    endloop
  endfacet
  facet normal 5.61166e-06 -0.163001 -0.986626
    outer loop
      vertex 65.1 -1.17054 -15.8847
      vertex 63.9 -0.870964 -15.9342
      vertex 65.1 -0.783156 -15.9487
    endloop
  endfacet
  facet normal -0 -0.163023 -0.986622
    outer loop
      vertex 65.1 -1.17054 -15.8847
      vertex 63.9 -1.17054 -15.8847
      vertex 63.9 -0.870964 -15.9342
    endloop
  endfacet
  facet normal 1.35774e-07 -0.162928 -0.986638
    outer loop
      vertex 63.9 -0.783157 -15.9487
      vertex 65.1 -0.783156 -15.9487
      vertex 63.9 -0.870964 -15.9342
    endloop
  endfacet
  facet normal -0 0 -1
    outer loop
      vertex 65.1 -0.783156 -15.9487
      vertex 63.9 -0.783157 -15.9487
      vertex 63.9 -0.783156 -15.9487
    endloop
  endfacet
  facet normal 5.61166e-06 -0.163001 -0.986626
    outer loop
      vertex 71.1 -1.17054 -15.8847
      vertex 69.9 -0.870964 -15.9342
      vertex 71.1 -0.783156 -15.9487
    endloop
  endfacet
  facet normal -0 -0.163023 -0.986622
    outer loop
      vertex 71.1 -1.17054 -15.8847
      vertex 69.9 -1.17054 -15.8847
      vertex 69.9 -0.870964 -15.9342
    endloop
  endfacet
  facet normal 1.35774e-07 -0.162928 -0.986638
    outer loop
      vertex 69.9 -0.783157 -15.9487
      vertex 71.1 -0.783156 -15.9487
      vertex 69.9 -0.870964 -15.9342
    endloop
  endfacet
  facet normal -0 0 -1
    outer loop
      vertex 71.1 -0.783156 -15.9487
      vertex 69.9 -0.783157 -15.9487
      vertex 69.9 -0.783156 -15.9487
    endloop
  endfacet
  facet normal 0 0.935908 0.352245
    outer loop
      vertex 59.1 5.68158 -8.07136
      vertex 49.7695 5.54328 -7.7039
      vertex 59.1 5.54328 -7.7039
    endloop
  endfacet
  facet normal 0 0.935908 0.352245
    outer loop
      vertex 49.7695 5.54328 -7.7039
      vertex 59.1 5.68158 -8.07136
      vertex 49.7559 5.68158 -8.07136
    endloop
  endfacet
  facet normal 0 0.93591 0.352238
    outer loop
      vertex 77.1 5.54328 -7.7039
      vertex 75.9 5.65023 -7.98807
      vertex 75.9 5.54328 -7.7039
    endloop
  endfacet
  facet normal -1.83381e-06 0.935908 0.352245
    outer loop
      vertex 77.1 5.68158 -8.07136
      vertex 75.9 5.65023 -7.98807
      vertex 77.1 5.54328 -7.7039
    endloop
  endfacet
  facet normal 0 0.935899 0.352268
    outer loop
      vertex 75.9 5.65023 -7.98807
      vertex 77.1 5.68158 -8.07136
      vertex 75.9 5.68158 -8.07136
    endloop
  endfacet
  facet normal 0 0.93591 0.352238
    outer loop
      vertex 65.1 5.54328 -7.7039
      vertex 63.9 5.65023 -7.98807
      vertex 63.9 5.54328 -7.7039
    endloop
  endfacet
  facet normal -1.83381e-06 0.935908 0.352245
    outer loop
      vertex 65.1 5.68158 -8.07136
      vertex 63.9 5.65023 -7.98807
      vertex 65.1 5.54328 -7.7039
    endloop
  endfacet
  facet normal 0 0.935899 0.352268
    outer loop
      vertex 63.9 5.65023 -7.98807
      vertex 65.1 5.68158 -8.07136
      vertex 63.9 5.68158 -8.07136
    endloop
  endfacet
  facet normal 0 0.93591 0.352238
    outer loop
      vertex 71.1 5.54328 -7.7039
      vertex 69.9 5.65023 -7.98807
      vertex 69.9 5.54328 -7.7039
    endloop
  endfacet
  facet normal -1.83381e-06 0.935908 0.352245
    outer loop
      vertex 71.1 5.68158 -8.07136
      vertex 69.9 5.65023 -7.98807
      vertex 71.1 5.54328 -7.7039
    endloop
  endfacet
  facet normal 0 0.935899 0.352268
    outer loop
      vertex 69.9 5.65023 -7.98807
      vertex 71.1 5.68158 -8.07136
      vertex 69.9 5.68158 -8.07136
    endloop
  endfacet
  facet normal 0 -0.986642 0.162904
    outer loop
      vertex 59.1 -5.94867 -9.21684
      vertex 49.7359 -5.88471 -8.82946
      vertex 49.7296 -5.94867 -9.21684
    endloop
  endfacet
  facet normal 0 -0.986642 0.162904
    outer loop
      vertex 49.7359 -5.88471 -8.82946
      vertex 59.1 -5.94867 -9.21684
      vertex 59.1 -5.88471 -8.82946
    endloop
  endfacet
  facet normal 0 -0.986644 0.162893
    outer loop
      vertex 75.9 -5.93417 -9.12904
      vertex 77.1 -5.88471 -8.82946
      vertex 75.9 -5.88471 -8.82946
    endloop
  endfacet
  facet normal 0 -0.986636 0.162941
    outer loop
      vertex 77.1 -5.94867 -9.21684
      vertex 75.9 -5.93417 -9.12904
      vertex 75.9 -5.94867 -9.21684
    endloop
  endfacet
  facet normal -2.8059e-06 -0.986642 0.162904
    outer loop
      vertex 75.9 -5.93417 -9.12904
      vertex 77.1 -5.94867 -9.21684
      vertex 77.1 -5.88471 -8.82946
    endloop
  endfacet
  facet normal 0 -0.986644 0.162893
    outer loop
      vertex 63.9 -5.93417 -9.12904
      vertex 65.1 -5.88471 -8.82946
      vertex 63.9 -5.88471 -8.82946
    endloop
  endfacet
  facet normal 0 -0.986636 0.162941
    outer loop
      vertex 65.1 -5.94867 -9.21684
      vertex 63.9 -5.93417 -9.12904
      vertex 63.9 -5.94867 -9.21684
    endloop
  endfacet
  facet normal -2.8059e-06 -0.986642 0.162904
    outer loop
      vertex 63.9 -5.93417 -9.12904
      vertex 65.1 -5.94867 -9.21684
      vertex 65.1 -5.88471 -8.82946
    endloop
  endfacet
  facet normal 0 -0.986644 0.162893
    outer loop
      vertex 69.9 -5.93417 -9.12904
      vertex 71.1 -5.88471 -8.82946
      vertex 69.9 -5.88471 -8.82946
    endloop
  endfacet
  facet normal 0 -0.986636 0.162941
    outer loop
      vertex 71.1 -5.94867 -9.21684
      vertex 69.9 -5.93417 -9.12904
      vertex 69.9 -5.94867 -9.21684
    endloop
  endfacet
  facet normal -2.8059e-06 -0.986642 0.162904
    outer loop
      vertex 69.9 -5.93417 -9.12904
      vertex 71.1 -5.94867 -9.21684
      vertex 71.1 -5.88471 -8.82946
    endloop
  endfacet
  facet normal 0 -0.999464 0.032728
    outer loop
      vertex 49.7245 -6 -10
      vertex 59.1 -5.98715 -9.60758
      vertex 49.7258 -5.98715 -9.60758
    endloop
  endfacet
  facet normal 0 -0.999464 0.032728
    outer loop
      vertex 59.1 -5.98715 -9.60758
      vertex 49.7245 -6 -10
      vertex 59.1 -6 -10
    endloop
  endfacet
  facet normal 0 -0.999464 0.0327369
    outer loop
      vertex 75.9 -5.99709 -9.91105
      vertex 77.1 -5.98715 -9.60758
      vertex 75.9 -5.98715 -9.60758
    endloop
  endfacet
  facet normal 0 -0.999465 0.0326975
    outer loop
      vertex 77.1 -6 -10
      vertex 75.9 -5.99709 -9.91105
      vertex 75.9 -6 -10
    endloop
  endfacet
  facet normal 2.26103e-06 -0.999464 0.032728
    outer loop
      vertex 75.9 -5.99709 -9.91105
      vertex 77.1 -6 -10
      vertex 77.1 -5.98715 -9.60758
    endloop
  endfacet
  facet normal 0 -0.999464 0.0327369
    outer loop
      vertex 63.9 -5.99709 -9.91105
      vertex 65.1 -5.98715 -9.60758
      vertex 63.9 -5.98715 -9.60758
    endloop
  endfacet
  facet normal 0 -0.999465 0.0326975
    outer loop
      vertex 65.1 -6 -10
      vertex 63.9 -5.99709 -9.91105
      vertex 63.9 -6 -10
    endloop
  endfacet
  facet normal 2.26103e-06 -0.999464 0.032728
    outer loop
      vertex 63.9 -5.99709 -9.91105
      vertex 65.1 -6 -10
      vertex 65.1 -5.98715 -9.60758
    endloop
  endfacet
  facet normal 0 -0.999464 0.0327369
    outer loop
      vertex 69.9 -5.99709 -9.91105
      vertex 71.1 -5.98715 -9.60758
      vertex 69.9 -5.98715 -9.60758
    endloop
  endfacet
  facet normal 0 -0.999465 0.0326975
    outer loop
      vertex 71.1 -6 -10
      vertex 69.9 -5.99709 -9.91105
      vertex 69.9 -6 -10
    endloop
  endfacet
  facet normal 2.26103e-06 -0.999464 0.032728
    outer loop
      vertex 69.9 -5.99709 -9.91105
      vertex 71.1 -6 -10
      vertex 71.1 -5.98715 -9.60758
    endloop
  endfacet
  facet normal 0 -0.0980062 0.995186
    outer loop
      vertex 50.0872 -0.392418 -4.01285
      vertex 59.1 -0.783156 -4.05133
      vertex 59.1 -0.392418 -4.01285
    endloop
  endfacet
  facet normal 0 -0.0980062 0.995186
    outer loop
      vertex 59.1 -0.783156 -4.05133
      vertex 50.0872 -0.392418 -4.01285
      vertex 50.0744 -0.783156 -4.05133
    endloop
  endfacet
  facet normal 0 -0.0980131 0.995185
    outer loop
      vertex 75.9 -0.694589 -4.04261
      vertex 77.1 -0.392418 -4.01285
      vertex 75.9 -0.392418 -4.01285
    endloop
  endfacet
  facet normal -1.74635e-06 -0.0980062 0.995186
    outer loop
      vertex 77.1 -0.392418 -4.01285
      vertex 75.9 -0.694589 -4.04261
      vertex 77.1 -0.783156 -4.05133
    endloop
  endfacet
  facet normal 0 -0.0979828 0.995188
    outer loop
      vertex 77.1 -0.783156 -4.05133
      vertex 75.9 -0.694589 -4.04261
      vertex 75.9 -0.783156 -4.05133
    endloop
  endfacet
  facet normal 0 -0.0980131 0.995185
    outer loop
      vertex 63.9 -0.694589 -4.04261
      vertex 65.1 -0.392418 -4.01285
      vertex 63.9 -0.392418 -4.01285
    endloop
  endfacet
  facet normal -1.74635e-06 -0.0980062 0.995186
    outer loop
      vertex 65.1 -0.392418 -4.01285
      vertex 63.9 -0.694589 -4.04261
      vertex 65.1 -0.783156 -4.05133
    endloop
  endfacet
  facet normal 0 -0.0979828 0.995188
    outer loop
      vertex 65.1 -0.783156 -4.05133
      vertex 63.9 -0.694589 -4.04261
      vertex 63.9 -0.783156 -4.05133
    endloop
  endfacet
  facet normal 0 -0.0980131 0.995185
    outer loop
      vertex 69.9 -0.694589 -4.04261
      vertex 71.1 -0.392418 -4.01285
      vertex 69.9 -0.392418 -4.01285
    endloop
  endfacet
  facet normal -1.74635e-06 -0.0980062 0.995186
    outer loop
      vertex 71.1 -0.392418 -4.01285
      vertex 69.9 -0.694589 -4.04261
      vertex 71.1 -0.783156 -4.05133
    endloop
  endfacet
  facet normal 0 -0.0979828 0.995188
    outer loop
      vertex 71.1 -0.783156 -4.05133
      vertex 69.9 -0.694589 -4.04261
      vertex 69.9 -0.783156 -4.05133
    endloop
  endfacet
  facet normal 0 0.910851 -0.412736
    outer loop
      vertex 49.7855 5.38124 -12.6537
      vertex 59.1 5.54328 -12.2961
      vertex 59.1 5.38124 -12.6537
    endloop
  endfacet
  facet normal 0 0.910851 -0.412736
    outer loop
      vertex 59.1 5.54328 -12.2961
      vertex 49.7855 5.38124 -12.6537
      vertex 49.7695 5.54328 -12.2961
    endloop
  endfacet
  facet normal 0 0.910871 -0.412691
    outer loop
      vertex 77.1 5.54328 -12.2961
      vertex 75.9 5.41796 -12.5727
      vertex 75.9 5.54328 -12.2961
    endloop
  endfacet
  facet normal 1.2379e-05 0.910851 -0.412736
    outer loop
      vertex 77.1 5.38124 -12.6537
      vertex 75.9 5.41796 -12.5727
      vertex 77.1 5.54328 -12.2961
    endloop
  endfacet
  facet normal 0 0.910782 -0.412888
    outer loop
      vertex 75.9 5.41796 -12.5727
      vertex 77.1 5.38124 -12.6537
      vertex 75.9 5.38124 -12.6537
    endloop
  endfacet
  facet normal 0 0.910871 -0.412691
    outer loop
      vertex 65.1 5.54328 -12.2961
      vertex 63.9 5.41796 -12.5727
      vertex 63.9 5.54328 -12.2961
    endloop
  endfacet
  facet normal 1.2379e-05 0.910851 -0.412736
    outer loop
      vertex 65.1 5.38124 -12.6537
      vertex 63.9 5.41796 -12.5727
      vertex 65.1 5.54328 -12.2961
    endloop
  endfacet
  facet normal 0 0.910782 -0.412888
    outer loop
      vertex 63.9 5.41796 -12.5727
      vertex 65.1 5.38124 -12.6537
      vertex 63.9 5.38124 -12.6537
    endloop
  endfacet
  facet normal 0 0.910871 -0.412691
    outer loop
      vertex 71.1 5.54328 -12.2961
      vertex 69.9 5.41796 -12.5727
      vertex 69.9 5.54328 -12.2961
    endloop
  endfacet
  facet normal 1.2379e-05 0.910851 -0.412736
    outer loop
      vertex 71.1 5.38124 -12.6537
      vertex 69.9 5.41796 -12.5727
      vertex 71.1 5.54328 -12.2961
    endloop
  endfacet
  facet normal 0 0.910782 -0.412888
    outer loop
      vertex 69.9 5.41796 -12.5727
      vertex 71.1 5.38124 -12.6537
      vertex 69.9 5.38124 -12.6537
    endloop
  endfacet
  facet normal 0 -0.986636 -0.162941
    outer loop
      vertex 75.9 -5.93417 -10.871
      vertex 77.1 -5.94867 -10.7832
      vertex 75.9 -5.94867 -10.7832
    endloop
  endfacet
  facet normal -0 -0.986637 -0.162935
    outer loop
      vertex 77.1 -5.88471 -11.1705
      vertex 75.9 -5.93417 -10.871
      vertex 75.9 -5.88471 -11.1705
    endloop
  endfacet
  facet normal -3.43909e-07 -0.986637 -0.162936
    outer loop
      vertex 75.9 -5.93417 -10.871
      vertex 77.1 -5.88471 -11.1705
      vertex 77.1 -5.94867 -10.7832
    endloop
  endfacet
  facet normal 0 -0.986637 -0.162936
    outer loop
      vertex 49.7359 -5.88471 -11.1705
      vertex 59.1 -5.94867 -10.7832
      vertex 49.7296 -5.94867 -10.7832
    endloop
  endfacet
  facet normal 0 -0.986637 -0.162936
    outer loop
      vertex 59.1 -5.94867 -10.7832
      vertex 49.7359 -5.88471 -11.1705
      vertex 59.1 -5.88471 -11.1705
    endloop
  endfacet
  facet normal 0 -0.986636 -0.162941
    outer loop
      vertex 63.9 -5.93417 -10.871
      vertex 65.1 -5.94867 -10.7832
      vertex 63.9 -5.94867 -10.7832
    endloop
  endfacet
  facet normal -0 -0.986637 -0.162935
    outer loop
      vertex 65.1 -5.88471 -11.1705
      vertex 63.9 -5.93417 -10.871
      vertex 63.9 -5.88471 -11.1705
    endloop
  endfacet
  facet normal -3.43909e-07 -0.986637 -0.162936
    outer loop
      vertex 63.9 -5.93417 -10.871
      vertex 65.1 -5.88471 -11.1705
      vertex 65.1 -5.94867 -10.7832
    endloop
  endfacet
  facet normal 0 -0.986636 -0.162941
    outer loop
      vertex 69.9 -5.93417 -10.871
      vertex 71.1 -5.94867 -10.7832
      vertex 69.9 -5.94867 -10.7832
    endloop
  endfacet
  facet normal -0 -0.986637 -0.162935
    outer loop
      vertex 71.1 -5.88471 -11.1705
      vertex 69.9 -5.93417 -10.871
      vertex 69.9 -5.88471 -11.1705
    endloop
  endfacet
  facet normal -3.43909e-07 -0.986637 -0.162936
    outer loop
      vertex 69.9 -5.93417 -10.871
      vertex 71.1 -5.88471 -11.1705
      vertex 71.1 -5.94867 -10.7832
    endloop
  endfacet
  facet normal 0 -0.999464 -0.0327297
    outer loop
      vertex 49.7258 -5.98715 -10.3924
      vertex 59.1 -6 -10
      vertex 49.7245 -6 -10
    endloop
  endfacet
  facet normal 0 -0.999464 -0.0327297
    outer loop
      vertex 59.1 -6 -10
      vertex 49.7258 -5.98715 -10.3924
      vertex 59.1 -5.98715 -10.3924
    endloop
  endfacet
  facet normal 0 -0.999465 -0.0327159
    outer loop
      vertex 75.9 -5.99709 -10.0889
      vertex 77.1 -6 -10
      vertex 75.9 -6 -10
    endloop
  endfacet
  facet normal -0 -0.999464 -0.0327337
    outer loop
      vertex 77.1 -5.98715 -10.3924
      vertex 75.9 -5.99709 -10.0889
      vertex 75.9 -5.98715 -10.3924
    endloop
  endfacet
  facet normal 1.02094e-06 -0.999464 -0.0327297
    outer loop
      vertex 75.9 -5.99709 -10.0889
      vertex 77.1 -5.98715 -10.3924
      vertex 77.1 -6 -10
    endloop
  endfacet
  facet normal 0 -0.999465 -0.0327159
    outer loop
      vertex 63.9 -5.99709 -10.0889
      vertex 65.1 -6 -10
      vertex 63.9 -6 -10
    endloop
  endfacet
  facet normal -0 -0.999464 -0.0327337
    outer loop
      vertex 65.1 -5.98715 -10.3924
      vertex 63.9 -5.99709 -10.0889
      vertex 63.9 -5.98715 -10.3924
    endloop
  endfacet
  facet normal 1.02094e-06 -0.999464 -0.0327297
    outer loop
      vertex 63.9 -5.99709 -10.0889
      vertex 65.1 -5.98715 -10.3924
      vertex 65.1 -6 -10
    endloop
  endfacet
  facet normal 0 -0.999465 -0.0327159
    outer loop
      vertex 69.9 -5.99709 -10.0889
      vertex 71.1 -6 -10
      vertex 69.9 -6 -10
    endloop
  endfacet
  facet normal -0 -0.999464 -0.0327337
    outer loop
      vertex 71.1 -5.98715 -10.3924
      vertex 69.9 -5.99709 -10.0889
      vertex 69.9 -5.98715 -10.3924
    endloop
  endfacet
  facet normal 1.02094e-06 -0.999464 -0.0327297
    outer loop
      vertex 69.9 -5.99709 -10.0889
      vertex 71.1 -5.98715 -10.3924
      vertex 71.1 -6 -10
    endloop
  endfacet
  facet normal 0 -0.470927 -0.882172
    outer loop
      vertex 75.9 -2.92151 -15.2381
      vertex 77.1 -3 -15.1962
      vertex 75.9 -3 -15.1962
    endloop
  endfacet
  facet normal -2.53381e-05 -0.471228 -0.882011
    outer loop
      vertex 77.1 -3 -15.1962
      vertex 75.9 -2.92151 -15.2381
      vertex 77.1 -2.65373 -15.3812
    endloop
  endfacet
  facet normal 0 -0.471316 -0.881964
    outer loop
      vertex 75.9 -2.65373 -15.3812
      vertex 77.1 -2.65373 -15.3812
      vertex 75.9 -2.92151 -15.2381
    endloop
  endfacet
  facet normal 0 -0.471228 -0.882011
    outer loop
      vertex 59.1 -3 -15.1962
      vertex 50.0131 -2.65373 -15.3812
      vertex 59.1 -2.65373 -15.3812
    endloop
  endfacet
  facet normal 0 -0.471228 -0.882011
    outer loop
      vertex 50.0131 -2.65373 -15.3812
      vertex 59.1 -3 -15.1962
      vertex 50.0018 -3 -15.1962
    endloop
  endfacet
  facet normal 0 -0.470927 -0.882172
    outer loop
      vertex 63.9 -2.92151 -15.2381
      vertex 65.1 -3 -15.1962
      vertex 63.9 -3 -15.1962
    endloop
  endfacet
  facet normal -2.53381e-05 -0.471228 -0.882011
    outer loop
      vertex 65.1 -3 -15.1962
      vertex 63.9 -2.92151 -15.2381
      vertex 65.1 -2.65373 -15.3812
    endloop
  endfacet
  facet normal 0 -0.471316 -0.881964
    outer loop
      vertex 63.9 -2.65373 -15.3812
      vertex 65.1 -2.65373 -15.3812
      vertex 63.9 -2.92151 -15.2381
    endloop
  endfacet
  facet normal 0 -0.470927 -0.882172
    outer loop
      vertex 69.9 -2.92151 -15.2381
      vertex 71.1 -3 -15.1962
      vertex 69.9 -3 -15.1962
    endloop
  endfacet
  facet normal -2.53381e-05 -0.471228 -0.882011
    outer loop
      vertex 71.1 -3 -15.1962
      vertex 69.9 -2.92151 -15.2381
      vertex 71.1 -2.65373 -15.3812
    endloop
  endfacet
  facet normal 0 -0.471316 -0.881964
    outer loop
      vertex 69.9 -2.65373 -15.3812
      vertex 71.1 -2.65373 -15.3812
      vertex 69.9 -2.92151 -15.2381
    endloop
  endfacet
  facet normal 0 0.812837 0.582492
    outer loop
      vertex 77.1 4.76012 -6.34743
      vertex 75.9 4.81196 -6.41977
      vertex 75.9 4.76012 -6.34743
    endloop
  endfacet
  facet normal 1.22676e-06 0.812846 0.582478
    outer loop
      vertex 77.1 4.98882 -6.66658
      vertex 75.9 4.81196 -6.41977
      vertex 77.1 4.76012 -6.34743
    endloop
  endfacet
  facet normal 0 0.812849 0.582474
    outer loop
      vertex 75.9 4.81196 -6.41977
      vertex 77.1 4.98882 -6.66658
      vertex 75.9 4.98882 -6.66658
    endloop
  endfacet
  facet normal 0 0.812846 0.582478
    outer loop
      vertex 59.1 4.98882 -6.66658
      vertex 49.8466 4.76012 -6.34743
      vertex 59.1 4.76012 -6.34743
    endloop
  endfacet
  facet normal 0 0.812846 0.582478
    outer loop
      vertex 49.8466 4.76012 -6.34743
      vertex 59.1 4.98882 -6.66658
      vertex 49.8241 4.98882 -6.66658
    endloop
  endfacet
  facet normal 0 0.812837 0.582492
    outer loop
      vertex 65.1 4.76012 -6.34743
      vertex 63.9 4.81196 -6.41977
      vertex 63.9 4.76012 -6.34743
    endloop
  endfacet
  facet normal 1.22676e-06 0.812846 0.582478
    outer loop
      vertex 65.1 4.98882 -6.66658
      vertex 63.9 4.81196 -6.41977
      vertex 65.1 4.76012 -6.34743
    endloop
  endfacet
  facet normal 0 0.812849 0.582474
    outer loop
      vertex 63.9 4.81196 -6.41977
      vertex 65.1 4.98882 -6.66658
      vertex 63.9 4.98882 -6.66658
    endloop
  endfacet
  facet normal 0 0.812837 0.582492
    outer loop
      vertex 71.1 4.76012 -6.34743
      vertex 69.9 4.81196 -6.41977
      vertex 69.9 4.76012 -6.34743
    endloop
  endfacet
  facet normal 1.22676e-06 0.812846 0.582478
    outer loop
      vertex 71.1 4.98882 -6.66658
      vertex 69.9 4.81196 -6.41977
      vertex 71.1 4.76012 -6.34743
    endloop
  endfacet
  facet normal 0 0.812849 0.582474
    outer loop
      vertex 69.9 4.81196 -6.41977
      vertex 71.1 4.98882 -6.66658
      vertex 69.9 4.98882 -6.66658
    endloop
  endfacet
  facet normal 0 -0.227085 0.973875
    outer loop
      vertex 50.0617 -1.17054 -4.11529
      vertex 59.1 -1.55291 -4.20445
      vertex 59.1 -1.17054 -4.11529
    endloop
  endfacet
  facet normal 0 -0.227085 0.973875
    outer loop
      vertex 59.1 -1.55291 -4.20445
      vertex 50.0617 -1.17054 -4.11529
      vertex 50.0492 -1.55291 -4.20445
    endloop
  endfacet
  facet normal -4.25552e-07 -0.227085 0.973875
    outer loop
      vertex 77.1 -1.17054 -4.11529
      vertex 75.9 -1.25721 -4.1355
      vertex 77.1 -1.55291 -4.20445
    endloop
  endfacet
  facet normal 0 -0.227091 0.973874
    outer loop
      vertex 75.9 -1.25721 -4.1355
      vertex 77.1 -1.17054 -4.11529
      vertex 75.9 -1.17054 -4.11529
    endloop
  endfacet
  facet normal 0 -0.227084 0.973875
    outer loop
      vertex 77.1 -1.55291 -4.20445
      vertex 75.9 -1.25721 -4.1355
      vertex 75.9 -1.55291 -4.20445
    endloop
  endfacet
  facet normal -4.25552e-07 -0.227085 0.973875
    outer loop
      vertex 63.9 -1.25721 -4.1355
      vertex 65.1 -1.55291 -4.20445
      vertex 65.1 -1.17054 -4.11529
    endloop
  endfacet
  facet normal 0 -0.227091 0.973874
    outer loop
      vertex 63.9 -1.25721 -4.1355
      vertex 65.1 -1.17054 -4.11529
      vertex 63.9 -1.17054 -4.11529
    endloop
  endfacet
  facet normal 0 -0.227084 0.973875
    outer loop
      vertex 65.1 -1.55291 -4.20445
      vertex 63.9 -1.25721 -4.1355
      vertex 63.9 -1.55291 -4.20445
    endloop
  endfacet
  facet normal -4.25552e-07 -0.227085 0.973875
    outer loop
      vertex 71.1 -1.17054 -4.11529
      vertex 69.9 -1.25721 -4.1355
      vertex 71.1 -1.55291 -4.20445
    endloop
  endfacet
  facet normal 0 -0.227091 0.973874
    outer loop
      vertex 69.9 -1.25721 -4.1355
      vertex 71.1 -1.17054 -4.11529
      vertex 69.9 -1.17054 -4.11529
    endloop
  endfacet
  facet normal 0 -0.227084 0.973875
    outer loop
      vertex 71.1 -1.55291 -4.20445
      vertex 69.9 -1.25721 -4.1355
      vertex 69.9 -1.55291 -4.20445
    endloop
  endfacet
  facet normal 0 0.999465 -0.0327159
    outer loop
      vertex 77.1 6 -10
      vertex 75.9 5.99709 -10.0889
      vertex 75.9 6 -10
    endloop
  endfacet
  facet normal 1.02094e-06 0.999464 -0.0327297
    outer loop
      vertex 77.1 5.98715 -10.3924
      vertex 75.9 5.99709 -10.0889
      vertex 77.1 6 -10
    endloop
  endfacet
  facet normal 0 0.999464 -0.0327337
    outer loop
      vertex 75.9 5.99709 -10.0889
      vertex 77.1 5.98715 -10.3924
      vertex 75.9 5.98715 -10.3924
    endloop
  endfacet
  facet normal 0 0.999464 -0.0327297
    outer loop
      vertex 59.1 5.98715 -10.3924
      vertex 49.7245 6 -10
      vertex 59.1 6 -10
    endloop
  endfacet
  facet normal 0 0.999464 -0.0327297
    outer loop
      vertex 49.7245 6 -10
      vertex 59.1 5.98715 -10.3924
      vertex 49.7258 5.98715 -10.3924
    endloop
  endfacet
  facet normal 0 0.999465 -0.0327159
    outer loop
      vertex 65.1 6 -10
      vertex 63.9 5.99709 -10.0889
      vertex 63.9 6 -10
    endloop
  endfacet
  facet normal 1.02094e-06 0.999464 -0.0327297
    outer loop
      vertex 65.1 5.98715 -10.3924
      vertex 63.9 5.99709 -10.0889
      vertex 65.1 6 -10
    endloop
  endfacet
  facet normal 0 0.999464 -0.0327337
    outer loop
      vertex 63.9 5.99709 -10.0889
      vertex 65.1 5.98715 -10.3924
      vertex 63.9 5.98715 -10.3924
    endloop
  endfacet
  facet normal 0 0.999465 -0.0327159
    outer loop
      vertex 71.1 6 -10
      vertex 69.9 5.99709 -10.0889
      vertex 69.9 6 -10
    endloop
  endfacet
  facet normal 1.02094e-06 0.999464 -0.0327297
    outer loop
      vertex 71.1 5.98715 -10.3924
      vertex 69.9 5.99709 -10.0889
      vertex 71.1 6 -10
    endloop
  endfacet
  facet normal 0 0.999464 -0.0327337
    outer loop
      vertex 69.9 5.99709 -10.0889
      vertex 71.1 5.98715 -10.3924
      vertex 69.9 5.98715 -10.3924
    endloop
  endfacet
  facet normal 0 -0.0326054 -0.999468
    outer loop
      vertex 75.9 -0.0889485 -15.9971
      vertex 77.1 -0.392418 -15.9872
      vertex 75.9 -0.392418 -15.9872
    endloop
  endfacet
  facet normal 1.12193e-06 -0.0326009 -0.999468
    outer loop
      vertex 77.1 -0.392418 -15.9872
      vertex 75.9 -0.0889485 -15.9971
      vertex 77.1 0 -16
    endloop
  endfacet
  facet normal -0 -0.0325858 -0.999469
    outer loop
      vertex 77.1 0 -16
      vertex 75.9 -0.0889485 -15.9971
      vertex 75.9 0 -16
    endloop
  endfacet
  facet normal 0 -0.0326009 -0.999468
    outer loop
      vertex 59.1 -0.392418 -15.9872
      vertex 50.1 0 -16
      vertex 59.1 0 -16
    endloop
  endfacet
  facet normal 0 -0.0326009 -0.999468
    outer loop
      vertex 50.1 0 -16
      vertex 59.1 -0.392418 -15.9872
      vertex 50.0872 -0.392418 -15.9872
    endloop
  endfacet
  facet normal 0 -0.0326054 -0.999468
    outer loop
      vertex 63.9 -0.0889485 -15.9971
      vertex 65.1 -0.392418 -15.9872
      vertex 63.9 -0.392418 -15.9872
    endloop
  endfacet
  facet normal 1.12193e-06 -0.0326009 -0.999468
    outer loop
      vertex 65.1 -0.392418 -15.9872
      vertex 63.9 -0.0889485 -15.9971
      vertex 65.1 0 -16
    endloop
  endfacet
  facet normal -0 -0.0325858 -0.999469
    outer loop
      vertex 65.1 0 -16
      vertex 63.9 -0.0889485 -15.9971
      vertex 63.9 0 -16
    endloop
  endfacet
  facet normal 0 -0.0326054 -0.999468
    outer loop
      vertex 69.9 -0.0889485 -15.9971
      vertex 71.1 -0.392418 -15.9872
      vertex 69.9 -0.392418 -15.9872
    endloop
  endfacet
  facet normal 1.12193e-06 -0.0326009 -0.999468
    outer loop
      vertex 71.1 -0.392418 -15.9872
      vertex 69.9 -0.0889485 -15.9971
      vertex 71.1 0 -16
    endloop
  endfacet
  facet normal -0 -0.0325858 -0.999469
    outer loop
      vertex 71.1 0 -16
      vertex 69.9 -0.0889485 -15.9971
      vertex 69.9 0 -16
    endloop
  endfacet
  facet normal 0 -0.412707 0.910864
    outer loop
      vertex 50.0248 -2.2961 -4.45672
      vertex 59.1 -2.65373 -4.61876
      vertex 59.1 -2.2961 -4.45672
    endloop
  endfacet
  facet normal 0 -0.412707 0.910864
    outer loop
      vertex 59.1 -2.65373 -4.61876
      vertex 50.0248 -2.2961 -4.45672
      vertex 50.0131 -2.65373 -4.61876
    endloop
  endfacet
  facet normal 0 -0.412728 0.910854
    outer loop
      vertex 75.9 -2.57267 -4.58204
      vertex 77.1 -2.2961 -4.45672
      vertex 75.9 -2.2961 -4.45672
    endloop
  endfacet
  facet normal -5.9191e-06 -0.412707 0.910864
    outer loop
      vertex 77.1 -2.2961 -4.45672
      vertex 75.9 -2.57267 -4.58204
      vertex 77.1 -2.65373 -4.61876
    endloop
  endfacet
  facet normal 0 -0.412634 0.910897
    outer loop
      vertex 77.1 -2.65373 -4.61876
      vertex 75.9 -2.57267 -4.58204
      vertex 75.9 -2.65373 -4.61876
    endloop
  endfacet
  facet normal -5.9191e-06 -0.412707 0.910864
    outer loop
      vertex 65.1 -2.2961 -4.45672
      vertex 63.9 -2.57267 -4.58204
      vertex 65.1 -2.65373 -4.61876
    endloop
  endfacet
  facet normal 0 -0.412728 0.910854
    outer loop
      vertex 65.1 -2.2961 -4.45672
      vertex 63.9 -2.2961 -4.45672
      vertex 63.9 -2.57267 -4.58204
    endloop
  endfacet
  facet normal 0 -0.412634 0.910897
    outer loop
      vertex 65.1 -2.65373 -4.61876
      vertex 63.9 -2.57267 -4.58204
      vertex 63.9 -2.65373 -4.61876
    endloop
  endfacet
  facet normal 0 -0.412728 0.910854
    outer loop
      vertex 69.9 -2.57267 -4.58204
      vertex 71.1 -2.2961 -4.45672
      vertex 69.9 -2.2961 -4.45672
    endloop
  endfacet
  facet normal -5.9191e-06 -0.412707 0.910864
    outer loop
      vertex 71.1 -2.2961 -4.45672
      vertex 69.9 -2.57267 -4.58204
      vertex 71.1 -2.65373 -4.61876
    endloop
  endfacet
  facet normal 0 -0.412634 0.910897
    outer loop
      vertex 71.1 -2.65373 -4.61876
      vertex 69.9 -2.57267 -4.58204
      vertex 69.9 -2.65373 -4.61876
    endloop
  endfacet
  facet normal 0 0.773025 -0.634375
    outer loop
      vertex 77.1 4.76012 -13.6526
      vertex 75.9 4.70366 -13.7214
      vertex 75.9 4.76012 -13.6526
    endloop
  endfacet
  facet normal 2.32199e-06 0.773005 -0.634399
    outer loop
      vertex 77.1 4.51104 -13.9561
      vertex 75.9 4.70366 -13.7214
      vertex 77.1 4.76012 -13.6526
    endloop
  endfacet
  facet normal 0 0.773 -0.634406
    outer loop
      vertex 75.9 4.70366 -13.7214
      vertex 77.1 4.51104 -13.9561
      vertex 75.9 4.51104 -13.9561
    endloop
  endfacet
  facet normal 0 0.773005 -0.634399
    outer loop
      vertex 49.8712 4.51104 -13.9561
      vertex 59.1 4.76012 -13.6526
      vertex 59.1 4.51104 -13.9561
    endloop
  endfacet
  facet normal 0 0.773005 -0.634399
    outer loop
      vertex 59.1 4.76012 -13.6526
      vertex 49.8712 4.51104 -13.9561
      vertex 49.8466 4.76012 -13.6526
    endloop
  endfacet
  facet normal 0 0.773025 -0.634375
    outer loop
      vertex 65.1 4.76012 -13.6526
      vertex 63.9 4.70366 -13.7214
      vertex 63.9 4.76012 -13.6526
    endloop
  endfacet
  facet normal 2.32199e-06 0.773005 -0.634399
    outer loop
      vertex 65.1 4.51104 -13.9561
      vertex 63.9 4.70366 -13.7214
      vertex 65.1 4.76012 -13.6526
    endloop
  endfacet
  facet normal 0 0.773 -0.634406
    outer loop
      vertex 63.9 4.70366 -13.7214
      vertex 65.1 4.51104 -13.9561
      vertex 63.9 4.51104 -13.9561
    endloop
  endfacet
  facet normal 0 0.773025 -0.634375
    outer loop
      vertex 71.1 4.76012 -13.6526
      vertex 69.9 4.70366 -13.7214
      vertex 69.9 4.76012 -13.6526
    endloop
  endfacet
  facet normal 2.32199e-06 0.773005 -0.634399
    outer loop
      vertex 71.1 4.51104 -13.9561
      vertex 69.9 4.70366 -13.7214
      vertex 71.1 4.76012 -13.6526
    endloop
  endfacet
  facet normal 0 0.773 -0.634406
    outer loop
      vertex 69.9 4.70366 -13.7214
      vertex 71.1 4.51104 -13.9561
      vertex 69.9 4.51104 -13.9561
    endloop
  endfacet
  facet normal 0 -0.773025 -0.634375
    outer loop
      vertex 75.9 -4.70366 -13.7214
      vertex 77.1 -4.76012 -13.6526
      vertex 75.9 -4.76012 -13.6526
    endloop
  endfacet
  facet normal -0 -0.773 -0.634406
    outer loop
      vertex 77.1 -4.51104 -13.9561
      vertex 75.9 -4.70366 -13.7214
      vertex 75.9 -4.51104 -13.9561
    endloop
  endfacet
  facet normal 2.32199e-06 -0.773005 -0.634399
    outer loop
      vertex 75.9 -4.70366 -13.7214
      vertex 77.1 -4.51104 -13.9561
      vertex 77.1 -4.76012 -13.6526
    endloop
  endfacet
  facet normal 0 -0.773005 -0.634399
    outer loop
      vertex 49.8712 -4.51104 -13.9561
      vertex 59.1 -4.76012 -13.6526
      vertex 49.8466 -4.76012 -13.6526
    endloop
  endfacet
  facet normal 0 -0.773005 -0.634399
    outer loop
      vertex 59.1 -4.76012 -13.6526
      vertex 49.8712 -4.51104 -13.9561
      vertex 59.1 -4.51104 -13.9561
    endloop
  endfacet
  facet normal 0 -0.773025 -0.634375
    outer loop
      vertex 63.9 -4.70366 -13.7214
      vertex 65.1 -4.76012 -13.6526
      vertex 63.9 -4.76012 -13.6526
    endloop
  endfacet
  facet normal -0 -0.773 -0.634406
    outer loop
      vertex 65.1 -4.51104 -13.9561
      vertex 63.9 -4.70366 -13.7214
      vertex 63.9 -4.51104 -13.9561
    endloop
  endfacet
  facet normal 2.32199e-06 -0.773005 -0.634399
    outer loop
      vertex 63.9 -4.70366 -13.7214
      vertex 65.1 -4.51104 -13.9561
      vertex 65.1 -4.76012 -13.6526
    endloop
  endfacet
  facet normal 0 -0.773025 -0.634375
    outer loop
      vertex 69.9 -4.70366 -13.7214
      vertex 71.1 -4.76012 -13.6526
      vertex 69.9 -4.76012 -13.6526
    endloop
  endfacet
  facet normal -0 -0.773 -0.634406
    outer loop
      vertex 71.1 -4.51104 -13.9561
      vertex 69.9 -4.70366 -13.7214
      vertex 69.9 -4.51104 -13.9561
    endloop
  endfacet
  facet normal 2.32199e-06 -0.773005 -0.634399
    outer loop
      vertex 69.9 -4.70366 -13.7214
      vertex 71.1 -4.51104 -13.9561
      vertex 71.1 -4.76012 -13.6526
    endloop
  endfacet
  facet normal 0 0.683589 -0.729867
    outer loop
      vertex 49.9258 3.95607 -14.511
      vertex 59.1 4.24264 -14.2426
      vertex 59.1 3.95607 -14.511
    endloop
  endfacet
  facet normal 0 0.683589 -0.729867
    outer loop
      vertex 59.1 4.24264 -14.2426
      vertex 49.9258 3.95607 -14.511
      vertex 49.8976 4.24264 -14.2426
    endloop
  endfacet
  facet normal 4.14573e-05 0.683589 -0.729867
    outer loop
      vertex 77.1 3.95607 -14.511
      vertex 75.9 4.17769 -14.3035
      vertex 77.1 4.24264 -14.2426
    endloop
  endfacet
  facet normal 0 0.68347 -0.729979
    outer loop
      vertex 77.1 3.95607 -14.511
      vertex 75.9 3.95607 -14.511
      vertex 75.9 4.17769 -14.3035
    endloop
  endfacet
  facet normal 0 0.683997 -0.729485
    outer loop
      vertex 77.1 4.24264 -14.2426
      vertex 75.9 4.17769 -14.3035
      vertex 75.9 4.24264 -14.2426
    endloop
  endfacet
  facet normal 4.14573e-05 0.683589 -0.729867
    outer loop
      vertex 65.1 3.95607 -14.511
      vertex 63.9 4.17769 -14.3035
      vertex 65.1 4.24264 -14.2426
    endloop
  endfacet
  facet normal 0 0.68347 -0.729979
    outer loop
      vertex 65.1 3.95607 -14.511
      vertex 63.9 3.95607 -14.511
      vertex 63.9 4.17769 -14.3035
    endloop
  endfacet
  facet normal 0 0.683997 -0.729485
    outer loop
      vertex 65.1 4.24264 -14.2426
      vertex 63.9 4.17769 -14.3035
      vertex 63.9 4.24264 -14.2426
    endloop
  endfacet
  facet normal 4.14573e-05 0.683589 -0.729867
    outer loop
      vertex 71.1 3.95607 -14.511
      vertex 69.9 4.17769 -14.3035
      vertex 71.1 4.24264 -14.2426
    endloop
  endfacet
  facet normal 0 0.68347 -0.729979
    outer loop
      vertex 71.1 3.95607 -14.511
      vertex 69.9 3.95607 -14.511
      vertex 69.9 4.17769 -14.3035
    endloop
  endfacet
  facet normal 0 0.683997 -0.729485
    outer loop
      vertex 71.1 4.24264 -14.2426
      vertex 69.9 4.17769 -14.3035
      vertex 69.9 4.24264 -14.2426
    endloop
  endfacet
  facet normal 0 0.812838 -0.58249
    outer loop
      vertex 77.1 4.98882 -13.3334
      vertex 75.9 4.81196 -13.5802
      vertex 75.9 4.98882 -13.3334
    endloop
  endfacet
  facet normal -2.23935e-05 0.812889 -0.582418
    outer loop
      vertex 77.1 4.76012 -13.6526
      vertex 75.9 4.81196 -13.5802
      vertex 77.1 4.98882 -13.3334
    endloop
  endfacet
  facet normal 0 0.813065 -0.582173
    outer loop
      vertex 75.9 4.81196 -13.5802
      vertex 77.1 4.76012 -13.6526
      vertex 75.9 4.76012 -13.6526
    endloop
  endfacet
  facet normal 0 0.812889 -0.582418
    outer loop
      vertex 49.8466 4.76012 -13.6526
      vertex 59.1 4.98882 -13.3334
      vertex 59.1 4.76012 -13.6526
    endloop
  endfacet
  facet normal 0 0.812889 -0.582418
    outer loop
      vertex 59.1 4.98882 -13.3334
      vertex 49.8466 4.76012 -13.6526
      vertex 49.8241 4.98882 -13.3334
    endloop
  endfacet
  facet normal 0 0.812838 -0.58249
    outer loop
      vertex 65.1 4.98882 -13.3334
      vertex 63.9 4.81196 -13.5802
      vertex 63.9 4.98882 -13.3334
    endloop
  endfacet
  facet normal -2.23935e-05 0.812889 -0.582418
    outer loop
      vertex 65.1 4.76012 -13.6526
      vertex 63.9 4.81196 -13.5802
      vertex 65.1 4.98882 -13.3334
    endloop
  endfacet
  facet normal 0 0.813065 -0.582173
    outer loop
      vertex 63.9 4.81196 -13.5802
      vertex 65.1 4.76012 -13.6526
      vertex 63.9 4.76012 -13.6526
    endloop
  endfacet
  facet normal 0 0.812838 -0.58249
    outer loop
      vertex 71.1 4.98882 -13.3334
      vertex 69.9 4.81196 -13.5802
      vertex 69.9 4.98882 -13.3334
    endloop
  endfacet
  facet normal -2.23935e-05 0.812889 -0.582418
    outer loop
      vertex 71.1 4.76012 -13.6526
      vertex 69.9 4.81196 -13.5802
      vertex 71.1 4.98882 -13.3334
    endloop
  endfacet
  facet normal 0 0.813065 -0.582173
    outer loop
      vertex 69.9 4.81196 -13.5802
      vertex 71.1 4.76012 -13.6526
      vertex 69.9 4.76012 -13.6526
    endloop
  endfacet
  facet normal 0 0.956952 -0.290247
    outer loop
      vertex 77.1 5.79555 -11.5529
      vertex 75.9 5.70741 -11.8435
      vertex 75.9 5.79555 -11.5529
    endloop
  endfacet
  facet normal 1.16402e-05 0.956938 -0.290291
    outer loop
      vertex 77.1 5.68158 -11.9286
      vertex 75.9 5.70741 -11.8435
      vertex 77.1 5.79555 -11.5529
    endloop
  endfacet
  facet normal 0 0.956893 -0.290441
    outer loop
      vertex 75.9 5.70741 -11.8435
      vertex 77.1 5.68158 -11.9286
      vertex 75.9 5.68158 -11.9286
    endloop
  endfacet
  facet normal 0 0.956938 -0.290291
    outer loop
      vertex 49.7559 5.68158 -11.9286
      vertex 59.1 5.79555 -11.5529
      vertex 59.1 5.68158 -11.9286
    endloop
  endfacet
  facet normal 0 0.956938 -0.290291
    outer loop
      vertex 59.1 5.79555 -11.5529
      vertex 49.7559 5.68158 -11.9286
      vertex 49.7446 5.79555 -11.5529
    endloop
  endfacet
  facet normal 0 0.956952 -0.290247
    outer loop
      vertex 65.1 5.79555 -11.5529
      vertex 63.9 5.70741 -11.8435
      vertex 63.9 5.79555 -11.5529
    endloop
  endfacet
  facet normal 1.16402e-05 0.956938 -0.290291
    outer loop
      vertex 65.1 5.68158 -11.9286
      vertex 63.9 5.70741 -11.8435
      vertex 65.1 5.79555 -11.5529
    endloop
  endfacet
  facet normal 0 0.956893 -0.290441
    outer loop
      vertex 63.9 5.70741 -11.8435
      vertex 65.1 5.68158 -11.9286
      vertex 63.9 5.68158 -11.9286
    endloop
  endfacet
  facet normal 0 0.956952 -0.290247
    outer loop
      vertex 71.1 5.79555 -11.5529
      vertex 69.9 5.70741 -11.8435
      vertex 69.9 5.79555 -11.5529
    endloop
  endfacet
  facet normal 1.16402e-05 0.956938 -0.290291
    outer loop
      vertex 71.1 5.68158 -11.9286
      vertex 69.9 5.70741 -11.8435
      vertex 71.1 5.79555 -11.5529
    endloop
  endfacet
  facet normal 0 0.956893 -0.290441
    outer loop
      vertex 69.9 5.70741 -11.8435
      vertex 71.1 5.68158 -11.9286
      vertex 69.9 5.68158 -11.9286
    endloop
  endfacet
  facet normal 0 0.773005 0.634399
    outer loop
      vertex 59.1 4.76012 -6.34743
      vertex 49.8712 4.51104 -6.04393
      vertex 59.1 4.51104 -6.04393
    endloop
  endfacet
  facet normal 0 0.773005 0.634399
    outer loop
      vertex 49.8712 4.51104 -6.04393
      vertex 59.1 4.76012 -6.34743
      vertex 49.8466 4.76012 -6.34743
    endloop
  endfacet
  facet normal 0 0.773013 0.63439
    outer loop
      vertex 77.1 4.51104 -6.04393
      vertex 75.9 4.70366 -6.27864
      vertex 75.9 4.51104 -6.04393
    endloop
  endfacet
  facet normal -2.96467e-06 0.773005 0.634399
    outer loop
      vertex 77.1 4.76012 -6.34743
      vertex 75.9 4.70366 -6.27864
      vertex 77.1 4.51104 -6.04393
    endloop
  endfacet
  facet normal 0 0.77298 0.63443
    outer loop
      vertex 75.9 4.70366 -6.27864
      vertex 77.1 4.76012 -6.34743
      vertex 75.9 4.76012 -6.34743
    endloop
  endfacet
  facet normal 0 0.773013 0.63439
    outer loop
      vertex 65.1 4.51104 -6.04393
      vertex 63.9 4.70366 -6.27864
      vertex 63.9 4.51104 -6.04393
    endloop
  endfacet
  facet normal -2.96467e-06 0.773005 0.634399
    outer loop
      vertex 65.1 4.76012 -6.34743
      vertex 63.9 4.70366 -6.27864
      vertex 65.1 4.51104 -6.04393
    endloop
  endfacet
  facet normal 0 0.77298 0.63443
    outer loop
      vertex 63.9 4.70366 -6.27864
      vertex 65.1 4.76012 -6.34743
      vertex 63.9 4.76012 -6.34743
    endloop
  endfacet
  facet normal 0 0.773013 0.63439
    outer loop
      vertex 71.1 4.51104 -6.04393
      vertex 69.9 4.70366 -6.27864
      vertex 69.9 4.51104 -6.04393
    endloop
  endfacet
  facet normal -2.96467e-06 0.773005 0.634399
    outer loop
      vertex 71.1 4.76012 -6.34743
      vertex 69.9 4.70366 -6.27864
      vertex 71.1 4.51104 -6.04393
    endloop
  endfacet
  facet normal 0 0.77298 0.63443
    outer loop
      vertex 69.9 4.70366 -6.27864
      vertex 71.1 4.76012 -6.34743
      vertex 69.9 4.76012 -6.34743
    endloop
  endfacet
  facet normal 0 0.986644 0.162893
    outer loop
      vertex 77.1 5.88471 -8.82946
      vertex 75.9 5.93417 -9.12904
      vertex 75.9 5.88471 -8.82946
    endloop
  endfacet
  facet normal -2.8059e-06 0.986642 0.162904
    outer loop
      vertex 77.1 5.94867 -9.21684
      vertex 75.9 5.93417 -9.12904
      vertex 77.1 5.88471 -8.82946
    endloop
  endfacet
  facet normal 0 0.986636 0.162941
    outer loop
      vertex 75.9 5.93417 -9.12904
      vertex 77.1 5.94867 -9.21684
      vertex 75.9 5.94867 -9.21684
    endloop
  endfacet
  facet normal 0 0.986642 0.162904
    outer loop
      vertex 59.1 5.94867 -9.21684
      vertex 49.7359 5.88471 -8.82946
      vertex 59.1 5.88471 -8.82946
    endloop
  endfacet
  facet normal 0 0.986642 0.162904
    outer loop
      vertex 49.7359 5.88471 -8.82946
      vertex 59.1 5.94867 -9.21684
      vertex 49.7296 5.94867 -9.21684
    endloop
  endfacet
  facet normal 0 0.986644 0.162893
    outer loop
      vertex 65.1 5.88471 -8.82946
      vertex 63.9 5.93417 -9.12904
      vertex 63.9 5.88471 -8.82946
    endloop
  endfacet
  facet normal -2.8059e-06 0.986642 0.162904
    outer loop
      vertex 65.1 5.94867 -9.21684
      vertex 63.9 5.93417 -9.12904
      vertex 65.1 5.88471 -8.82946
    endloop
  endfacet
  facet normal 0 0.986636 0.162941
    outer loop
      vertex 63.9 5.93417 -9.12904
      vertex 65.1 5.94867 -9.21684
      vertex 63.9 5.94867 -9.21684
    endloop
  endfacet
  facet normal 0 0.986644 0.162893
    outer loop
      vertex 71.1 5.88471 -8.82946
      vertex 69.9 5.93417 -9.12904
      vertex 69.9 5.88471 -8.82946
    endloop
  endfacet
  facet normal -2.8059e-06 0.986642 0.162904
    outer loop
      vertex 71.1 5.94867 -9.21684
      vertex 69.9 5.93417 -9.12904
      vertex 71.1 5.88471 -8.82946
    endloop
  endfacet
  facet normal 0 0.986636 0.162941
    outer loop
      vertex 69.9 5.93417 -9.12904
      vertex 71.1 5.94867 -9.21684
      vertex 69.9 5.94867 -9.21684
    endloop
  endfacet
  facet normal -4.083e-05 0.352245 -0.935908
    outer loop
      vertex 77.1 1.92864 -15.6816
      vertex 75.9 2.01193 -15.6502
      vertex 77.1 2.2961 -15.5433
    endloop
  endfacet
  facet normal 0 0.35276 -0.935714
    outer loop
      vertex 75.9 2.01193 -15.6502
      vertex 77.1 1.92864 -15.6816
      vertex 75.9 1.92864 -15.6816
    endloop
  endfacet
  facet normal 0 0.352094 -0.935965
    outer loop
      vertex 77.1 2.2961 -15.5433
      vertex 75.9 2.01193 -15.6502
      vertex 75.9 2.2961 -15.5433
    endloop
  endfacet
  facet normal 0 0.352245 -0.935908
    outer loop
      vertex 50.0369 1.92864 -15.6816
      vertex 59.1 2.2961 -15.5433
      vertex 59.1 1.92864 -15.6816
    endloop
  endfacet
  facet normal 0 0.352245 -0.935908
    outer loop
      vertex 59.1 2.2961 -15.5433
      vertex 50.0369 1.92864 -15.6816
      vertex 50.0248 2.2961 -15.5433
    endloop
  endfacet
  facet normal 0 0.35276 -0.935714
    outer loop
      vertex 63.9 2.01193 -15.6502
      vertex 65.1 1.92864 -15.6816
      vertex 63.9 1.92864 -15.6816
    endloop
  endfacet
  facet normal -4.083e-05 0.352245 -0.935908
    outer loop
      vertex 65.1 1.92864 -15.6816
      vertex 63.9 2.01193 -15.6502
      vertex 65.1 2.2961 -15.5433
    endloop
  endfacet
  facet normal 0 0.352094 -0.935965
    outer loop
      vertex 65.1 2.2961 -15.5433
      vertex 63.9 2.01193 -15.6502
      vertex 63.9 2.2961 -15.5433
    endloop
  endfacet
  facet normal -4.083e-05 0.352245 -0.935908
    outer loop
      vertex 71.1 1.92864 -15.6816
      vertex 69.9 2.01193 -15.6502
      vertex 71.1 2.2961 -15.5433
    endloop
  endfacet
  facet normal 0 0.35276 -0.935714
    outer loop
      vertex 69.9 2.01193 -15.6502
      vertex 71.1 1.92864 -15.6816
      vertex 69.9 1.92864 -15.6816
    endloop
  endfacet
  facet normal 0 0.352094 -0.935965
    outer loop
      vertex 71.1 2.2961 -15.5433
      vertex 69.9 2.01193 -15.6502
      vertex 69.9 2.2961 -15.5433
    endloop
  endfacet
  facet normal 0 -0.973891 -0.227017
    outer loop
      vertex 75.9 -5.8645 -11.2572
      vertex 77.1 -5.88471 -11.1705
      vertex 75.9 -5.88471 -11.1705
    endloop
  endfacet
  facet normal -0 -0.973875 -0.227084
    outer loop
      vertex 77.1 -5.79555 -11.5529
      vertex 75.9 -5.8645 -11.2572
      vertex 75.9 -5.79555 -11.5529
    endloop
  endfacet
  facet normal 3.96445e-06 -0.973879 -0.227069
    outer loop
      vertex 75.9 -5.8645 -11.2572
      vertex 77.1 -5.79555 -11.5529
      vertex 77.1 -5.88471 -11.1705
    endloop
  endfacet
  facet normal 0 -0.973879 -0.227069
    outer loop
      vertex 49.7446 -5.79555 -11.5529
      vertex 59.1 -5.88471 -11.1705
      vertex 49.7359 -5.88471 -11.1705
    endloop
  endfacet
  facet normal 0 -0.973879 -0.227069
    outer loop
      vertex 59.1 -5.88471 -11.1705
      vertex 49.7446 -5.79555 -11.5529
      vertex 59.1 -5.79555 -11.5529
    endloop
  endfacet
  facet normal 0 -0.973891 -0.227017
    outer loop
      vertex 63.9 -5.8645 -11.2572
      vertex 65.1 -5.88471 -11.1705
      vertex 63.9 -5.88471 -11.1705
    endloop
  endfacet
  facet normal -0 -0.973875 -0.227084
    outer loop
      vertex 65.1 -5.79555 -11.5529
      vertex 63.9 -5.8645 -11.2572
      vertex 63.9 -5.79555 -11.5529
    endloop
  endfacet
  facet normal 3.96445e-06 -0.973879 -0.227069
    outer loop
      vertex 63.9 -5.8645 -11.2572
      vertex 65.1 -5.79555 -11.5529
      vertex 65.1 -5.88471 -11.1705
    endloop
  endfacet
  facet normal 0 -0.973891 -0.227017
    outer loop
      vertex 69.9 -5.8645 -11.2572
      vertex 71.1 -5.88471 -11.1705
      vertex 69.9 -5.88471 -11.1705
    endloop
  endfacet
  facet normal -0 -0.973875 -0.227084
    outer loop
      vertex 71.1 -5.79555 -11.5529
      vertex 69.9 -5.8645 -11.2572
      vertex 69.9 -5.79555 -11.5529
    endloop
  endfacet
  facet normal 3.96445e-06 -0.973879 -0.227069
    outer loop
      vertex 69.9 -5.8645 -11.2572
      vertex 71.1 -5.79555 -11.5529
      vertex 71.1 -5.88471 -11.1705
    endloop
  endfacet
  facet normal 0 0.0979828 0.995188
    outer loop
      vertex 75.9 0.694589 -4.04261
      vertex 77.1 0.783156 -4.05133
      vertex 75.9 0.783156 -4.05133
    endloop
  endfacet
  facet normal -1.74635e-06 0.0980062 0.995186
    outer loop
      vertex 77.1 0.783156 -4.05133
      vertex 75.9 0.694589 -4.04261
      vertex 77.1 0.392418 -4.01285
    endloop
  endfacet
  facet normal -0 0.0980131 0.995185
    outer loop
      vertex 75.9 0.392418 -4.01285
      vertex 77.1 0.392418 -4.01285
      vertex 75.9 0.694589 -4.04261
    endloop
  endfacet
  facet normal 0 0.0980062 0.995186
    outer loop
      vertex 59.1 0.783156 -4.05133
      vertex 50.0872 0.392418 -4.01285
      vertex 59.1 0.392418 -4.01285
    endloop
  endfacet
  facet normal 0 0.0980062 0.995186
    outer loop
      vertex 50.0872 0.392418 -4.01285
      vertex 59.1 0.783156 -4.05133
      vertex 50.0744 0.783156 -4.05133
    endloop
  endfacet
  facet normal 0 0.0979828 0.995188
    outer loop
      vertex 63.9 0.694589 -4.04261
      vertex 65.1 0.783156 -4.05133
      vertex 63.9 0.783156 -4.05133
    endloop
  endfacet
  facet normal -1.74635e-06 0.0980062 0.995186
    outer loop
      vertex 65.1 0.783156 -4.05133
      vertex 63.9 0.694589 -4.04261
      vertex 65.1 0.392418 -4.01285
    endloop
  endfacet
  facet normal -0 0.0980131 0.995185
    outer loop
      vertex 63.9 0.392418 -4.01285
      vertex 65.1 0.392418 -4.01285
      vertex 63.9 0.694589 -4.04261
    endloop
  endfacet
  facet normal 0 0.0979828 0.995188
    outer loop
      vertex 69.9 0.694589 -4.04261
      vertex 71.1 0.783156 -4.05133
      vertex 69.9 0.783156 -4.05133
    endloop
  endfacet
  facet normal -1.74635e-06 0.0980062 0.995186
    outer loop
      vertex 71.1 0.783156 -4.05133
      vertex 69.9 0.694589 -4.04261
      vertex 71.1 0.392418 -4.01285
    endloop
  endfacet
  facet normal -0 0.0980131 0.995185
    outer loop
      vertex 69.9 0.392418 -4.01285
      vertex 71.1 0.392418 -4.01285
      vertex 69.9 0.694589 -4.04261
    endloop
  endfacet
  facet normal 0 -0.973875 0.227084
    outer loop
      vertex 75.9 -5.8645 -8.74279
      vertex 77.1 -5.79555 -8.44709
      vertex 75.9 -5.79555 -8.44709
    endloop
  endfacet
  facet normal 0 -0.973874 0.227091
    outer loop
      vertex 77.1 -5.88471 -8.82946
      vertex 75.9 -5.8645 -8.74279
      vertex 75.9 -5.88471 -8.82946
    endloop
  endfacet
  facet normal -4.25552e-07 -0.973875 0.227085
    outer loop
      vertex 75.9 -5.8645 -8.74279
      vertex 77.1 -5.88471 -8.82946
      vertex 77.1 -5.79555 -8.44709
    endloop
  endfacet
  facet normal 0 -0.973875 0.227085
    outer loop
      vertex 59.1 -5.88471 -8.82946
      vertex 49.7446 -5.79555 -8.44709
      vertex 49.7359 -5.88471 -8.82946
    endloop
  endfacet
  facet normal 0 -0.973875 0.227085
    outer loop
      vertex 49.7446 -5.79555 -8.44709
      vertex 59.1 -5.88471 -8.82946
      vertex 59.1 -5.79555 -8.44709
    endloop
  endfacet
  facet normal 0 -0.973875 0.227084
    outer loop
      vertex 63.9 -5.8645 -8.74279
      vertex 65.1 -5.79555 -8.44709
      vertex 63.9 -5.79555 -8.44709
    endloop
  endfacet
  facet normal 0 -0.973874 0.227091
    outer loop
      vertex 65.1 -5.88471 -8.82946
      vertex 63.9 -5.8645 -8.74279
      vertex 63.9 -5.88471 -8.82946
    endloop
  endfacet
  facet normal -4.25552e-07 -0.973875 0.227085
    outer loop
      vertex 63.9 -5.8645 -8.74279
      vertex 65.1 -5.88471 -8.82946
      vertex 65.1 -5.79555 -8.44709
    endloop
  endfacet
  facet normal 0 -0.973875 0.227084
    outer loop
      vertex 69.9 -5.8645 -8.74279
      vertex 71.1 -5.79555 -8.44709
      vertex 69.9 -5.79555 -8.44709
    endloop
  endfacet
  facet normal 0 -0.973874 0.227091
    outer loop
      vertex 71.1 -5.88471 -8.82946
      vertex 69.9 -5.8645 -8.74279
      vertex 69.9 -5.88471 -8.82946
    endloop
  endfacet
  facet normal -4.25552e-07 -0.973875 0.227085
    outer loop
      vertex 69.9 -5.8645 -8.74279
      vertex 71.1 -5.88471 -8.82946
      vertex 71.1 -5.79555 -8.44709
    endloop
  endfacet
  facet normal 0 -0.0980567 -0.995181
    outer loop
      vertex 59.1 -0.783156 -15.9487
      vertex 50.0872 -0.392418 -15.9872
      vertex 59.1 -0.392418 -15.9872
    endloop
  endfacet
  facet normal 0 -0.0980567 -0.995181
    outer loop
      vertex 50.0872 -0.392418 -15.9872
      vertex 59.1 -0.783156 -15.9487
      vertex 50.0744 -0.783156 -15.9487
    endloop
  endfacet
  facet normal 0 -0.0977602 -0.99521
    outer loop
      vertex 75.9 -0.694589 -15.9574
      vertex 77.1 -0.783156 -15.9487
      vertex 75.9 -0.783156 -15.9487
    endloop
  endfacet
  facet normal -2.20922e-05 -0.0980567 -0.995181
    outer loop
      vertex 77.1 -0.783156 -15.9487
      vertex 75.9 -0.694589 -15.9574
      vertex 77.1 -0.392418 -15.9872
    endloop
  endfacet
  facet normal 0 -0.0981435 -0.995172
    outer loop
      vertex 75.9 -0.392418 -15.9872
      vertex 77.1 -0.392418 -15.9872
      vertex 75.9 -0.694589 -15.9574
    endloop
  endfacet
  facet normal 0 -0.0977602 -0.99521
    outer loop
      vertex 63.9 -0.694589 -15.9574
      vertex 65.1 -0.783156 -15.9487
      vertex 63.9 -0.783156 -15.9487
    endloop
  endfacet
  facet normal -2.20922e-05 -0.0980567 -0.995181
    outer loop
      vertex 65.1 -0.783156 -15.9487
      vertex 63.9 -0.694589 -15.9574
      vertex 65.1 -0.392418 -15.9872
    endloop
  endfacet
  facet normal 0 -0.0981435 -0.995172
    outer loop
      vertex 63.9 -0.392418 -15.9872
      vertex 65.1 -0.392418 -15.9872
      vertex 63.9 -0.694589 -15.9574
    endloop
  endfacet
  facet normal 0 -0.0977602 -0.99521
    outer loop
      vertex 69.9 -0.694589 -15.9574
      vertex 71.1 -0.783156 -15.9487
      vertex 69.9 -0.783156 -15.9487
    endloop
  endfacet
  facet normal -2.20922e-05 -0.0980567 -0.995181
    outer loop
      vertex 71.1 -0.783156 -15.9487
      vertex 69.9 -0.694589 -15.9574
      vertex 71.1 -0.392418 -15.9872
    endloop
  endfacet
  facet normal 0 -0.0981435 -0.995172
    outer loop
      vertex 69.9 -0.392418 -15.9872
      vertex 71.1 -0.392418 -15.9872
      vertex 69.9 -0.694589 -15.9574
    endloop
  endfacet
  facet normal 0 0.227084 0.973875
    outer loop
      vertex 75.9 1.25721 -4.1355
      vertex 77.1 1.55291 -4.20445
      vertex 75.9 1.55291 -4.20445
    endloop
  endfacet
  facet normal -4.25552e-07 0.227085 0.973875
    outer loop
      vertex 77.1 1.55291 -4.20445
      vertex 75.9 1.25721 -4.1355
      vertex 77.1 1.17054 -4.11529
    endloop
  endfacet
  facet normal 0 0.227091 0.973874
    outer loop
      vertex 77.1 1.17054 -4.11529
      vertex 75.9 1.25721 -4.1355
      vertex 75.9 1.17054 -4.11529
    endloop
  endfacet
  facet normal 0 0.227085 0.973875
    outer loop
      vertex 59.1 1.55291 -4.20445
      vertex 50.0617 1.17054 -4.11529
      vertex 59.1 1.17054 -4.11529
    endloop
  endfacet
  facet normal 0 0.227085 0.973875
    outer loop
      vertex 50.0617 1.17054 -4.11529
      vertex 59.1 1.55291 -4.20445
      vertex 50.0492 1.55291 -4.20445
    endloop
  endfacet
  facet normal 0 0.227084 0.973875
    outer loop
      vertex 63.9 1.25721 -4.1355
      vertex 65.1 1.55291 -4.20445
      vertex 63.9 1.55291 -4.20445
    endloop
  endfacet
  facet normal -4.25552e-07 0.227085 0.973875
    outer loop
      vertex 65.1 1.55291 -4.20445
      vertex 63.9 1.25721 -4.1355
      vertex 65.1 1.17054 -4.11529
    endloop
  endfacet
  facet normal 0 0.227091 0.973874
    outer loop
      vertex 65.1 1.17054 -4.11529
      vertex 63.9 1.25721 -4.1355
      vertex 63.9 1.17054 -4.11529
    endloop
  endfacet
  facet normal 0 0.227084 0.973875
    outer loop
      vertex 69.9 1.25721 -4.1355
      vertex 71.1 1.55291 -4.20445
      vertex 69.9 1.55291 -4.20445
    endloop
  endfacet
  facet normal -4.25552e-07 0.227085 0.973875
    outer loop
      vertex 71.1 1.55291 -4.20445
      vertex 69.9 1.25721 -4.1355
      vertex 71.1 1.17054 -4.11529
    endloop
  endfacet
  facet normal 0 0.227091 0.973874
    outer loop
      vertex 71.1 1.17054 -4.11529
      vertex 69.9 1.25721 -4.1355
      vertex 69.9 1.17054 -4.11529
    endloop
  endfacet
  facet normal 0 0.973875 0.227084
    outer loop
      vertex 77.1 5.79555 -8.44709
      vertex 75.9 5.8645 -8.74279
      vertex 75.9 5.79555 -8.44709
    endloop
  endfacet
  facet normal -4.25552e-07 0.973875 0.227085
    outer loop
      vertex 77.1 5.88471 -8.82946
      vertex 75.9 5.8645 -8.74279
      vertex 77.1 5.79555 -8.44709
    endloop
  endfacet
  facet normal 0 0.973874 0.227091
    outer loop
      vertex 75.9 5.8645 -8.74279
      vertex 77.1 5.88471 -8.82946
      vertex 75.9 5.88471 -8.82946
    endloop
  endfacet
  facet normal 0 0.973875 0.227085
    outer loop
      vertex 59.1 5.88471 -8.82946
      vertex 49.7446 5.79555 -8.44709
      vertex 59.1 5.79555 -8.44709
    endloop
  endfacet
  facet normal 0 0.973875 0.227085
    outer loop
      vertex 49.7446 5.79555 -8.44709
      vertex 59.1 5.88471 -8.82946
      vertex 49.7359 5.88471 -8.82946
    endloop
  endfacet
  facet normal 0 0.973875 0.227084
    outer loop
      vertex 65.1 5.79555 -8.44709
      vertex 63.9 5.8645 -8.74279
      vertex 63.9 5.79555 -8.44709
    endloop
  endfacet
  facet normal -4.25552e-07 0.973875 0.227085
    outer loop
      vertex 65.1 5.88471 -8.82946
      vertex 63.9 5.8645 -8.74279
      vertex 65.1 5.79555 -8.44709
    endloop
  endfacet
  facet normal 0 0.973874 0.227091
    outer loop
      vertex 63.9 5.8645 -8.74279
      vertex 65.1 5.88471 -8.82946
      vertex 63.9 5.88471 -8.82946
    endloop
  endfacet
  facet normal 0 0.973875 0.227084
    outer loop
      vertex 71.1 5.79555 -8.44709
      vertex 69.9 5.8645 -8.74279
      vertex 69.9 5.79555 -8.44709
    endloop
  endfacet
  facet normal -4.25552e-07 0.973875 0.227085
    outer loop
      vertex 71.1 5.88471 -8.82946
      vertex 69.9 5.8645 -8.74279
      vertex 71.1 5.79555 -8.44709
    endloop
  endfacet
  facet normal 0 0.973874 0.227091
    outer loop
      vertex 69.9 5.8645 -8.74279
      vertex 71.1 5.88471 -8.82946
      vertex 69.9 5.88471 -8.82946
    endloop
  endfacet
  facet normal 0 -0.812846 0.582478
    outer loop
      vertex 59.1 -4.98882 -6.66658
      vertex 49.8466 -4.76012 -6.34743
      vertex 49.8241 -4.98882 -6.66658
    endloop
  endfacet
  facet normal 0 -0.812846 0.582478
    outer loop
      vertex 49.8466 -4.76012 -6.34743
      vertex 59.1 -4.98882 -6.66658
      vertex 59.1 -4.76012 -6.34743
    endloop
  endfacet
  facet normal 0 -0.812837 0.582492
    outer loop
      vertex 75.9 -4.81196 -6.41977
      vertex 77.1 -4.76012 -6.34743
      vertex 75.9 -4.76012 -6.34743
    endloop
  endfacet
  facet normal 0 -0.812849 0.582474
    outer loop
      vertex 77.1 -4.98882 -6.66658
      vertex 75.9 -4.81196 -6.41977
      vertex 75.9 -4.98882 -6.66658
    endloop
  endfacet
  facet normal 1.22676e-06 -0.812846 0.582478
    outer loop
      vertex 75.9 -4.81196 -6.41977
      vertex 77.1 -4.98882 -6.66658
      vertex 77.1 -4.76012 -6.34743
    endloop
  endfacet
  facet normal 0 -0.812837 0.582492
    outer loop
      vertex 63.9 -4.81196 -6.41977
      vertex 65.1 -4.76012 -6.34743
      vertex 63.9 -4.76012 -6.34743
    endloop
  endfacet
  facet normal 0 -0.812849 0.582474
    outer loop
      vertex 65.1 -4.98882 -6.66658
      vertex 63.9 -4.81196 -6.41977
      vertex 63.9 -4.98882 -6.66658
    endloop
  endfacet
  facet normal 1.22676e-06 -0.812846 0.582478
    outer loop
      vertex 63.9 -4.81196 -6.41977
      vertex 65.1 -4.98882 -6.66658
      vertex 65.1 -4.76012 -6.34743
    endloop
  endfacet
  facet normal 0 -0.812837 0.582492
    outer loop
      vertex 69.9 -4.81196 -6.41977
      vertex 71.1 -4.76012 -6.34743
      vertex 69.9 -4.76012 -6.34743
    endloop
  endfacet
  facet normal 0 -0.812849 0.582474
    outer loop
      vertex 71.1 -4.98882 -6.66658
      vertex 69.9 -4.81196 -6.41977
      vertex 69.9 -4.98882 -6.66658
    endloop
  endfacet
  facet normal 1.22676e-06 -0.812846 0.582478
    outer loop
      vertex 69.9 -4.81196 -6.41977
      vertex 71.1 -4.98882 -6.66658
      vertex 71.1 -4.76012 -6.34743
    endloop
  endfacet
  facet normal 0 -0.910864 0.412707
    outer loop
      vertex 59.1 -5.54328 -7.7039
      vertex 49.7855 -5.38124 -7.34627
      vertex 49.7695 -5.54328 -7.7039
    endloop
  endfacet
  facet normal 0 -0.910864 0.412707
    outer loop
      vertex 49.7855 -5.38124 -7.34627
      vertex 59.1 -5.54328 -7.7039
      vertex 59.1 -5.38124 -7.34627
    endloop
  endfacet
  facet normal 0 -0.910897 0.412634
    outer loop
      vertex 75.9 -5.41796 -7.42733
      vertex 77.1 -5.38124 -7.34627
      vertex 75.9 -5.38124 -7.34627
    endloop
  endfacet
  facet normal 0 -0.910854 0.412728
    outer loop
      vertex 77.1 -5.54328 -7.7039
      vertex 75.9 -5.41796 -7.42733
      vertex 75.9 -5.54328 -7.7039
    endloop
  endfacet
  facet normal -5.9191e-06 -0.910864 0.412707
    outer loop
      vertex 75.9 -5.41796 -7.42733
      vertex 77.1 -5.54328 -7.7039
      vertex 77.1 -5.38124 -7.34627
    endloop
  endfacet
  facet normal 0 -0.910897 0.412634
    outer loop
      vertex 63.9 -5.41796 -7.42733
      vertex 65.1 -5.38124 -7.34627
      vertex 63.9 -5.38124 -7.34627
    endloop
  endfacet
  facet normal 0 -0.910854 0.412728
    outer loop
      vertex 65.1 -5.54328 -7.7039
      vertex 63.9 -5.41796 -7.42733
      vertex 63.9 -5.54328 -7.7039
    endloop
  endfacet
  facet normal -5.9191e-06 -0.910864 0.412707
    outer loop
      vertex 63.9 -5.41796 -7.42733
      vertex 65.1 -5.54328 -7.7039
      vertex 65.1 -5.38124 -7.34627
    endloop
  endfacet
  facet normal 0 -0.910897 0.412634
    outer loop
      vertex 69.9 -5.41796 -7.42733
      vertex 71.1 -5.38124 -7.34627
      vertex 69.9 -5.38124 -7.34627
    endloop
  endfacet
  facet normal 0 -0.910854 0.412728
    outer loop
      vertex 71.1 -5.54328 -7.7039
      vertex 69.9 -5.41796 -7.42733
      vertex 69.9 -5.54328 -7.7039
    endloop
  endfacet
  facet normal -5.9191e-06 -0.910864 0.412707
    outer loop
      vertex 69.9 -5.41796 -7.42733
      vertex 71.1 -5.54328 -7.7039
      vertex 71.1 -5.38124 -7.34627
    endloop
  endfacet
  facet normal -2.96467e-06 0.634399 0.773005
    outer loop
      vertex 77.1 3.95607 -5.48896
      vertex 75.9 3.72136 -5.29634
      vertex 77.1 3.65257 -5.23988
    endloop
  endfacet
  facet normal 0 0.63439 0.773013
    outer loop
      vertex 75.9 3.72136 -5.29634
      vertex 77.1 3.95607 -5.48896
      vertex 75.9 3.95607 -5.48896
    endloop
  endfacet
  facet normal -0 0.63443 0.77298
    outer loop
      vertex 75.9 3.65257 -5.23988
      vertex 77.1 3.65257 -5.23988
      vertex 75.9 3.72136 -5.29634
    endloop
  endfacet
  facet normal 0 0.634399 0.773005
    outer loop
      vertex 59.1 3.95607 -5.48896
      vertex 49.9557 3.65257 -5.23988
      vertex 59.1 3.65257 -5.23988
    endloop
  endfacet
  facet normal 0 0.634399 0.773005
    outer loop
      vertex 49.9557 3.65257 -5.23988
      vertex 59.1 3.95607 -5.48896
      vertex 49.9258 3.95607 -5.48896
    endloop
  endfacet
  facet normal -2.96467e-06 0.634399 0.773005
    outer loop
      vertex 65.1 3.95607 -5.48896
      vertex 63.9 3.72136 -5.29634
      vertex 65.1 3.65257 -5.23988
    endloop
  endfacet
  facet normal 0 0.63439 0.773013
    outer loop
      vertex 63.9 3.72136 -5.29634
      vertex 65.1 3.95607 -5.48896
      vertex 63.9 3.95607 -5.48896
    endloop
  endfacet
  facet normal -0 0.63443 0.77298
    outer loop
      vertex 63.9 3.65257 -5.23988
      vertex 65.1 3.65257 -5.23988
      vertex 63.9 3.72136 -5.29634
    endloop
  endfacet
  facet normal -2.96467e-06 0.634399 0.773005
    outer loop
      vertex 71.1 3.95607 -5.48896
      vertex 69.9 3.72136 -5.29634
      vertex 71.1 3.65257 -5.23988
    endloop
  endfacet
  facet normal 0 0.63439 0.773013
    outer loop
      vertex 69.9 3.72136 -5.29634
      vertex 71.1 3.95607 -5.48896
      vertex 69.9 3.95607 -5.48896
    endloop
  endfacet
  facet normal -0 0.63443 0.77298
    outer loop
      vertex 69.9 3.65257 -5.23988
      vertex 71.1 3.65257 -5.23988
      vertex 69.9 3.72136 -5.29634
    endloop
  endfacet
  facet normal 0 -0.412834 -0.910806
    outer loop
      vertex 59.1 -2.65373 -15.3812
      vertex 50.0248 -2.2961 -15.5433
      vertex 59.1 -2.2961 -15.5433
    endloop
  endfacet
  facet normal 0 -0.412834 -0.910806
    outer loop
      vertex 50.0248 -2.2961 -15.5433
      vertex 59.1 -2.65373 -15.3812
      vertex 50.0131 -2.65373 -15.3812
    endloop
  endfacet
  facet normal 0 -0.41338 -0.910559
    outer loop
      vertex 75.9 -2.57267 -15.418
      vertex 77.1 -2.65373 -15.3812
      vertex 75.9 -2.65373 -15.3812
    endloop
  endfacet
  facet normal 4.44796e-05 -0.412834 -0.910806
    outer loop
      vertex 77.1 -2.65373 -15.3812
      vertex 75.9 -2.57267 -15.418
      vertex 77.1 -2.2961 -15.5433
    endloop
  endfacet
  facet normal 0 -0.412674 -0.910879
    outer loop
      vertex 75.9 -2.2961 -15.5433
      vertex 77.1 -2.2961 -15.5433
      vertex 75.9 -2.57267 -15.418
    endloop
  endfacet
  facet normal 0 -0.41338 -0.910559
    outer loop
      vertex 63.9 -2.57267 -15.418
      vertex 65.1 -2.65373 -15.3812
      vertex 63.9 -2.65373 -15.3812
    endloop
  endfacet
  facet normal 4.44796e-05 -0.412834 -0.910806
    outer loop
      vertex 65.1 -2.65373 -15.3812
      vertex 63.9 -2.57267 -15.418
      vertex 65.1 -2.2961 -15.5433
    endloop
  endfacet
  facet normal 0 -0.412674 -0.910879
    outer loop
      vertex 63.9 -2.2961 -15.5433
      vertex 65.1 -2.2961 -15.5433
      vertex 63.9 -2.57267 -15.418
    endloop
  endfacet
  facet normal 0 -0.41338 -0.910559
    outer loop
      vertex 69.9 -2.57267 -15.418
      vertex 71.1 -2.65373 -15.3812
      vertex 69.9 -2.65373 -15.3812
    endloop
  endfacet
  facet normal 4.44796e-05 -0.412834 -0.910806
    outer loop
      vertex 71.1 -2.65373 -15.3812
      vertex 69.9 -2.57267 -15.418
      vertex 71.1 -2.2961 -15.5433
    endloop
  endfacet
  facet normal 0 -0.412674 -0.910879
    outer loop
      vertex 69.9 -2.2961 -15.5433
      vertex 71.1 -2.2961 -15.5433
      vertex 69.9 -2.57267 -15.418
    endloop
  endfacet
  facet normal 0 -0.956945 0.29027
    outer loop
      vertex 59.1 -5.79555 -8.44709
      vertex 49.7559 -5.68158 -8.07136
      vertex 49.7446 -5.79555 -8.44709
    endloop
  endfacet
  facet normal 0 -0.956945 0.29027
    outer loop
      vertex 49.7559 -5.68158 -8.07136
      vertex 59.1 -5.79555 -8.44709
      vertex 59.1 -5.68158 -8.07136
    endloop
  endfacet
  facet normal 0 -0.956959 0.290223
    outer loop
      vertex 75.9 -5.70741 -8.15653
      vertex 77.1 -5.68158 -8.07136
      vertex 75.9 -5.68158 -8.07136
    endloop
  endfacet
  facet normal 0 -0.956941 0.290283
    outer loop
      vertex 77.1 -5.79555 -8.44709
      vertex 75.9 -5.70741 -8.15653
      vertex 75.9 -5.79555 -8.44709
    endloop
  endfacet
  facet normal -3.64843e-06 -0.956945 0.29027
    outer loop
      vertex 75.9 -5.70741 -8.15653
      vertex 77.1 -5.79555 -8.44709
      vertex 77.1 -5.68158 -8.07136
    endloop
  endfacet
  facet normal 0 -0.956959 0.290223
    outer loop
      vertex 63.9 -5.70741 -8.15653
      vertex 65.1 -5.68158 -8.07136
      vertex 63.9 -5.68158 -8.07136
    endloop
  endfacet
  facet normal 0 -0.956941 0.290283
    outer loop
      vertex 65.1 -5.79555 -8.44709
      vertex 63.9 -5.70741 -8.15653
      vertex 63.9 -5.79555 -8.44709
    endloop
  endfacet
  facet normal -3.64843e-06 -0.956945 0.29027
    outer loop
      vertex 63.9 -5.70741 -8.15653
      vertex 65.1 -5.79555 -8.44709
      vertex 65.1 -5.68158 -8.07136
    endloop
  endfacet
  facet normal 0 -0.956959 0.290223
    outer loop
      vertex 69.9 -5.70741 -8.15653
      vertex 71.1 -5.68158 -8.07136
      vertex 69.9 -5.68158 -8.07136
    endloop
  endfacet
  facet normal 0 -0.956941 0.290283
    outer loop
      vertex 71.1 -5.79555 -8.44709
      vertex 69.9 -5.70741 -8.15653
      vertex 69.9 -5.79555 -8.44709
    endloop
  endfacet
  facet normal -3.64843e-06 -0.956945 0.29027
    outer loop
      vertex 69.9 -5.70741 -8.15653
      vertex 71.1 -5.79555 -8.44709
      vertex 71.1 -5.68158 -8.07136
    endloop
  endfacet
  facet normal 0 -0.471406 0.881916
    outer loop
      vertex 50.0131 -2.65373 -4.61876
      vertex 59.1 -3 -4.80385
      vertex 59.1 -2.65373 -4.61876
    endloop
  endfacet
  facet normal 0 -0.471406 0.881916
    outer loop
      vertex 59.1 -3 -4.80385
      vertex 50.0131 -2.65373 -4.61876
      vertex 50.0018 -3 -4.80385
    endloop
  endfacet
  facet normal 0 -0.471419 0.881909
    outer loop
      vertex 75.9 -2.92151 -4.7619
      vertex 77.1 -2.65373 -4.61876
      vertex 75.9 -2.65373 -4.61876
    endloop
  endfacet
  facet normal -3.58179e-06 -0.471406 0.881916
    outer loop
      vertex 77.1 -2.65373 -4.61876
      vertex 75.9 -2.92151 -4.7619
      vertex 77.1 -3 -4.80385
    endloop
  endfacet
  facet normal 0 -0.471364 0.881939
    outer loop
      vertex 75.9 -3 -4.80385
      vertex 77.1 -3 -4.80385
      vertex 75.9 -2.92151 -4.7619
    endloop
  endfacet
  facet normal 0 -0.471419 0.881909
    outer loop
      vertex 63.9 -2.92151 -4.7619
      vertex 65.1 -2.65373 -4.61876
      vertex 63.9 -2.65373 -4.61876
    endloop
  endfacet
  facet normal -3.58179e-06 -0.471406 0.881916
    outer loop
      vertex 65.1 -2.65373 -4.61876
      vertex 63.9 -2.92151 -4.7619
      vertex 65.1 -3 -4.80385
    endloop
  endfacet
  facet normal 0 -0.471364 0.881939
    outer loop
      vertex 63.9 -3 -4.80385
      vertex 65.1 -3 -4.80385
      vertex 63.9 -2.92151 -4.7619
    endloop
  endfacet
  facet normal 0 -0.471419 0.881909
    outer loop
      vertex 69.9 -2.92151 -4.7619
      vertex 71.1 -2.65373 -4.61876
      vertex 69.9 -2.65373 -4.61876
    endloop
  endfacet
  facet normal -3.58179e-06 -0.471406 0.881916
    outer loop
      vertex 71.1 -2.65373 -4.61876
      vertex 69.9 -2.92151 -4.7619
      vertex 71.1 -3 -4.80385
    endloop
  endfacet
  facet normal 0 -0.471364 0.881939
    outer loop
      vertex 69.9 -3 -4.80385
      vertex 71.1 -3 -4.80385
      vertex 69.9 -2.92151 -4.7619
    endloop
  endfacet
  facet normal 0 -0.881916 0.471406
    outer loop
      vertex 59.1 -5.38124 -7.34627
      vertex 49.8037 -5.19615 -7
      vertex 49.7855 -5.38124 -7.34627
    endloop
  endfacet
  facet normal 0 -0.881916 0.471406
    outer loop
      vertex 49.8037 -5.19615 -7
      vertex 59.1 -5.38124 -7.34627
      vertex 59.1 -5.19615 -7
    endloop
  endfacet
  facet normal 0 -0.881939 0.471364
    outer loop
      vertex 75.9 -5.2381 -7.07849
      vertex 77.1 -5.19615 -7
      vertex 75.9 -5.19615 -7
    endloop
  endfacet
  facet normal 0 -0.881909 0.471419
    outer loop
      vertex 77.1 -5.38124 -7.34627
      vertex 75.9 -5.2381 -7.07849
      vertex 75.9 -5.38124 -7.34627
    endloop
  endfacet
  facet normal -3.58179e-06 -0.881916 0.471406
    outer loop
      vertex 75.9 -5.2381 -7.07849
      vertex 77.1 -5.38124 -7.34627
      vertex 77.1 -5.19615 -7
    endloop
  endfacet
  facet normal 0 -0.881939 0.471364
    outer loop
      vertex 63.9 -5.2381 -7.07849
      vertex 65.1 -5.19615 -7
      vertex 63.9 -5.19615 -7
    endloop
  endfacet
  facet normal 0 -0.881909 0.471419
    outer loop
      vertex 65.1 -5.38124 -7.34627
      vertex 63.9 -5.2381 -7.07849
      vertex 63.9 -5.38124 -7.34627
    endloop
  endfacet
  facet normal -3.58179e-06 -0.881916 0.471406
    outer loop
      vertex 63.9 -5.2381 -7.07849
      vertex 65.1 -5.38124 -7.34627
      vertex 65.1 -5.19615 -7
    endloop
  endfacet
  facet normal 0 -0.881939 0.471364
    outer loop
      vertex 69.9 -5.2381 -7.07849
      vertex 71.1 -5.19615 -7
      vertex 69.9 -5.19615 -7
    endloop
  endfacet
  facet normal 0 -0.881909 0.471419
    outer loop
      vertex 71.1 -5.38124 -7.34627
      vertex 69.9 -5.2381 -7.07849
      vertex 69.9 -5.38124 -7.34627
    endloop
  endfacet
  facet normal -3.58179e-06 -0.881916 0.471406
    outer loop
      vertex 69.9 -5.2381 -7.07849
      vertex 71.1 -5.38124 -7.34627
      vertex 71.1 -5.19615 -7
    endloop
  endfacet
  facet normal 0 0.528061 0.849207
    outer loop
      vertex 59.1 3.33342 -5.01118
      vertex 50.0018 3 -4.80385
      vertex 59.1 3 -4.80385
    endloop
  endfacet
  facet normal -1.15226e-08 0.528061 0.849206
    outer loop
      vertex 59.1 3.33342 -5.01118
      vertex 49.9927 3.2767 -4.97591
      vertex 50.0018 3 -4.80385
    endloop
  endfacet
  facet normal 0 0.52806 0.849207
    outer loop
      vertex 49.9927 3.2767 -4.97591
      vertex 59.1 3.33342 -5.01118
      vertex 49.9871 3.33342 -5.01118
    endloop
  endfacet
  facet normal 0 0.528064 0.849204
    outer loop
      vertex 75.9 3.07557 -4.85084
      vertex 77.1 3.33342 -5.01118
      vertex 75.9 3.33342 -5.01118
    endloop
  endfacet
  facet normal 1.10856e-06 0.528061 0.849207
    outer loop
      vertex 77.1 3.33342 -5.01118
      vertex 75.9 3.07557 -4.85084
      vertex 77.1 3 -4.80385
    endloop
  endfacet
  facet normal 0 0.528048 0.849215
    outer loop
      vertex 77.1 3 -4.80385
      vertex 75.9 3.07557 -4.85084
      vertex 75.9 3 -4.80385
    endloop
  endfacet
  facet normal 0 0.528064 0.849204
    outer loop
      vertex 63.9 3.07557 -4.85084
      vertex 65.1 3.33342 -5.01118
      vertex 63.9 3.33342 -5.01118
    endloop
  endfacet
  facet normal 1.10856e-06 0.528061 0.849207
    outer loop
      vertex 65.1 3.33342 -5.01118
      vertex 63.9 3.07557 -4.85084
      vertex 65.1 3 -4.80385
    endloop
  endfacet
  facet normal 0 0.528048 0.849215
    outer loop
      vertex 65.1 3 -4.80385
      vertex 63.9 3.07557 -4.85084
      vertex 63.9 3 -4.80385
    endloop
  endfacet
  facet normal 0 0.528064 0.849204
    outer loop
      vertex 69.9 3.07557 -4.85084
      vertex 71.1 3.33342 -5.01118
      vertex 69.9 3.33342 -5.01118
    endloop
  endfacet
  facet normal 1.10856e-06 0.528061 0.849207
    outer loop
      vertex 71.1 3.33342 -5.01118
      vertex 69.9 3.07557 -4.85084
      vertex 71.1 3 -4.80385
    endloop
  endfacet
  facet normal 0 0.528048 0.849215
    outer loop
      vertex 71.1 3 -4.80385
      vertex 69.9 3.07557 -4.85084
      vertex 69.9 3 -4.80385
    endloop
  endfacet
  facet normal 0 -0.773013 0.63439
    outer loop
      vertex 75.9 -4.70366 -6.27864
      vertex 77.1 -4.51104 -6.04393
      vertex 75.9 -4.51104 -6.04393
    endloop
  endfacet
  facet normal 0 -0.77298 0.63443
    outer loop
      vertex 77.1 -4.76012 -6.34743
      vertex 75.9 -4.70366 -6.27864
      vertex 75.9 -4.76012 -6.34743
    endloop
  endfacet
  facet normal -2.96467e-06 -0.773005 0.634399
    outer loop
      vertex 75.9 -4.70366 -6.27864
      vertex 77.1 -4.76012 -6.34743
      vertex 77.1 -4.51104 -6.04393
    endloop
  endfacet
  facet normal 0 -0.773005 0.634399
    outer loop
      vertex 59.1 -4.76012 -6.34743
      vertex 49.8712 -4.51104 -6.04393
      vertex 49.8466 -4.76012 -6.34743
    endloop
  endfacet
  facet normal 0 -0.773005 0.634399
    outer loop
      vertex 49.8712 -4.51104 -6.04393
      vertex 59.1 -4.76012 -6.34743
      vertex 59.1 -4.51104 -6.04393
    endloop
  endfacet
  facet normal 0 -0.773013 0.63439
    outer loop
      vertex 63.9 -4.70366 -6.27864
      vertex 65.1 -4.51104 -6.04393
      vertex 63.9 -4.51104 -6.04393
    endloop
  endfacet
  facet normal 0 -0.77298 0.63443
    outer loop
      vertex 65.1 -4.76012 -6.34743
      vertex 63.9 -4.70366 -6.27864
      vertex 63.9 -4.76012 -6.34743
    endloop
  endfacet
  facet normal -2.96467e-06 -0.773005 0.634399
    outer loop
      vertex 63.9 -4.70366 -6.27864
      vertex 65.1 -4.76012 -6.34743
      vertex 65.1 -4.51104 -6.04393
    endloop
  endfacet
  facet normal 0 -0.773013 0.63439
    outer loop
      vertex 69.9 -4.70366 -6.27864
      vertex 71.1 -4.51104 -6.04393
      vertex 69.9 -4.51104 -6.04393
    endloop
  endfacet
  facet normal 0 -0.77298 0.63443
    outer loop
      vertex 71.1 -4.76012 -6.34743
      vertex 69.9 -4.70366 -6.27864
      vertex 69.9 -4.76012 -6.34743
    endloop
  endfacet
  facet normal -2.96467e-06 -0.773005 0.634399
    outer loop
      vertex 69.9 -4.70366 -6.27864
      vertex 71.1 -4.76012 -6.34743
      vertex 71.1 -4.51104 -6.04393
    endloop
  endfacet
  facet normal -0.849197 -0.528076 0
    outer loop
      vertex -41.6566 -27.8341 -20
      vertex -43.3879 -25.05 0
      vertex -43.3879 -25.05 -20
    endloop
  endfacet
  facet normal -0.849197 -0.528076 0
    outer loop
      vertex -43.3879 -25.05 0
      vertex -41.6566 -27.8341 -20
      vertex -41.6566 -27.8341 0
    endloop
  endfacet
  facet normal 0.995189 0.0979763 0
    outer loop
      vertex 49.6714 6.53936 0
      vertex 49.7245 6 -10
      vertex 49.6714 6.53936 -20
    endloop
  endfacet
  facet normal 0.995089 0.098988 -5.50939e-05
    outer loop
      vertex 49.6714 6.53936 0
      vertex 49.7258 5.98715 -9.60758
      vertex 49.7245 6 -10
    endloop
  endfacet
  facet normal 0.995168 0.0981876 -8.64506e-06
    outer loop
      vertex 49.6714 6.53936 0
      vertex 49.7296 5.94867 -9.21684
      vertex 49.7258 5.98715 -9.60758
    endloop
  endfacet
  facet normal 0.995183 0.0980329 1.36813e-06
    outer loop
      vertex 49.6714 6.53936 0
      vertex 49.7359 5.88471 -8.82946
      vertex 49.7296 5.94867 -9.21684
    endloop
  endfacet
  facet normal 0.995251 0.0973418 5.31077e-05
    outer loop
      vertex 49.6714 6.53936 0
      vertex 49.7446 5.79555 -8.44709
      vertex 49.7359 5.88471 -8.82946
    endloop
  endfacet
  facet normal 0.995137 0.0985018 -5.0029e-05
    outer loop
      vertex 49.6714 6.53936 0
      vertex 49.7559 5.68158 -8.07136
      vertex 49.7446 5.79555 -8.44709
    endloop
  endfacet
  facet normal 0.995196 0.0979025 1.42814e-05
    outer loop
      vertex 49.6714 6.53936 0
      vertex 49.7695 5.54328 -7.7039
      vertex 49.7559 5.68158 -8.07136
    endloop
  endfacet
  facet normal 0.995166 0.0982074 -2.55253e-05
    outer loop
      vertex 49.6714 6.53936 0
      vertex 49.7855 5.38124 -7.34627
      vertex 49.7695 5.54328 -7.7039
    endloop
  endfacet
  facet normal 0.995196 0.0979015 2.31653e-05
    outer loop
      vertex 49.6714 6.53936 0
      vertex 49.8037 5.19615 -7
      vertex 49.7855 5.38124 -7.34627
    endloop
  endfacet
  facet normal 0.995192 0.0979446 1.48166e-05
    outer loop
      vertex 49.6714 6.53936 0
      vertex 49.8241 4.98882 -6.66658
      vertex 49.8037 5.19615 -7
    endloop
  endfacet
  facet normal 0.995193 0.0979335 1.74152e-05
    outer loop
      vertex 49.6714 6.53936 0
      vertex 49.8466 4.76012 -6.34743
      vertex 49.8241 4.98882 -6.66658
    endloop
  endfacet
  facet normal 0.995166 0.0982114 -6.1224e-05
    outer loop
      vertex 49.6714 6.53936 0
      vertex 49.8712 4.51104 -6.04393
      vertex 49.8466 4.76012 -6.34743
    endloop
  endfacet
  facet normal 0.995194 0.0979258 3.55325e-05
    outer loop
      vertex 49.6714 6.53936 0
      vertex 49.8976 4.24264 -5.75736
      vertex 49.8712 4.51104 -6.04393
    endloop
  endfacet
  facet normal 0.995191 0.0979545 2.39892e-05
    outer loop
      vertex 49.6714 6.53936 0
      vertex 49.9258 3.95607 -5.48896
      vertex 49.8976 4.24264 -5.75736
    endloop
  endfacet
  facet normal 0.995183 0.0980322 -1.29156e-05
    outer loop
      vertex 49.6714 6.53936 0
      vertex 49.9557 3.65257 -5.23988
      vertex 49.9258 3.95607 -5.48896
    endloop
  endfacet
  facet normal 0.995192 0.0979406 3.80321e-05
    outer loop
      vertex 49.6714 6.53936 0
      vertex 49.9871 3.33342 -5.01118
      vertex 49.9557 3.65257 -5.23988
    endloop
  endfacet
  facet normal 0.995186 0.0980039 -2.84621e-06
    outer loop
      vertex 49.9927 3.2767 0
      vertex 49.9871 3.33342 -5.01118
      vertex 49.6714 6.53936 0
    endloop
  endfacet
  facet normal 0.995161 0.0982529 0
    outer loop
      vertex 49.9871 3.33342 -5.01118
      vertex 49.9927 3.2767 0
      vertex 49.9927 3.2767 -4.97591
    endloop
  endfacet
  facet normal 0.995089 0.098988 5.50957e-05
    outer loop
      vertex 49.7258 5.98715 -10.3924
      vertex 49.6714 6.53936 -20
      vertex 49.7245 6 -10
    endloop
  endfacet
  facet normal 0.995168 0.0981876 8.64456e-06
    outer loop
      vertex 49.7296 5.94867 -10.7832
      vertex 49.6714 6.53936 -20
      vertex 49.7258 5.98715 -10.3924
    endloop
  endfacet
  facet normal 0.995183 0.0980329 -1.36821e-06
    outer loop
      vertex 49.7359 5.88471 -11.1705
      vertex 49.6714 6.53936 -20
      vertex 49.7296 5.94867 -10.7832
    endloop
  endfacet
  facet normal 0.995251 0.0973418 -5.31065e-05
    outer loop
      vertex 49.7446 5.79555 -11.5529
      vertex 49.6714 6.53936 -20
      vertex 49.7359 5.88471 -11.1705
    endloop
  endfacet
  facet normal 0.995137 0.0985018 5.00298e-05
    outer loop
      vertex 49.7559 5.68158 -11.9286
      vertex 49.6714 6.53936 -20
      vertex 49.7446 5.79555 -11.5529
    endloop
  endfacet
  facet normal 0.995196 0.0979025 -1.4281e-05
    outer loop
      vertex 49.7695 5.54328 -12.2961
      vertex 49.6714 6.53936 -20
      vertex 49.7559 5.68158 -11.9286
    endloop
  endfacet
  facet normal 0.995166 0.0982074 2.55258e-05
    outer loop
      vertex 49.7855 5.38124 -12.6537
      vertex 49.6714 6.53936 -20
      vertex 49.7695 5.54328 -12.2961
    endloop
  endfacet
  facet normal 0.995196 0.0979015 -2.31648e-05
    outer loop
      vertex 49.8037 5.19615 -13
      vertex 49.6714 6.53936 -20
      vertex 49.7855 5.38124 -12.6537
    endloop
  endfacet
  facet normal 0.995192 0.0979446 -1.48168e-05
    outer loop
      vertex 49.8241 4.98882 -13.3334
      vertex 49.6714 6.53936 -20
      vertex 49.8037 5.19615 -13
    endloop
  endfacet
  facet normal 0.995193 0.0979335 -1.74145e-05
    outer loop
      vertex 49.8466 4.76012 -13.6526
      vertex 49.6714 6.53936 -20
      vertex 49.8241 4.98882 -13.3334
    endloop
  endfacet
  facet normal 0.995166 0.0982114 6.12242e-05
    outer loop
      vertex 49.8712 4.51104 -13.9561
      vertex 49.6714 6.53936 -20
      vertex 49.8466 4.76012 -13.6526
    endloop
  endfacet
  facet normal 0.995194 0.0979258 -3.55349e-05
    outer loop
      vertex 49.8976 4.24264 -14.2426
      vertex 49.6714 6.53936 -20
      vertex 49.8712 4.51104 -13.9561
    endloop
  endfacet
  facet normal 0.995191 0.0979545 -2.3989e-05
    outer loop
      vertex 49.9258 3.95607 -14.511
      vertex 49.6714 6.53936 -20
      vertex 49.8976 4.24264 -14.2426
    endloop
  endfacet
  facet normal 0.995183 0.0980322 1.29153e-05
    outer loop
      vertex 49.9557 3.65257 -14.7601
      vertex 49.6714 6.53936 -20
      vertex 49.9258 3.95607 -14.511
    endloop
  endfacet
  facet normal 0.995192 0.0979406 -3.8032e-05
    outer loop
      vertex 49.9871 3.33342 -14.9888
      vertex 49.6714 6.53936 -20
      vertex 49.9557 3.65257 -14.7601
    endloop
  endfacet
  facet normal 0.995161 0.0982529 -0
    outer loop
      vertex 49.9927 3.2767 -20
      vertex 49.9871 3.33342 -14.9888
      vertex 49.9927 3.2767 -15.0241
    endloop
  endfacet
  facet normal 0.995186 0.0980039 2.8462e-06
    outer loop
      vertex 49.9871 3.33342 -14.9888
      vertex 49.9927 3.2767 -20
      vertex 49.6714 6.53936 -20
    endloop
  endfacet
  facet normal 0.99946 0.0328698 0
    outer loop
      vertex 50.0018 3 -15.1962
      vertex 49.9927 3.2767 -20
      vertex 49.9927 3.2767 -15.0241
    endloop
  endfacet
  facet normal 0.999468 0.0326237 -1.41922e-05
    outer loop
      vertex 50.0131 2.65373 -15.3812
      vertex 49.9927 3.2767 -20
      vertex 50.0018 3 -15.1962
    endloop
  endfacet
  facet normal 0.999465 0.0326997 -3.93615e-06
    outer loop
      vertex 50.0248 2.2961 -15.5433
      vertex 49.9927 3.2767 -20
      vertex 50.0131 2.65373 -15.3812
    endloop
  endfacet
  facet normal 0.999459 0.0328961 3.93375e-05
    outer loop
      vertex 50.0369 1.92864 -15.6816
      vertex 49.9927 3.2767 -20
      vertex 50.0248 2.2961 -15.5433
    endloop
  endfacet
  facet normal 0.999464 0.0327232 -1.47019e-05
    outer loop
      vertex 50.0492 1.55291 -15.7956
      vertex 49.9927 3.2767 -20
      vertex 50.0369 1.92864 -15.6816
    endloop
  endfacet
  facet normal 0.999466 0.0326809 -3.20798e-05
    outer loop
      vertex 50.0617 1.17054 -15.8847
      vertex 49.9927 3.2767 -20
      vertex 50.0492 1.55291 -15.7956
    endloop
  endfacet
  facet normal 0.999463 0.0327696 -1.91111e-05
    outer loop
      vertex 50.1 0 -20
      vertex 50.0617 1.17054 -15.8847
      vertex 50.0744 0.783156 -15.9487
    endloop
  endfacet
  facet normal 0.999464 0.0327423 -1.38407e-05
    outer loop
      vertex 50.1 0 -20
      vertex 50.0744 0.783156 -15.9487
      vertex 50.0872 0.392418 -15.9872
    endloop
  endfacet
  facet normal 0.999468 0.0326009 -0
    outer loop
      vertex 50.1 0 -20
      vertex 50.0872 0.392418 -15.9872
      vertex 50.1 0 -16
    endloop
  endfacet
  facet normal 0.999464 0.0327288 -7.51062e-06
    outer loop
      vertex 50.0617 1.17054 -15.8847
      vertex 50.1 0 -20
      vertex 49.9927 3.2767 -20
    endloop
  endfacet
  facet normal 0.99946 0.0328698 0
    outer loop
      vertex 49.9927 3.2767 0
      vertex 50.0018 3 -4.80385
      vertex 49.9927 3.2767 -4.97591
    endloop
  endfacet
  facet normal 0.999468 0.0326237 1.41919e-05
    outer loop
      vertex 49.9927 3.2767 0
      vertex 50.0131 2.65373 -4.61876
      vertex 50.0018 3 -4.80385
    endloop
  endfacet
  facet normal 0.999465 0.0326997 3.93627e-06
    outer loop
      vertex 49.9927 3.2767 0
      vertex 50.0248 2.2961 -4.45672
      vertex 50.0131 2.65373 -4.61876
    endloop
  endfacet
  facet normal 0.999459 0.0328961 -3.93373e-05
    outer loop
      vertex 49.9927 3.2767 0
      vertex 50.0369 1.92864 -4.31842
      vertex 50.0248 2.2961 -4.45672
    endloop
  endfacet
  facet normal 0.999464 0.0327232 1.47022e-05
    outer loop
      vertex 49.9927 3.2767 0
      vertex 50.0492 1.55291 -4.20445
      vertex 50.0369 1.92864 -4.31842
    endloop
  endfacet
  facet normal 0.999466 0.0326809 3.20776e-05
    outer loop
      vertex 49.9927 3.2767 0
      vertex 50.0617 1.17054 -4.11529
      vertex 50.0492 1.55291 -4.20445
    endloop
  endfacet
  facet normal 0.999464 0.0327288 7.51064e-06
    outer loop
      vertex 50.1 0 0
      vertex 50.0617 1.17054 -4.11529
      vertex 49.9927 3.2767 0
    endloop
  endfacet
  facet normal 0.999463 0.0327696 1.91105e-05
    outer loop
      vertex 50.0617 1.17054 -4.11529
      vertex 50.1 0 0
      vertex 50.0744 0.783156 -4.05133
    endloop
  endfacet
  facet normal 0.999464 0.0327423 1.38405e-05
    outer loop
      vertex 50.0744 0.783156 -4.05133
      vertex 50.1 0 0
      vertex 50.0872 0.392418 -4.01285
    endloop
  endfacet
  facet normal 0.999468 0.0326009 0
    outer loop
      vertex 50.0872 0.392418 -4.01285
      vertex 50.1 0 0
      vertex 50.1 0 -4
    endloop
  endfacet
  facet normal 0.986641 0.162912 0
    outer loop
      vertex 49.6714 6.53936 0
      vertex 49.1373 9.77402 -20
      vertex 49.1373 9.77402 0
    endloop
  endfacet
  facet normal 0.986641 0.162912 0
    outer loop
      vertex 49.1373 9.77402 -20
      vertex 49.6714 6.53936 0
      vertex 49.6714 6.53936 -20
    endloop
  endfacet
  facet normal 0.97388 0.227061 0
    outer loop
      vertex 49.1373 9.77402 0
      vertex 48.3929 12.9668 -20
      vertex 48.3929 12.9668 0
    endloop
  endfacet
  facet normal 0.97388 0.227061 0
    outer loop
      vertex 48.3929 12.9668 -20
      vertex 49.1373 9.77402 0
      vertex 49.1373 9.77402 -20
    endloop
  endfacet
  facet normal -0.634385 0.773017 0
    outer loop
      vertex -30.4989 39.747 -20
      vertex -33.0332 37.6672 0
      vertex -30.4989 39.747 0
    endloop
  endfacet
  facet normal -0.634385 0.773017 0
    outer loop
      vertex -33.0332 37.6672 0
      vertex -30.4989 39.747 -20
      vertex -33.0332 37.6672 -20
    endloop
  endfacet
  facet normal 0.471389 -0.881925 0
    outer loop
      vertex 22.1587 -44.9333 -20
      vertex 25.05 -43.3879 0
      vertex 22.1587 -44.9333 0
    endloop
  endfacet
  facet normal 0.471389 -0.881925 0
    outer loop
      vertex 25.05 -43.3879 0
      vertex 22.1587 -44.9333 -20
      vertex 25.05 -43.3879 -20
    endloop
  endfacet
  facet normal -0.986641 -0.162912 0
    outer loop
      vertex -49.1373 -9.77402 -20
      vertex -49.6714 -6.53936 0
      vertex -49.6714 -6.53936 -20
    endloop
  endfacet
  facet normal -0.986641 -0.162912 0
    outer loop
      vertex -49.6714 -6.53936 0
      vertex -49.1373 -9.77402 -20
      vertex -49.1373 -9.77402 0
    endloop
  endfacet
  facet normal -0.935909 -0.352243 0
    outer loop
      vertex -46.2864 -19.1724 -20
      vertex -47.4412 -16.1041 0
      vertex -47.4412 -16.1041 -20
    endloop
  endfacet
  facet normal -0.935909 -0.352243 0
    outer loop
      vertex -47.4412 -16.1041 0
      vertex -46.2864 -19.1724 -20
      vertex -46.2864 -19.1724 0
    endloop
  endfacet
  facet normal -0.227061 0.97388 0
    outer loop
      vertex -9.77402 49.1373 -20
      vertex -12.9668 48.3929 0
      vertex -9.77402 49.1373 0
    endloop
  endfacet
  facet normal -0.227061 0.97388 0
    outer loop
      vertex -12.9668 48.3929 0
      vertex -9.77402 49.1373 -20
      vertex -12.9668 48.3929 -20
    endloop
  endfacet
  facet normal 0.986641 -0.162912 0
    outer loop
      vertex 49.1373 -9.77402 0
      vertex 49.6714 -6.53936 -20
      vertex 49.6714 -6.53936 0
    endloop
  endfacet
  facet normal 0.986641 -0.162912 0
    outer loop
      vertex 49.6714 -6.53936 -20
      vertex 49.1373 -9.77402 0
      vertex 49.1373 -9.77402 -20
    endloop
  endfacet
  facet normal 0.935909 0.352243 0
    outer loop
      vertex 47.4412 16.1041 0
      vertex 46.2864 19.1724 -20
      vertex 46.2864 19.1724 0
    endloop
  endfacet
  facet normal 0.935909 0.352243 0
    outer loop
      vertex 46.2864 19.1724 -20
      vertex 47.4412 16.1041 0
      vertex 47.4412 16.1041 -20
    endloop
  endfacet
  facet normal -0.0327288 0.999464 0
    outer loop
      vertex 0 50.1 -20
      vertex -3.2767 49.9927 0
      vertex 0 50.1 0
    endloop
  endfacet
  facet normal -0.0327288 0.999464 0
    outer loop
      vertex -3.2767 49.9927 0
      vertex 0 50.1 -20
      vertex -3.2767 49.9927 -20
    endloop
  endfacet
  facet normal -0.582484 -0.812842 0
    outer loop
      vertex -30.4989 -39.747 -20
      vertex -27.8341 -41.6566 0
      vertex -30.4989 -39.747 0
    endloop
  endfacet
  facet normal -0.582484 -0.812842 -0
    outer loop
      vertex -27.8341 -41.6566 0
      vertex -30.4989 -39.747 -20
      vertex -27.8341 -41.6566 -20
    endloop
  endfacet
  facet normal 0.0980039 0.995186 -0
    outer loop
      vertex 6.53936 49.6714 -20
      vertex 3.2767 49.9927 0
      vertex 6.53936 49.6714 0
    endloop
  endfacet
  facet normal 0.0980039 0.995186 0
    outer loop
      vertex 3.2767 49.9927 0
      vertex 6.53936 49.6714 -20
      vertex 3.2767 49.9927 -20
    endloop
  endfacet
  facet normal 0.910861 0.412713 0
    outer loop
      vertex 46.2864 19.1724 0
      vertex 44.9333 22.1587 -20
      vertex 44.9333 22.1587 0
    endloop
  endfacet
  facet normal 0.910861 0.412713 0
    outer loop
      vertex 44.9333 22.1587 -20
      vertex 46.2864 19.1724 0
      vertex 46.2864 19.1724 -20
    endloop
  endfacet
  facet normal 0.910861 -0.412713 0
    outer loop
      vertex 44.9333 -22.1587 0
      vertex 46.2864 -19.1724 -20
      vertex 46.2864 -19.1724 0
    endloop
  endfacet
  facet normal 0.910861 -0.412713 0
    outer loop
      vertex 46.2864 -19.1724 -20
      vertex 44.9333 -22.1587 0
      vertex 44.9333 -22.1587 -20
    endloop
  endfacet
  facet normal 0.97388 -0.227061 0
    outer loop
      vertex 48.3929 -12.9668 0
      vertex 49.1373 -9.77402 -20
      vertex 49.1373 -9.77402 0
    endloop
  endfacet
  facet normal 0.97388 -0.227061 0
    outer loop
      vertex 49.1373 -9.77402 -20
      vertex 48.3929 -12.9668 0
      vertex 48.3929 -12.9668 -20
    endloop
  endfacet
  facet normal 0.634385 0.773017 -0
    outer loop
      vertex 33.0332 37.6672 -20
      vertex 30.4989 39.747 0
      vertex 33.0332 37.6672 0
    endloop
  endfacet
  facet normal 0.634385 0.773017 0
    outer loop
      vertex 30.4989 39.747 0
      vertex 33.0332 37.6672 -20
      vertex 30.4989 39.747 -20
    endloop
  endfacet
  facet normal -0.412713 0.910861 0
    outer loop
      vertex -19.1724 46.2864 -20
      vertex -22.1587 44.9333 0
      vertex -19.1724 46.2864 0
    endloop
  endfacet
  facet normal -0.412713 0.910861 0
    outer loop
      vertex -22.1587 44.9333 0
      vertex -19.1724 46.2864 -20
      vertex -22.1587 44.9333 -20
    endloop
  endfacet
  facet normal 0.352243 -0.935909 0
    outer loop
      vertex 16.1041 -47.4412 -20
      vertex 19.1724 -46.2864 0
      vertex 16.1041 -47.4412 0
    endloop
  endfacet
  facet normal 0.352243 -0.935909 0
    outer loop
      vertex 19.1724 -46.2864 0
      vertex 16.1041 -47.4412 -20
      vertex 19.1724 -46.2864 -20
    endloop
  endfacet
  facet normal -0.352243 0.935909 0
    outer loop
      vertex -16.1041 47.4412 -20
      vertex -19.1724 46.2864 0
      vertex -16.1041 47.4412 0
    endloop
  endfacet
  facet normal -0.352243 0.935909 0
    outer loop
      vertex -19.1724 46.2864 0
      vertex -16.1041 47.4412 -20
      vertex -19.1724 46.2864 -20
    endloop
  endfacet
  facet normal 0.812842 0.582484 0
    outer loop
      vertex 41.6566 27.8341 0
      vertex 39.747 30.4989 -20
      vertex 39.747 30.4989 0
    endloop
  endfacet
  facet normal 0.812842 0.582484 0
    outer loop
      vertex 39.747 30.4989 -20
      vertex 41.6566 27.8341 0
      vertex 41.6566 27.8341 -20
    endloop
  endfacet
  facet normal 0.412713 0.910861 -0
    outer loop
      vertex 22.1587 44.9333 -20
      vertex 19.1724 46.2864 0
      vertex 22.1587 44.9333 0
    endloop
  endfacet
  facet normal 0.412713 0.910861 0
    outer loop
      vertex 19.1724 46.2864 0
      vertex 22.1587 44.9333 -20
      vertex 19.1724 46.2864 -20
    endloop
  endfacet
  facet normal 0.956939 0.290288 0
    outer loop
      vertex 48.3929 12.9668 0
      vertex 47.4412 16.1041 -20
      vertex 47.4412 16.1041 0
    endloop
  endfacet
  facet normal 0.956939 0.290288 0
    outer loop
      vertex 47.4412 16.1041 -20
      vertex 48.3929 12.9668 0
      vertex 48.3929 12.9668 -20
    endloop
  endfacet
  facet normal -0.683608 0.729849 0
    outer loop
      vertex -33.0332 37.6672 -20
      vertex -35.426 35.426 0
      vertex -33.0332 37.6672 0
    endloop
  endfacet
  facet normal -0.683608 0.729849 0
    outer loop
      vertex -35.426 35.426 0
      vertex -33.0332 37.6672 -20
      vertex -35.426 35.426 -20
    endloop
  endfacet
  facet normal -0.97388 0.227061 0
    outer loop
      vertex -49.1373 9.77402 -20
      vertex -48.3929 12.9668 0
      vertex -48.3929 12.9668 -20
    endloop
  endfacet
  facet normal -0.97388 0.227061 0
    outer loop
      vertex -48.3929 12.9668 0
      vertex -49.1373 9.77402 -20
      vertex -49.1373 9.77402 0
    endloop
  endfacet
  facet normal -0.849197 0.528076 0
    outer loop
      vertex -43.3879 25.05 -20
      vertex -41.6566 27.8341 0
      vertex -41.6566 27.8341 -20
    endloop
  endfacet
  facet normal -0.849197 0.528076 0
    outer loop
      vertex -41.6566 27.8341 0
      vertex -43.3879 25.05 -20
      vertex -43.3879 25.05 0
    endloop
  endfacet
  facet normal -0.471389 0.881925 0
    outer loop
      vertex -22.1587 44.9333 -20
      vertex -25.05 43.3879 0
      vertex -22.1587 44.9333 0
    endloop
  endfacet
  facet normal -0.471389 0.881925 0
    outer loop
      vertex -25.05 43.3879 0
      vertex -22.1587 44.9333 -20
      vertex -25.05 43.3879 -20
    endloop
  endfacet
  facet normal -0.352243 -0.935909 0
    outer loop
      vertex -19.1724 -46.2864 -20
      vertex -16.1041 -47.4412 0
      vertex -19.1724 -46.2864 0
    endloop
  endfacet
  facet normal -0.352243 -0.935909 -0
    outer loop
      vertex -16.1041 -47.4412 0
      vertex -19.1724 -46.2864 -20
      vertex -16.1041 -47.4412 -20
    endloop
  endfacet
  facet normal 0.528076 0.849197 -0
    outer loop
      vertex 27.8341 41.6566 -20
      vertex 25.05 43.3879 0
      vertex 27.8341 41.6566 0
    endloop
  endfacet
  facet normal 0.528076 0.849197 0
    outer loop
      vertex 25.05 43.3879 0
      vertex 27.8341 41.6566 -20
      vertex 25.05 43.3879 -20
    endloop
  endfacet
  facet normal 0.582484 0.812842 -0
    outer loop
      vertex 30.4989 39.747 -20
      vertex 27.8341 41.6566 0
      vertex 30.4989 39.747 0
    endloop
  endfacet
  facet normal 0.582484 0.812842 0
    outer loop
      vertex 27.8341 41.6566 0
      vertex 30.4989 39.747 -20
      vertex 27.8341 41.6566 -20
    endloop
  endfacet
  facet normal 0.881925 0.471389 0
    outer loop
      vertex 44.9333 22.1587 0
      vertex 43.3879 25.05 -20
      vertex 43.3879 25.05 0
    endloop
  endfacet
  facet normal 0.881925 0.471389 0
    outer loop
      vertex 43.3879 25.05 -20
      vertex 44.9333 22.1587 0
      vertex 44.9333 22.1587 -20
    endloop
  endfacet
  facet normal -0.729849 -0.683608 0
    outer loop
      vertex -35.426 -35.426 -20
      vertex -37.6672 -33.0332 0
      vertex -37.6672 -33.0332 -20
    endloop
  endfacet
  facet normal -0.729849 -0.683608 0
    outer loop
      vertex -37.6672 -33.0332 0
      vertex -35.426 -35.426 -20
      vertex -35.426 -35.426 0
    endloop
  endfacet
  facet normal 0.683608 0.729849 -0
    outer loop
      vertex 35.426 35.426 -20
      vertex 33.0332 37.6672 0
      vertex 35.426 35.426 0
    endloop
  endfacet
  facet normal 0.683608 0.729849 0
    outer loop
      vertex 33.0332 37.6672 0
      vertex 35.426 35.426 -20
      vertex 33.0332 37.6672 -20
    endloop
  endfacet
  facet normal -0.910861 -0.412713 0
    outer loop
      vertex -44.9333 -22.1587 -20
      vertex -46.2864 -19.1724 0
      vertex -46.2864 -19.1724 -20
    endloop
  endfacet
  facet normal -0.910861 -0.412713 0
    outer loop
      vertex -46.2864 -19.1724 0
      vertex -44.9333 -22.1587 -20
      vertex -44.9333 -22.1587 0
    endloop
  endfacet
  facet normal 0.352243 0.935909 -0
    outer loop
      vertex 19.1724 46.2864 -20
      vertex 16.1041 47.4412 0
      vertex 19.1724 46.2864 0
    endloop
  endfacet
  facet normal 0.352243 0.935909 0
    outer loop
      vertex 16.1041 47.4412 0
      vertex 19.1724 46.2864 -20
      vertex 16.1041 47.4412 -20
    endloop
  endfacet
  facet normal -0.528076 0.849197 0
    outer loop
      vertex -25.05 43.3879 -20
      vertex -27.8341 41.6566 0
      vertex -25.05 43.3879 0
    endloop
  endfacet
  facet normal -0.528076 0.849197 0
    outer loop
      vertex -27.8341 41.6566 0
      vertex -25.05 43.3879 -20
      vertex -27.8341 41.6566 -20
    endloop
  endfacet
  facet normal 0.162912 0.986641 -0
    outer loop
      vertex 9.77402 49.1373 -20
      vertex 6.53936 49.6714 0
      vertex 9.77402 49.1373 0
    endloop
  endfacet
  facet normal 0.162912 0.986641 0
    outer loop
      vertex 6.53936 49.6714 0
      vertex 9.77402 49.1373 -20
      vertex 6.53936 49.6714 -20
    endloop
  endfacet
  facet normal 0.999468 -0.0326009 0
    outer loop
      vertex 50.1 0 0
      vertex 50.0872 -0.392418 -4.01285
      vertex 50.1 0 -4
    endloop
  endfacet
  facet normal 0.999464 -0.0327423 1.38405e-05
    outer loop
      vertex 50.1 0 0
      vertex 50.0744 -0.783156 -4.05133
      vertex 50.0872 -0.392418 -4.01285
    endloop
  endfacet
  facet normal 0.999463 -0.0327696 1.91105e-05
    outer loop
      vertex 50.1 0 0
      vertex 50.0617 -1.17054 -4.11529
      vertex 50.0744 -0.783156 -4.05133
    endloop
  endfacet
  facet normal 0.999464 -0.0327288 7.51064e-06
    outer loop
      vertex 49.9927 -3.2767 0
      vertex 50.0617 -1.17054 -4.11529
      vertex 50.1 0 0
    endloop
  endfacet
  facet normal 0.999466 -0.0326809 3.20776e-05
    outer loop
      vertex 50.0617 -1.17054 -4.11529
      vertex 49.9927 -3.2767 0
      vertex 50.0492 -1.55291 -4.20445
    endloop
  endfacet
  facet normal 0.999464 -0.0327232 1.47022e-05
    outer loop
      vertex 50.0492 -1.55291 -4.20445
      vertex 49.9927 -3.2767 0
      vertex 50.0369 -1.92864 -4.31842
    endloop
  endfacet
  facet normal 0.999459 -0.0328961 -3.93373e-05
    outer loop
      vertex 50.0369 -1.92864 -4.31842
      vertex 49.9927 -3.2767 0
      vertex 50.0248 -2.2961 -4.45672
    endloop
  endfacet
  facet normal 0.999465 -0.0326997 3.93627e-06
    outer loop
      vertex 50.0248 -2.2961 -4.45672
      vertex 49.9927 -3.2767 0
      vertex 50.0131 -2.65373 -4.61876
    endloop
  endfacet
  facet normal 0.999468 -0.0326237 1.41919e-05
    outer loop
      vertex 50.0131 -2.65373 -4.61876
      vertex 49.9927 -3.2767 0
      vertex 50.0018 -3 -4.80385
    endloop
  endfacet
  facet normal 0.99946 -0.0328698 0
    outer loop
      vertex 50.0018 -3 -4.80385
      vertex 49.9927 -3.2767 0
      vertex 49.9927 -3.2767 -4.97591
    endloop
  endfacet
  facet normal 0.999468 -0.0326009 0
    outer loop
      vertex 50.0872 -0.392418 -15.9872
      vertex 50.1 0 -20
      vertex 50.1 0 -16
    endloop
  endfacet
  facet normal 0.999464 -0.0327423 -1.38407e-05
    outer loop
      vertex 50.0744 -0.783156 -15.9487
      vertex 50.1 0 -20
      vertex 50.0872 -0.392418 -15.9872
    endloop
  endfacet
  facet normal 0.999463 -0.0327696 -1.91111e-05
    outer loop
      vertex 50.0617 -1.17054 -15.8847
      vertex 50.1 0 -20
      vertex 50.0744 -0.783156 -15.9487
    endloop
  endfacet
  facet normal 0.999466 -0.0326809 -3.20798e-05
    outer loop
      vertex 49.9927 -3.2767 -20
      vertex 50.0617 -1.17054 -15.8847
      vertex 50.0492 -1.55291 -15.7956
    endloop
  endfacet
  facet normal 0.999464 -0.0327232 -1.47019e-05
    outer loop
      vertex 49.9927 -3.2767 -20
      vertex 50.0492 -1.55291 -15.7956
      vertex 50.0369 -1.92864 -15.6816
    endloop
  endfacet
  facet normal 0.999459 -0.0328961 3.93375e-05
    outer loop
      vertex 49.9927 -3.2767 -20
      vertex 50.0369 -1.92864 -15.6816
      vertex 50.0248 -2.2961 -15.5433
    endloop
  endfacet
  facet normal 0.999465 -0.0326997 -3.93615e-06
    outer loop
      vertex 49.9927 -3.2767 -20
      vertex 50.0248 -2.2961 -15.5433
      vertex 50.0131 -2.65373 -15.3812
    endloop
  endfacet
  facet normal 0.999468 -0.0326237 -1.41922e-05
    outer loop
      vertex 49.9927 -3.2767 -20
      vertex 50.0131 -2.65373 -15.3812
      vertex 50.0018 -3 -15.1962
    endloop
  endfacet
  facet normal 0.99946 -0.0328698 0
    outer loop
      vertex 49.9927 -3.2767 -20
      vertex 50.0018 -3 -15.1962
      vertex 49.9927 -3.2767 -15.0241
    endloop
  endfacet
  facet normal 0.999464 -0.0327288 -7.51062e-06
    outer loop
      vertex 50.0617 -1.17054 -15.8847
      vertex 49.9927 -3.2767 -20
      vertex 50.1 0 -20
    endloop
  endfacet
  facet normal 0.0327288 0.999464 -0
    outer loop
      vertex 3.2767 49.9927 -20
      vertex 0 50.1 0
      vertex 3.2767 49.9927 0
    endloop
  endfacet
  facet normal 0.0327288 0.999464 0
    outer loop
      vertex 0 50.1 0
      vertex 3.2767 49.9927 -20
      vertex 0 50.1 -20
    endloop
  endfacet
  facet normal 0.935909 -0.352243 0
    outer loop
      vertex 46.2864 -19.1724 0
      vertex 47.4412 -16.1041 -20
      vertex 47.4412 -16.1041 0
    endloop
  endfacet
  facet normal 0.935909 -0.352243 0
    outer loop
      vertex 47.4412 -16.1041 -20
      vertex 46.2864 -19.1724 0
      vertex 46.2864 -19.1724 -20
    endloop
  endfacet
  facet normal -0.999464 -0.0327288 0
    outer loop
      vertex -49.9927 -3.2767 -20
      vertex -50.1 0 0
      vertex -50.1 0 -20
    endloop
  endfacet
  facet normal -0.999464 -0.0327288 0
    outer loop
      vertex -50.1 0 0
      vertex -49.9927 -3.2767 -20
      vertex -49.9927 -3.2767 0
    endloop
  endfacet
  facet normal 0.995161 -0.0982529 0
    outer loop
      vertex 49.9927 -3.2767 0
      vertex 49.9871 -3.33342 -5.01118
      vertex 49.9927 -3.2767 -4.97591
    endloop
  endfacet
  facet normal 0.995186 -0.0980039 -2.84621e-06
    outer loop
      vertex 49.6714 -6.53936 0
      vertex 49.9871 -3.33342 -5.01118
      vertex 49.9927 -3.2767 0
    endloop
  endfacet
  facet normal 0.995192 -0.0979406 3.80321e-05
    outer loop
      vertex 49.9871 -3.33342 -5.01118
      vertex 49.6714 -6.53936 0
      vertex 49.9557 -3.65257 -5.23988
    endloop
  endfacet
  facet normal 0.995183 -0.0980322 -1.29156e-05
    outer loop
      vertex 49.9557 -3.65257 -5.23988
      vertex 49.6714 -6.53936 0
      vertex 49.9258 -3.95607 -5.48896
    endloop
  endfacet
  facet normal 0.995191 -0.0979545 2.39892e-05
    outer loop
      vertex 49.9258 -3.95607 -5.48896
      vertex 49.6714 -6.53936 0
      vertex 49.8976 -4.24264 -5.75736
    endloop
  endfacet
  facet normal 0.995194 -0.0979258 3.55325e-05
    outer loop
      vertex 49.8976 -4.24264 -5.75736
      vertex 49.6714 -6.53936 0
      vertex 49.8712 -4.51104 -6.04393
    endloop
  endfacet
  facet normal 0.995166 -0.0982114 -6.1224e-05
    outer loop
      vertex 49.8712 -4.51104 -6.04393
      vertex 49.6714 -6.53936 0
      vertex 49.8466 -4.76012 -6.34743
    endloop
  endfacet
  facet normal 0.995193 -0.0979335 1.74152e-05
    outer loop
      vertex 49.8466 -4.76012 -6.34743
      vertex 49.6714 -6.53936 0
      vertex 49.8241 -4.98882 -6.66658
    endloop
  endfacet
  facet normal 0.995192 -0.0979446 1.48166e-05
    outer loop
      vertex 49.8241 -4.98882 -6.66658
      vertex 49.6714 -6.53936 0
      vertex 49.8037 -5.19615 -7
    endloop
  endfacet
  facet normal 0.995196 -0.0979015 2.31653e-05
    outer loop
      vertex 49.8037 -5.19615 -7
      vertex 49.6714 -6.53936 0
      vertex 49.7855 -5.38124 -7.34627
    endloop
  endfacet
  facet normal 0.995166 -0.0982074 -2.55253e-05
    outer loop
      vertex 49.7855 -5.38124 -7.34627
      vertex 49.6714 -6.53936 0
      vertex 49.7695 -5.54328 -7.7039
    endloop
  endfacet
  facet normal 0.995196 -0.0979025 1.42814e-05
    outer loop
      vertex 49.7695 -5.54328 -7.7039
      vertex 49.6714 -6.53936 0
      vertex 49.7559 -5.68158 -8.07136
    endloop
  endfacet
  facet normal 0.995089 -0.098988 -5.50939e-05
    outer loop
      vertex 49.7258 -5.98715 -9.60758
      vertex 49.6714 -6.53936 0
      vertex 49.7245 -6 -10
    endloop
  endfacet
  facet normal 0.995168 -0.0981876 -8.64506e-06
    outer loop
      vertex 49.7296 -5.94867 -9.21684
      vertex 49.6714 -6.53936 0
      vertex 49.7258 -5.98715 -9.60758
    endloop
  endfacet
  facet normal 0.995183 -0.0980329 1.36813e-06
    outer loop
      vertex 49.7359 -5.88471 -8.82946
      vertex 49.6714 -6.53936 0
      vertex 49.7296 -5.94867 -9.21684
    endloop
  endfacet
  facet normal 0.995251 -0.0973418 5.31077e-05
    outer loop
      vertex 49.7446 -5.79555 -8.44709
      vertex 49.6714 -6.53936 0
      vertex 49.7359 -5.88471 -8.82946
    endloop
  endfacet
  facet normal 0.995137 -0.0985018 -5.0029e-05
    outer loop
      vertex 49.7559 -5.68158 -8.07136
      vertex 49.6714 -6.53936 0
      vertex 49.7446 -5.79555 -8.44709
    endloop
  endfacet
  facet normal 0.995161 -0.0982529 0
    outer loop
      vertex 49.9871 -3.33342 -14.9888
      vertex 49.9927 -3.2767 -20
      vertex 49.9927 -3.2767 -15.0241
    endloop
  endfacet
  facet normal 0.995192 -0.0979406 -3.8032e-05
    outer loop
      vertex 49.6714 -6.53936 -20
      vertex 49.9871 -3.33342 -14.9888
      vertex 49.9557 -3.65257 -14.7601
    endloop
  endfacet
  facet normal 0.995183 -0.0980322 1.29153e-05
    outer loop
      vertex 49.6714 -6.53936 -20
      vertex 49.9557 -3.65257 -14.7601
      vertex 49.9258 -3.95607 -14.511
    endloop
  endfacet
  facet normal 0.995191 -0.0979545 -2.3989e-05
    outer loop
      vertex 49.6714 -6.53936 -20
      vertex 49.9258 -3.95607 -14.511
      vertex 49.8976 -4.24264 -14.2426
    endloop
  endfacet
  facet normal 0.995194 -0.0979258 -3.55349e-05
    outer loop
      vertex 49.6714 -6.53936 -20
      vertex 49.8976 -4.24264 -14.2426
      vertex 49.8712 -4.51104 -13.9561
    endloop
  endfacet
  facet normal 0.995166 -0.0982114 6.12242e-05
    outer loop
      vertex 49.6714 -6.53936 -20
      vertex 49.8712 -4.51104 -13.9561
      vertex 49.8466 -4.76012 -13.6526
    endloop
  endfacet
  facet normal 0.995193 -0.0979335 -1.74145e-05
    outer loop
      vertex 49.6714 -6.53936 -20
      vertex 49.8466 -4.76012 -13.6526
      vertex 49.8241 -4.98882 -13.3334
    endloop
  endfacet
  facet normal 0.995192 -0.0979446 -1.48168e-05
    outer loop
      vertex 49.6714 -6.53936 -20
      vertex 49.8241 -4.98882 -13.3334
      vertex 49.8037 -5.19615 -13
    endloop
  endfacet
  facet normal 0.995196 -0.0979015 -2.31648e-05
    outer loop
      vertex 49.6714 -6.53936 -20
      vertex 49.8037 -5.19615 -13
      vertex 49.7855 -5.38124 -12.6537
    endloop
  endfacet
  facet normal 0.995166 -0.0982074 2.55258e-05
    outer loop
      vertex 49.6714 -6.53936 -20
      vertex 49.7855 -5.38124 -12.6537
      vertex 49.7695 -5.54328 -12.2961
    endloop
  endfacet
  facet normal 0.995196 -0.0979025 -1.4281e-05
    outer loop
      vertex 49.6714 -6.53936 -20
      vertex 49.7695 -5.54328 -12.2961
      vertex 49.7559 -5.68158 -11.9286
    endloop
  endfacet
  facet normal 0.995137 -0.0985018 5.00298e-05
    outer loop
      vertex 49.6714 -6.53936 -20
      vertex 49.7559 -5.68158 -11.9286
      vertex 49.7446 -5.79555 -11.5529
    endloop
  endfacet
  facet normal 0.995189 -0.0979763 0
    outer loop
      vertex 49.6714 -6.53936 -20
      vertex 49.7245 -6 -10
      vertex 49.6714 -6.53936 0
    endloop
  endfacet
  facet normal 0.995186 -0.0980039 2.8462e-06
    outer loop
      vertex 49.9871 -3.33342 -14.9888
      vertex 49.6714 -6.53936 -20
      vertex 49.9927 -3.2767 -20
    endloop
  endfacet
  facet normal 0.995251 -0.0973418 -5.31065e-05
    outer loop
      vertex 49.7359 -5.88471 -11.1705
      vertex 49.6714 -6.53936 -20
      vertex 49.7446 -5.79555 -11.5529
    endloop
  endfacet
  facet normal 0.995183 -0.0980329 -1.36821e-06
    outer loop
      vertex 49.7296 -5.94867 -10.7832
      vertex 49.6714 -6.53936 -20
      vertex 49.7359 -5.88471 -11.1705
    endloop
  endfacet
  facet normal 0.995168 -0.0981876 8.64456e-06
    outer loop
      vertex 49.7258 -5.98715 -10.3924
      vertex 49.6714 -6.53936 -20
      vertex 49.7296 -5.94867 -10.7832
    endloop
  endfacet
  facet normal 0.995089 -0.098988 5.50957e-05
    outer loop
      vertex 49.7245 -6 -10
      vertex 49.6714 -6.53936 -20
      vertex 49.7258 -5.98715 -10.3924
    endloop
  endfacet
  facet normal 0.634385 -0.773017 0
    outer loop
      vertex 30.4989 -39.747 -20
      vertex 33.0332 -37.6672 0
      vertex 30.4989 -39.747 0
    endloop
  endfacet
  facet normal 0.634385 -0.773017 0
    outer loop
      vertex 33.0332 -37.6672 0
      vertex 30.4989 -39.747 -20
      vertex 33.0332 -37.6672 -20
    endloop
  endfacet
  facet normal 0.881925 -0.471389 0
    outer loop
      vertex 43.3879 -25.05 0
      vertex 44.9333 -22.1587 -20
      vertex 44.9333 -22.1587 0
    endloop
  endfacet
  facet normal 0.881925 -0.471389 0
    outer loop
      vertex 44.9333 -22.1587 -20
      vertex 43.3879 -25.05 0
      vertex 43.3879 -25.05 -20
    endloop
  endfacet
  facet normal 0.528076 -0.849197 0
    outer loop
      vertex 25.05 -43.3879 -20
      vertex 27.8341 -41.6566 0
      vertex 25.05 -43.3879 0
    endloop
  endfacet
  facet normal 0.528076 -0.849197 0
    outer loop
      vertex 27.8341 -41.6566 0
      vertex 25.05 -43.3879 -20
      vertex 27.8341 -41.6566 -20
    endloop
  endfacet
  facet normal 0.849197 -0.528076 0
    outer loop
      vertex 41.6566 -27.8341 0
      vertex 43.3879 -25.05 -20
      vertex 43.3879 -25.05 0
    endloop
  endfacet
  facet normal 0.849197 -0.528076 0
    outer loop
      vertex 43.3879 -25.05 -20
      vertex 41.6566 -27.8341 0
      vertex 41.6566 -27.8341 -20
    endloop
  endfacet
  facet normal 0.290288 -0.956939 0
    outer loop
      vertex 12.9668 -48.3929 -20
      vertex 16.1041 -47.4412 0
      vertex 12.9668 -48.3929 0
    endloop
  endfacet
  facet normal 0.290288 -0.956939 0
    outer loop
      vertex 16.1041 -47.4412 0
      vertex 12.9668 -48.3929 -20
      vertex 16.1041 -47.4412 -20
    endloop
  endfacet
  facet normal 0 0 -1
    outer loop
      vertex -37.6672 33.0332 -20
      vertex -42.0043 3.6299 -20
      vertex -39.747 30.4989 -20
    endloop
  endfacet
  facet normal 0 0 -1
    outer loop
      vertex -39.747 30.4989 -20
      vertex -42.0043 3.6299 -20
      vertex -41.6566 27.8341 -20
    endloop
  endfacet
  facet normal 0 0 -1
    outer loop
      vertex -42.0043 3.6299 -20
      vertex -43.3879 25.05 -20
      vertex -41.6566 27.8341 -20
    endloop
  endfacet
  facet normal 0 0 -1
    outer loop
      vertex -42.0043 3.6299 -20
      vertex -44.9333 22.1587 -20
      vertex -43.3879 25.05 -20
    endloop
  endfacet
  facet normal 0 0 -1
    outer loop
      vertex -49.1373 9.77402 -20
      vertex -42.0043 3.6299 -20
      vertex -46.1957 3.6299 -20
    endloop
  endfacet
  facet normal 0 0 -1
    outer loop
      vertex -42.0043 3.6299 -20
      vertex -46.2864 19.1724 -20
      vertex -44.9333 22.1587 -20
    endloop
  endfacet
  facet normal 0 0 -1
    outer loop
      vertex -42.0043 3.6299 -20
      vertex -47.4412 16.1041 -20
      vertex -46.2864 19.1724 -20
    endloop
  endfacet
  facet normal 0 0 -1
    outer loop
      vertex -49.9927 3.2767 -20
      vertex -46.1957 3.6299 -20
      vertex -48.2915 0 -20
    endloop
  endfacet
  facet normal 0 0 -1
    outer loop
      vertex -42.0043 3.6299 -20
      vertex -48.3929 12.9668 -20
      vertex -47.4412 16.1041 -20
    endloop
  endfacet
  facet normal 0 0 -1
    outer loop
      vertex -49.6714 -6.53936 -20
      vertex -46.1957 -3.6299 -20
      vertex -49.1373 -9.77402 -20
    endloop
  endfacet
  facet normal 0 0 -1
    outer loop
      vertex -49.9927 -3.2767 -20
      vertex -46.1957 -3.6299 -20
      vertex -49.6714 -6.53936 -20
    endloop
  endfacet
  facet normal 0 0 -1
    outer loop
      vertex -42.0043 3.6299 -20
      vertex -49.1373 9.77402 -20
      vertex -48.3929 12.9668 -20
    endloop
  endfacet
  facet normal 0 0 -1
    outer loop
      vertex -46.1957 -3.6299 -20
      vertex -49.9927 -3.2767 -20
      vertex -48.2915 0 -20
    endloop
  endfacet
  facet normal 0 0 -1
    outer loop
      vertex -46.1957 3.6299 -20
      vertex -49.6714 6.53936 -20
      vertex -49.1373 9.77402 -20
    endloop
  endfacet
  facet normal 0 0 -1
    outer loop
      vertex -50.1 0 -20
      vertex -48.2915 0 -20
      vertex -49.9927 -3.2767 -20
    endloop
  endfacet
  facet normal -0 0 -1
    outer loop
      vertex -46.1957 3.6299 -20
      vertex -49.9927 3.2767 -20
      vertex -49.6714 6.53936 -20
    endloop
  endfacet
  facet normal 0 0 -1
    outer loop
      vertex -48.2915 0 -20
      vertex -50.1 0 -20
      vertex -49.9927 3.2767 -20
    endloop
  endfacet
  facet normal 0 0 -1
    outer loop
      vertex 49.9927 3.2767 -20
      vertex 19.9543 34.5618 -20
      vertex 49.6714 6.53936 -20
    endloop
  endfacet
  facet normal 0 0 -1
    outer loop
      vertex 49.1373 9.77402 -20
      vertex 24.1457 34.5618 -20
      vertex 26.2415 38.1917 -20
    endloop
  endfacet
  facet normal 0 0 -1
    outer loop
      vertex 49.6714 6.53936 -20
      vertex 19.9543 34.5618 -20
      vertex 49.1373 9.77402 -20
    endloop
  endfacet
  facet normal 0 0 -1
    outer loop
      vertex 49.1373 9.77402 -20
      vertex 19.9543 34.5618 -20
      vertex 24.1457 34.5618 -20
    endloop
  endfacet
  facet normal 0 0 -1
    outer loop
      vertex -9.77402 -49.1373 -20
      vertex 19.9543 -34.5618 -20
      vertex 17.8585 -38.1917 -20
    endloop
  endfacet
  facet normal 0 0 -1
    outer loop
      vertex 19.9543 -34.5618 -20
      vertex -39.9086 0 -20
      vertex 19.9543 34.5618 -20
    endloop
  endfacet
  facet normal -0 0 -1
    outer loop
      vertex 49.1373 -9.77402 -20
      vertex 19.9543 -34.5618 -20
      vertex 49.6714 -6.53936 -20
    endloop
  endfacet
  facet normal -0 0 -1
    outer loop
      vertex 48.3929 -12.9668 -20
      vertex 19.9543 -34.5618 -20
      vertex 49.1373 -9.77402 -20
    endloop
  endfacet
  facet normal -0 0 -1
    outer loop
      vertex 49.6714 -6.53936 -20
      vertex 19.9543 -34.5618 -20
      vertex 49.9927 -3.2767 -20
    endloop
  endfacet
  facet normal -0 0 -1
    outer loop
      vertex 47.4412 -16.1041 -20
      vertex 19.9543 -34.5618 -20
      vertex 48.3929 -12.9668 -20
    endloop
  endfacet
  facet normal -0 0 -1
    outer loop
      vertex 49.9927 -3.2767 -20
      vertex 19.9543 -34.5618 -20
      vertex 50.1 0 -20
    endloop
  endfacet
  facet normal 0 0 -1
    outer loop
      vertex 19.9543 -34.5618 -20
      vertex 47.4412 -16.1041 -20
      vertex 24.1457 -34.5618 -20
    endloop
  endfacet
  facet normal 0 0 -1
    outer loop
      vertex 19.9543 34.5618 -20
      vertex 50.1 0 -20
      vertex 19.9543 -34.5618 -20
    endloop
  endfacet
  facet normal -0 0 -1
    outer loop
      vertex 46.2864 -19.1724 -20
      vertex 24.1457 -34.5618 -20
      vertex 47.4412 -16.1041 -20
    endloop
  endfacet
  facet normal 0 0 -1
    outer loop
      vertex 50.1 0 -20
      vertex 19.9543 34.5618 -20
      vertex 49.9927 3.2767 -20
    endloop
  endfacet
  facet normal -0 0 -1
    outer loop
      vertex 44.9333 -22.1587 -20
      vertex 24.1457 -34.5618 -20
      vertex 46.2864 -19.1724 -20
    endloop
  endfacet
  facet normal 0 0 -1
    outer loop
      vertex 49.1373 9.77402 -20
      vertex 26.2415 38.1917 -20
      vertex 48.3929 12.9668 -20
    endloop
  endfacet
  facet normal -0 0 -1
    outer loop
      vertex 43.3879 -25.05 -20
      vertex 24.1457 -34.5618 -20
      vertex 44.9333 -22.1587 -20
    endloop
  endfacet
  facet normal 0 0 -1
    outer loop
      vertex 48.3929 12.9668 -20
      vertex 26.2415 38.1917 -20
      vertex 47.4412 16.1041 -20
    endloop
  endfacet
  facet normal -0 0 -1
    outer loop
      vertex 41.6566 -27.8341 -20
      vertex 24.1457 -34.5618 -20
      vertex 43.3879 -25.05 -20
    endloop
  endfacet
  facet normal 0 0 -1
    outer loop
      vertex 47.4412 16.1041 -20
      vertex 26.2415 38.1917 -20
      vertex 46.2864 19.1724 -20
    endloop
  endfacet
  facet normal -0 0 -1
    outer loop
      vertex 39.747 -30.4989 -20
      vertex 24.1457 -34.5618 -20
      vertex 41.6566 -27.8341 -20
    endloop
  endfacet
  facet normal 0 0 -1
    outer loop
      vertex 46.2864 19.1724 -20
      vertex 26.2415 38.1917 -20
      vertex 44.9333 22.1587 -20
    endloop
  endfacet
  facet normal -0 0 -1
    outer loop
      vertex 37.6672 -33.0332 -20
      vertex 24.1457 -34.5618 -20
      vertex 39.747 -30.4989 -20
    endloop
  endfacet
  facet normal 0 0 -1
    outer loop
      vertex 44.9333 22.1587 -20
      vertex 26.2415 38.1917 -20
      vertex 43.3879 25.05 -20
    endloop
  endfacet
  facet normal 0 0 -1
    outer loop
      vertex 35.426 -35.426 -20
      vertex 24.1457 -34.5618 -20
      vertex 37.6672 -33.0332 -20
    endloop
  endfacet
  facet normal 0 0 -1
    outer loop
      vertex 43.3879 25.05 -20
      vertex 26.2415 38.1917 -20
      vertex 41.6566 27.8341 -20
    endloop
  endfacet
  facet normal 0 0 -1
    outer loop
      vertex 33.0332 -37.6672 -20
      vertex 24.1457 -34.5618 -20
      vertex 35.426 -35.426 -20
    endloop
  endfacet
  facet normal 0 0 -1
    outer loop
      vertex 41.6566 27.8341 -20
      vertex 26.2415 38.1917 -20
      vertex 39.747 30.4989 -20
    endloop
  endfacet
  facet normal 0 0 -1
    outer loop
      vertex 24.1457 -34.5618 -20
      vertex 33.0332 -37.6672 -20
      vertex 26.2415 -38.1917 -20
    endloop
  endfacet
  facet normal 0 0 -1
    outer loop
      vertex 39.747 30.4989 -20
      vertex 26.2415 38.1917 -20
      vertex 37.6672 33.0332 -20
    endloop
  endfacet
  facet normal 0 0 -1
    outer loop
      vertex 26.2415 -38.1917 -20
      vertex 33.0332 -37.6672 -20
      vertex 30.4989 -39.747 -20
    endloop
  endfacet
  facet normal 0 0 -1
    outer loop
      vertex 37.6672 33.0332 -20
      vertex 26.2415 38.1917 -20
      vertex 35.426 35.426 -20
    endloop
  endfacet
  facet normal 0 0 -1
    outer loop
      vertex 26.2415 -38.1917 -20
      vertex 30.4989 -39.747 -20
      vertex 27.8341 -41.6566 -20
    endloop
  endfacet
  facet normal 0 0 -1
    outer loop
      vertex 35.426 35.426 -20
      vertex 26.2415 38.1917 -20
      vertex 33.0332 37.6672 -20
    endloop
  endfacet
  facet normal 0 0 -1
    outer loop
      vertex 33.0332 37.6672 -20
      vertex 26.2415 38.1917 -20
      vertex 30.4989 39.747 -20
    endloop
  endfacet
  facet normal 0 0 -1
    outer loop
      vertex 24.1457 -41.8216 -20
      vertex 27.8341 -41.6566 -20
      vertex 25.05 -43.3879 -20
    endloop
  endfacet
  facet normal -0 0 -1
    outer loop
      vertex 27.8341 -41.6566 -20
      vertex 24.1457 -41.8216 -20
      vertex 26.2415 -38.1917 -20
    endloop
  endfacet
  facet normal 0 0 -1
    outer loop
      vertex 22.1587 -44.9333 -20
      vertex 24.1457 -41.8216 -20
      vertex 25.05 -43.3879 -20
    endloop
  endfacet
  facet normal 0 0 -1
    outer loop
      vertex 22.1587 -44.9333 -20
      vertex 19.9543 -41.8216 -20
      vertex 24.1457 -41.8216 -20
    endloop
  endfacet
  facet normal 0 0 -1
    outer loop
      vertex 19.1724 -46.2864 -20
      vertex 19.9543 -41.8216 -20
      vertex 22.1587 -44.9333 -20
    endloop
  endfacet
  facet normal 0 0 -1
    outer loop
      vertex 16.1041 -47.4412 -20
      vertex 19.9543 -41.8216 -20
      vertex 19.1724 -46.2864 -20
    endloop
  endfacet
  facet normal 0 0 -1
    outer loop
      vertex 12.9668 -48.3929 -20
      vertex 17.8585 -38.1917 -20
      vertex 16.1041 -47.4412 -20
    endloop
  endfacet
  facet normal -0 0 -1
    outer loop
      vertex 19.9543 -41.8216 -20
      vertex 16.1041 -47.4412 -20
      vertex 17.8585 -38.1917 -20
    endloop
  endfacet
  facet normal -0 0 -1
    outer loop
      vertex 30.4989 39.747 -20
      vertex 26.2415 38.1917 -20
      vertex 27.8341 41.6566 -20
    endloop
  endfacet
  facet normal 0 0 -1
    outer loop
      vertex 24.1457 41.8216 -20
      vertex 27.8341 41.6566 -20
      vertex 26.2415 38.1917 -20
    endloop
  endfacet
  facet normal 0 0 -1
    outer loop
      vertex 27.8341 41.6566 -20
      vertex 24.1457 41.8216 -20
      vertex 25.05 43.3879 -20
    endloop
  endfacet
  facet normal 0 0 -1
    outer loop
      vertex 24.1457 41.8216 -20
      vertex 22.1587 44.9333 -20
      vertex 25.05 43.3879 -20
    endloop
  endfacet
  facet normal 0 0 -1
    outer loop
      vertex 19.9543 41.8216 -20
      vertex 22.1587 44.9333 -20
      vertex 24.1457 41.8216 -20
    endloop
  endfacet
  facet normal 0 0 -1
    outer loop
      vertex 19.9543 41.8216 -20
      vertex 19.1724 46.2864 -20
      vertex 22.1587 44.9333 -20
    endloop
  endfacet
  facet normal 0 0 -1
    outer loop
      vertex 16.1041 47.4412 -20
      vertex 19.9543 41.8216 -20
      vertex 17.8585 38.1917 -20
    endloop
  endfacet
  facet normal 0 0 -1
    outer loop
      vertex 19.9543 41.8216 -20
      vertex 16.1041 47.4412 -20
      vertex 19.1724 46.2864 -20
    endloop
  endfacet
  facet normal 0 -0 -1
    outer loop
      vertex -25.05 43.3879 -20
      vertex 19.9543 34.5618 -20
      vertex -39.9086 0 -20
    endloop
  endfacet
  facet normal 0 0 -1
    outer loop
      vertex 9.77402 -49.1373 -20
      vertex 17.8585 -38.1917 -20
      vertex 12.9668 -48.3929 -20
    endloop
  endfacet
  facet normal 0 -0 -1
    outer loop
      vertex -19.1724 46.2864 -20
      vertex 19.9543 34.5618 -20
      vertex -22.1587 44.9333 -20
    endloop
  endfacet
  facet normal 0 0 -1
    outer loop
      vertex 6.53936 -49.6714 -20
      vertex 17.8585 -38.1917 -20
      vertex 9.77402 -49.1373 -20
    endloop
  endfacet
  facet normal 0 0 -1
    outer loop
      vertex 17.8585 38.1917 -20
      vertex 12.9668 48.3929 -20
      vertex 16.1041 47.4412 -20
    endloop
  endfacet
  facet normal 0 0 -1
    outer loop
      vertex 3.2767 -49.9927 -20
      vertex 17.8585 -38.1917 -20
      vertex 6.53936 -49.6714 -20
    endloop
  endfacet
  facet normal 0 0 -1
    outer loop
      vertex 17.8585 38.1917 -20
      vertex 9.77402 49.1373 -20
      vertex 12.9668 48.3929 -20
    endloop
  endfacet
  facet normal 0 0 -1
    outer loop
      vertex 0 -50.1 -20
      vertex 17.8585 -38.1917 -20
      vertex 3.2767 -49.9927 -20
    endloop
  endfacet
  facet normal 0 0 -1
    outer loop
      vertex 17.8585 38.1917 -20
      vertex 6.53936 49.6714 -20
      vertex 9.77402 49.1373 -20
    endloop
  endfacet
  facet normal 0 0 -1
    outer loop
      vertex -3.2767 -49.9927 -20
      vertex 17.8585 -38.1917 -20
      vertex 0 -50.1 -20
    endloop
  endfacet
  facet normal 0 0 -1
    outer loop
      vertex 17.8585 38.1917 -20
      vertex 3.2767 49.9927 -20
      vertex 6.53936 49.6714 -20
    endloop
  endfacet
  facet normal 0 0 -1
    outer loop
      vertex -6.53936 -49.6714 -20
      vertex 17.8585 -38.1917 -20
      vertex -3.2767 -49.9927 -20
    endloop
  endfacet
  facet normal 0 0 -1
    outer loop
      vertex 17.8585 38.1917 -20
      vertex 0 50.1 -20
      vertex 3.2767 49.9927 -20
    endloop
  endfacet
  facet normal 0 0 -1
    outer loop
      vertex -9.77402 -49.1373 -20
      vertex 17.8585 -38.1917 -20
      vertex -6.53936 -49.6714 -20
    endloop
  endfacet
  facet normal 0 0 -1
    outer loop
      vertex 17.8585 38.1917 -20
      vertex -3.2767 49.9927 -20
      vertex 0 50.1 -20
    endloop
  endfacet
  facet normal 0 0 -1
    outer loop
      vertex 19.9543 -34.5618 -20
      vertex -9.77402 -49.1373 -20
      vertex -12.9668 -48.3929 -20
    endloop
  endfacet
  facet normal 0 0 -1
    outer loop
      vertex 17.8585 38.1917 -20
      vertex -6.53936 49.6714 -20
      vertex -3.2767 49.9927 -20
    endloop
  endfacet
  facet normal 0 0 -1
    outer loop
      vertex 19.9543 -34.5618 -20
      vertex -12.9668 -48.3929 -20
      vertex -16.1041 -47.4412 -20
    endloop
  endfacet
  facet normal 0 0 -1
    outer loop
      vertex 17.8585 38.1917 -20
      vertex -9.77402 49.1373 -20
      vertex -6.53936 49.6714 -20
    endloop
  endfacet
  facet normal 0 0 -1
    outer loop
      vertex 19.9543 -34.5618 -20
      vertex -16.1041 -47.4412 -20
      vertex -19.1724 -46.2864 -20
    endloop
  endfacet
  facet normal 0 0 -1
    outer loop
      vertex 19.9543 34.5618 -20
      vertex -9.77402 49.1373 -20
      vertex 17.8585 38.1917 -20
    endloop
  endfacet
  facet normal 0 0 -1
    outer loop
      vertex 19.9543 -34.5618 -20
      vertex -19.1724 -46.2864 -20
      vertex -22.1587 -44.9333 -20
    endloop
  endfacet
  facet normal 0 -0 -1
    outer loop
      vertex -9.77402 49.1373 -20
      vertex 19.9543 34.5618 -20
      vertex -12.9668 48.3929 -20
    endloop
  endfacet
  facet normal 0 0 -1
    outer loop
      vertex -25.05 -43.3879 -20
      vertex 19.9543 -34.5618 -20
      vertex -22.1587 -44.9333 -20
    endloop
  endfacet
  facet normal 0 -0 -1
    outer loop
      vertex -12.9668 48.3929 -20
      vertex 19.9543 34.5618 -20
      vertex -16.1041 47.4412 -20
    endloop
  endfacet
  facet normal -0 0 -1
    outer loop
      vertex 19.9543 -34.5618 -20
      vertex -25.05 -43.3879 -20
      vertex -39.9086 0 -20
    endloop
  endfacet
  facet normal 0 -0 -1
    outer loop
      vertex -16.1041 47.4412 -20
      vertex 19.9543 34.5618 -20
      vertex -19.1724 46.2864 -20
    endloop
  endfacet
  facet normal 0 0 -1
    outer loop
      vertex -39.9086 0 -20
      vertex -25.05 -43.3879 -20
      vertex -27.8341 -41.6566 -20
    endloop
  endfacet
  facet normal 0 0 -1
    outer loop
      vertex 19.9543 34.5618 -20
      vertex -25.05 43.3879 -20
      vertex -22.1587 44.9333 -20
    endloop
  endfacet
  facet normal 0 0 -1
    outer loop
      vertex -39.9086 0 -20
      vertex -27.8341 -41.6566 -20
      vertex -30.4989 -39.747 -20
    endloop
  endfacet
  facet normal 0 0 -1
    outer loop
      vertex -25.05 43.3879 -20
      vertex -39.9086 0 -20
      vertex -27.8341 41.6566 -20
    endloop
  endfacet
  facet normal 0 0 -1
    outer loop
      vertex -39.9086 0 -20
      vertex -30.4989 -39.747 -20
      vertex -33.0332 -37.6672 -20
    endloop
  endfacet
  facet normal 0 0 -1
    outer loop
      vertex -27.8341 41.6566 -20
      vertex -39.9086 0 -20
      vertex -30.4989 39.747 -20
    endloop
  endfacet
  facet normal 0 0 -1
    outer loop
      vertex -39.9086 0 -20
      vertex -33.0332 -37.6672 -20
      vertex -35.426 -35.426 -20
    endloop
  endfacet
  facet normal 0 0 -1
    outer loop
      vertex -30.4989 39.747 -20
      vertex -39.9086 0 -20
      vertex -33.0332 37.6672 -20
    endloop
  endfacet
  facet normal 0 0 -1
    outer loop
      vertex -39.9086 0 -20
      vertex -35.426 -35.426 -20
      vertex -37.6672 -33.0332 -20
    endloop
  endfacet
  facet normal 0 0 -1
    outer loop
      vertex -33.0332 37.6672 -20
      vertex -39.9086 0 -20
      vertex -35.426 35.426 -20
    endloop
  endfacet
  facet normal 0 0 -1
    outer loop
      vertex -42.0043 -3.6299 -20
      vertex -37.6672 -33.0332 -20
      vertex -39.747 -30.4989 -20
    endloop
  endfacet
  facet normal 0 0 -1
    outer loop
      vertex -35.426 35.426 -20
      vertex -39.9086 0 -20
      vertex -37.6672 33.0332 -20
    endloop
  endfacet
  facet normal 0 0 -1
    outer loop
      vertex -42.0043 3.6299 -20
      vertex -37.6672 33.0332 -20
      vertex -39.9086 0 -20
    endloop
  endfacet
  facet normal 0 0 -1
    outer loop
      vertex -42.0043 -3.6299 -20
      vertex -39.747 -30.4989 -20
      vertex -41.6566 -27.8341 -20
    endloop
  endfacet
  facet normal 0 0 -1
    outer loop
      vertex -37.6672 -33.0332 -20
      vertex -42.0043 -3.6299 -20
      vertex -39.9086 0 -20
    endloop
  endfacet
  facet normal 0 0 -1
    outer loop
      vertex -43.3879 -25.05 -20
      vertex -42.0043 -3.6299 -20
      vertex -41.6566 -27.8341 -20
    endloop
  endfacet
  facet normal 0 0 -1
    outer loop
      vertex -44.9333 -22.1587 -20
      vertex -42.0043 -3.6299 -20
      vertex -43.3879 -25.05 -20
    endloop
  endfacet
  facet normal 0 0 -1
    outer loop
      vertex -46.2864 -19.1724 -20
      vertex -42.0043 -3.6299 -20
      vertex -44.9333 -22.1587 -20
    endloop
  endfacet
  facet normal 0 0 -1
    outer loop
      vertex -47.4412 -16.1041 -20
      vertex -42.0043 -3.6299 -20
      vertex -46.2864 -19.1724 -20
    endloop
  endfacet
  facet normal 0 0 -1
    outer loop
      vertex -48.3929 -12.9668 -20
      vertex -42.0043 -3.6299 -20
      vertex -47.4412 -16.1041 -20
    endloop
  endfacet
  facet normal 0 0 -1
    outer loop
      vertex -49.1373 -9.77402 -20
      vertex -42.0043 -3.6299 -20
      vertex -48.3929 -12.9668 -20
    endloop
  endfacet
  facet normal -0 0 -1
    outer loop
      vertex -42.0043 -3.6299 -20
      vertex -49.1373 -9.77402 -20
      vertex -46.1957 -3.6299 -20
    endloop
  endfacet
  facet normal -0.0980039 0.995186 0
    outer loop
      vertex -3.2767 49.9927 -20
      vertex -6.53936 49.6714 0
      vertex -3.2767 49.9927 0
    endloop
  endfacet
  facet normal -0.0980039 0.995186 0
    outer loop
      vertex -6.53936 49.6714 0
      vertex -3.2767 49.9927 -20
      vertex -6.53936 49.6714 -20
    endloop
  endfacet
  facet normal 0.0980039 -0.995186 0
    outer loop
      vertex 3.2767 -49.9927 -20
      vertex 6.53936 -49.6714 0
      vertex 3.2767 -49.9927 0
    endloop
  endfacet
  facet normal 0.0980039 -0.995186 0
    outer loop
      vertex 6.53936 -49.6714 0
      vertex 3.2767 -49.9927 -20
      vertex 6.53936 -49.6714 -20
    endloop
  endfacet
  facet normal 0.162912 -0.986641 0
    outer loop
      vertex 6.53936 -49.6714 -20
      vertex 9.77402 -49.1373 0
      vertex 6.53936 -49.6714 0
    endloop
  endfacet
  facet normal 0.162912 -0.986641 0
    outer loop
      vertex 9.77402 -49.1373 0
      vertex 6.53936 -49.6714 -20
      vertex 9.77402 -49.1373 -20
    endloop
  endfacet
  facet normal 0.683608 -0.729849 0
    outer loop
      vertex 33.0332 -37.6672 -20
      vertex 35.426 -35.426 0
      vertex 33.0332 -37.6672 0
    endloop
  endfacet
  facet normal 0.683608 -0.729849 0
    outer loop
      vertex 35.426 -35.426 0
      vertex 33.0332 -37.6672 -20
      vertex 35.426 -35.426 -20
    endloop
  endfacet
  facet normal 0.471389 0.881925 -0
    outer loop
      vertex 25.05 43.3879 -20
      vertex 22.1587 44.9333 0
      vertex 25.05 43.3879 0
    endloop
  endfacet
  facet normal 0.471389 0.881925 0
    outer loop
      vertex 22.1587 44.9333 0
      vertex 25.05 43.3879 -20
      vertex 22.1587 44.9333 -20
    endloop
  endfacet
  facet normal 0.412713 -0.910861 0
    outer loop
      vertex 19.1724 -46.2864 -20
      vertex 22.1587 -44.9333 0
      vertex 19.1724 -46.2864 0
    endloop
  endfacet
  facet normal 0.412713 -0.910861 0
    outer loop
      vertex 22.1587 -44.9333 0
      vertex 19.1724 -46.2864 -20
      vertex 22.1587 -44.9333 -20
    endloop
  endfacet
  facet normal 0.849197 0.528076 0
    outer loop
      vertex 43.3879 25.05 0
      vertex 41.6566 27.8341 -20
      vertex 41.6566 27.8341 0
    endloop
  endfacet
  facet normal 0.849197 0.528076 0
    outer loop
      vertex 41.6566 27.8341 -20
      vertex 43.3879 25.05 0
      vertex 43.3879 25.05 -20
    endloop
  endfacet
  facet normal -0.986641 0.162912 0
    outer loop
      vertex -49.6714 6.53936 -20
      vertex -49.1373 9.77402 0
      vertex -49.1373 9.77402 -20
    endloop
  endfacet
  facet normal -0.986641 0.162912 0
    outer loop
      vertex -49.1373 9.77402 0
      vertex -49.6714 6.53936 -20
      vertex -49.6714 6.53936 0
    endloop
  endfacet
  facet normal -0.683608 -0.729849 0
    outer loop
      vertex -35.426 -35.426 -20
      vertex -33.0332 -37.6672 0
      vertex -35.426 -35.426 0
    endloop
  endfacet
  facet normal -0.683608 -0.729849 -0
    outer loop
      vertex -33.0332 -37.6672 0
      vertex -35.426 -35.426 -20
      vertex -33.0332 -37.6672 -20
    endloop
  endfacet
  facet normal -0.935909 0.352243 0
    outer loop
      vertex -47.4412 16.1041 -20
      vertex -46.2864 19.1724 0
      vertex -46.2864 19.1724 -20
    endloop
  endfacet
  facet normal -0.935909 0.352243 0
    outer loop
      vertex -46.2864 19.1724 0
      vertex -47.4412 16.1041 -20
      vertex -47.4412 16.1041 0
    endloop
  endfacet
  facet normal 0.290288 0.956939 -0
    outer loop
      vertex 16.1041 47.4412 -20
      vertex 12.9668 48.3929 0
      vertex 16.1041 47.4412 0
    endloop
  endfacet
  facet normal 0.290288 0.956939 0
    outer loop
      vertex 12.9668 48.3929 0
      vertex 16.1041 47.4412 -20
      vertex 12.9668 48.3929 -20
    endloop
  endfacet
  facet normal -0.582484 0.812842 0
    outer loop
      vertex -27.8341 41.6566 -20
      vertex -30.4989 39.747 0
      vertex -27.8341 41.6566 0
    endloop
  endfacet
  facet normal -0.582484 0.812842 0
    outer loop
      vertex -30.4989 39.747 0
      vertex -27.8341 41.6566 -20
      vertex -30.4989 39.747 -20
    endloop
  endfacet
  facet normal -0.290288 -0.956939 0
    outer loop
      vertex -16.1041 -47.4412 -20
      vertex -12.9668 -48.3929 0
      vertex -16.1041 -47.4412 0
    endloop
  endfacet
  facet normal -0.290288 -0.956939 -0
    outer loop
      vertex -12.9668 -48.3929 0
      vertex -16.1041 -47.4412 -20
      vertex -12.9668 -48.3929 -20
    endloop
  endfacet
  facet normal -0.412713 -0.910861 0
    outer loop
      vertex -22.1587 -44.9333 -20
      vertex -19.1724 -46.2864 0
      vertex -22.1587 -44.9333 0
    endloop
  endfacet
  facet normal -0.412713 -0.910861 -0
    outer loop
      vertex -19.1724 -46.2864 0
      vertex -22.1587 -44.9333 -20
      vertex -19.1724 -46.2864 -20
    endloop
  endfacet
  facet normal -0.162912 -0.986641 0
    outer loop
      vertex -9.77402 -49.1373 -20
      vertex -6.53936 -49.6714 0
      vertex -9.77402 -49.1373 0
    endloop
  endfacet
  facet normal -0.162912 -0.986641 -0
    outer loop
      vertex -6.53936 -49.6714 0
      vertex -9.77402 -49.1373 -20
      vertex -6.53936 -49.6714 -20
    endloop
  endfacet
  facet normal -0.162912 0.986641 0
    outer loop
      vertex -6.53936 49.6714 -20
      vertex -9.77402 49.1373 0
      vertex -6.53936 49.6714 0
    endloop
  endfacet
  facet normal -0.162912 0.986641 0
    outer loop
      vertex -9.77402 49.1373 0
      vertex -6.53936 49.6714 -20
      vertex -9.77402 49.1373 -20
    endloop
  endfacet
  facet normal 0.773017 0.634385 0
    outer loop
      vertex 39.747 30.4989 0
      vertex 37.6672 33.0332 -20
      vertex 37.6672 33.0332 0
    endloop
  endfacet
  facet normal 0.773017 0.634385 0
    outer loop
      vertex 37.6672 33.0332 -20
      vertex 39.747 30.4989 0
      vertex 39.747 30.4989 -20
    endloop
  endfacet
  facet normal 0.227061 -0.97388 0
    outer loop
      vertex 9.77402 -49.1373 -20
      vertex 12.9668 -48.3929 0
      vertex 9.77402 -49.1373 0
    endloop
  endfacet
  facet normal 0.227061 -0.97388 0
    outer loop
      vertex 12.9668 -48.3929 0
      vertex 9.77402 -49.1373 -20
      vertex 12.9668 -48.3929 -20
    endloop
  endfacet
  facet normal 0.956939 -0.290288 0
    outer loop
      vertex 47.4412 -16.1041 0
      vertex 48.3929 -12.9668 -20
      vertex 48.3929 -12.9668 0
    endloop
  endfacet
  facet normal 0.956939 -0.290288 0
    outer loop
      vertex 48.3929 -12.9668 -20
      vertex 47.4412 -16.1041 0
      vertex 47.4412 -16.1041 -20
    endloop
  endfacet
  facet normal 0.729849 0.683608 0
    outer loop
      vertex 37.6672 33.0332 0
      vertex 35.426 35.426 -20
      vertex 35.426 35.426 0
    endloop
  endfacet
  facet normal 0.729849 0.683608 0
    outer loop
      vertex 35.426 35.426 -20
      vertex 37.6672 33.0332 0
      vertex 37.6672 33.0332 -20
    endloop
  endfacet
  facet normal -0.634385 -0.773017 0
    outer loop
      vertex -33.0332 -37.6672 -20
      vertex -30.4989 -39.747 0
      vertex -33.0332 -37.6672 0
    endloop
  endfacet
  facet normal -0.634385 -0.773017 -0
    outer loop
      vertex -30.4989 -39.747 0
      vertex -33.0332 -37.6672 -20
      vertex -30.4989 -39.747 -20
    endloop
  endfacet
  facet normal -0.995186 0.0980039 0
    outer loop
      vertex -49.9927 3.2767 -20
      vertex -49.6714 6.53936 0
      vertex -49.6714 6.53936 -20
    endloop
  endfacet
  facet normal -0.995186 0.0980039 0
    outer loop
      vertex -49.6714 6.53936 0
      vertex -49.9927 3.2767 -20
      vertex -49.9927 3.2767 0
    endloop
  endfacet
  facet normal 0.812842 -0.582484 0
    outer loop
      vertex 39.747 -30.4989 0
      vertex 41.6566 -27.8341 -20
      vertex 41.6566 -27.8341 0
    endloop
  endfacet
  facet normal 0.812842 -0.582484 0
    outer loop
      vertex 41.6566 -27.8341 -20
      vertex 39.747 -30.4989 0
      vertex 39.747 -30.4989 -20
    endloop
  endfacet
  facet normal 0.227061 0.97388 -0
    outer loop
      vertex 12.9668 48.3929 -20
      vertex 9.77402 49.1373 0
      vertex 12.9668 48.3929 0
    endloop
  endfacet
  facet normal 0.227061 0.97388 0
    outer loop
      vertex 9.77402 49.1373 0
      vertex 12.9668 48.3929 -20
      vertex 9.77402 49.1373 -20
    endloop
  endfacet
  facet normal -0.999464 0.0327288 0
    outer loop
      vertex -50.1 0 -20
      vertex -49.9927 3.2767 0
      vertex -49.9927 3.2767 -20
    endloop
  endfacet
  facet normal -0.999464 0.0327288 0
    outer loop
      vertex -49.9927 3.2767 0
      vertex -50.1 0 -20
      vertex -50.1 0 0
    endloop
  endfacet
  facet normal -0.729849 0.683608 0
    outer loop
      vertex -37.6672 33.0332 -20
      vertex -35.426 35.426 0
      vertex -35.426 35.426 -20
    endloop
  endfacet
  facet normal -0.729849 0.683608 0
    outer loop
      vertex -35.426 35.426 0
      vertex -37.6672 33.0332 -20
      vertex -37.6672 33.0332 0
    endloop
  endfacet
  facet normal 0.582484 -0.812842 0
    outer loop
      vertex 27.8341 -41.6566 -20
      vertex 30.4989 -39.747 0
      vertex 27.8341 -41.6566 0
    endloop
  endfacet
  facet normal 0.582484 -0.812842 0
    outer loop
      vertex 30.4989 -39.747 0
      vertex 27.8341 -41.6566 -20
      vertex 30.4989 -39.747 -20
    endloop
  endfacet
  facet normal 0.729849 -0.683608 0
    outer loop
      vertex 35.426 -35.426 0
      vertex 37.6672 -33.0332 -20
      vertex 37.6672 -33.0332 0
    endloop
  endfacet
  facet normal 0.729849 -0.683608 0
    outer loop
      vertex 37.6672 -33.0332 -20
      vertex 35.426 -35.426 0
      vertex 35.426 -35.426 -20
    endloop
  endfacet
  facet normal 0.0327288 -0.999464 0
    outer loop
      vertex 0 -50.1 -20
      vertex 3.2767 -49.9927 0
      vertex 0 -50.1 0
    endloop
  endfacet
  facet normal 0.0327288 -0.999464 0
    outer loop
      vertex 3.2767 -49.9927 0
      vertex 0 -50.1 -20
      vertex 3.2767 -49.9927 -20
    endloop
  endfacet
  facet normal -0.773017 -0.634385 0
    outer loop
      vertex -37.6672 -33.0332 -20
      vertex -39.747 -30.4989 0
      vertex -39.747 -30.4989 -20
    endloop
  endfacet
  facet normal -0.773017 -0.634385 0
    outer loop
      vertex -39.747 -30.4989 0
      vertex -37.6672 -33.0332 -20
      vertex -37.6672 -33.0332 0
    endloop
  endfacet
  facet normal -0.290288 0.956939 0
    outer loop
      vertex -12.9668 48.3929 -20
      vertex -16.1041 47.4412 0
      vertex -12.9668 48.3929 0
    endloop
  endfacet
  facet normal -0.290288 0.956939 0
    outer loop
      vertex -16.1041 47.4412 0
      vertex -12.9668 48.3929 -20
      vertex -16.1041 47.4412 -20
    endloop
  endfacet
  facet normal -0.528076 -0.849197 0
    outer loop
      vertex -27.8341 -41.6566 -20
      vertex -25.05 -43.3879 0
      vertex -27.8341 -41.6566 0
    endloop
  endfacet
  facet normal -0.528076 -0.849197 -0
    outer loop
      vertex -25.05 -43.3879 0
      vertex -27.8341 -41.6566 -20
      vertex -25.05 -43.3879 -20
    endloop
  endfacet
  facet normal 0.773017 -0.634385 0
    outer loop
      vertex 37.6672 -33.0332 0
      vertex 39.747 -30.4989 -20
      vertex 39.747 -30.4989 0
    endloop
  endfacet
  facet normal 0.773017 -0.634385 0
    outer loop
      vertex 39.747 -30.4989 -20
      vertex 37.6672 -33.0332 0
      vertex 37.6672 -33.0332 -20
    endloop
  endfacet
  facet normal -0.995186 -0.0980039 0
    outer loop
      vertex -49.6714 -6.53936 -20
      vertex -49.9927 -3.2767 0
      vertex -49.9927 -3.2767 -20
    endloop
  endfacet
  facet normal -0.995186 -0.0980039 0
    outer loop
      vertex -49.9927 -3.2767 0
      vertex -49.6714 -6.53936 -20
      vertex -49.6714 -6.53936 0
    endloop
  endfacet
  facet normal -0.812842 -0.582484 0
    outer loop
      vertex -39.747 -30.4989 -20
      vertex -41.6566 -27.8341 0
      vertex -41.6566 -27.8341 -20
    endloop
  endfacet
  facet normal -0.812842 -0.582484 0
    outer loop
      vertex -41.6566 -27.8341 0
      vertex -39.747 -30.4989 -20
      vertex -39.747 -30.4989 0
    endloop
  endfacet
  facet normal -0.227061 -0.97388 0
    outer loop
      vertex -12.9668 -48.3929 -20
      vertex -9.77402 -49.1373 0
      vertex -12.9668 -48.3929 0
    endloop
  endfacet
  facet normal -0.227061 -0.97388 -0
    outer loop
      vertex -9.77402 -49.1373 0
      vertex -12.9668 -48.3929 -20
      vertex -9.77402 -49.1373 -20
    endloop
  endfacet
  facet normal -0.773017 0.634385 0
    outer loop
      vertex -39.747 30.4989 -20
      vertex -37.6672 33.0332 0
      vertex -37.6672 33.0332 -20
    endloop
  endfacet
  facet normal -0.773017 0.634385 0
    outer loop
      vertex -37.6672 33.0332 0
      vertex -39.747 30.4989 -20
      vertex -39.747 30.4989 0
    endloop
  endfacet
  facet normal -0.881925 0.471389 0
    outer loop
      vertex -44.9333 22.1587 -20
      vertex -43.3879 25.05 0
      vertex -43.3879 25.05 -20
    endloop
  endfacet
  facet normal -0.881925 0.471389 0
    outer loop
      vertex -43.3879 25.05 0
      vertex -44.9333 22.1587 -20
      vertex -44.9333 22.1587 0
    endloop
  endfacet
  facet normal -0.97388 -0.227061 0
    outer loop
      vertex -48.3929 -12.9668 -20
      vertex -49.1373 -9.77402 0
      vertex -49.1373 -9.77402 -20
    endloop
  endfacet
  facet normal -0.97388 -0.227061 0
    outer loop
      vertex -49.1373 -9.77402 0
      vertex -48.3929 -12.9668 -20
      vertex -48.3929 -12.9668 0
    endloop
  endfacet
  facet normal -0.471389 -0.881925 0
    outer loop
      vertex -25.05 -43.3879 -20
      vertex -22.1587 -44.9333 0
      vertex -25.05 -43.3879 0
    endloop
  endfacet
  facet normal -0.471389 -0.881925 -0
    outer loop
      vertex -22.1587 -44.9333 0
      vertex -25.05 -43.3879 -20
      vertex -22.1587 -44.9333 -20
    endloop
  endfacet
  facet normal -0.910861 0.412713 0
    outer loop
      vertex -46.2864 19.1724 -20
      vertex -44.9333 22.1587 0
      vertex -44.9333 22.1587 -20
    endloop
  endfacet
  facet normal -0.910861 0.412713 0
    outer loop
      vertex -44.9333 22.1587 0
      vertex -46.2864 19.1724 -20
      vertex -46.2864 19.1724 0
    endloop
  endfacet
  facet normal -0.0980039 -0.995186 0
    outer loop
      vertex -6.53936 -49.6714 -20
      vertex -3.2767 -49.9927 0
      vertex -6.53936 -49.6714 0
    endloop
  endfacet
  facet normal -0.0980039 -0.995186 -0
    outer loop
      vertex -3.2767 -49.9927 0
      vertex -6.53936 -49.6714 -20
      vertex -3.2767 -49.9927 -20
    endloop
  endfacet
  facet normal -0.0327288 -0.999464 0
    outer loop
      vertex -3.2767 -49.9927 -20
      vertex 0 -50.1 0
      vertex -3.2767 -49.9927 0
    endloop
  endfacet
  facet normal -0.0327288 -0.999464 -0
    outer loop
      vertex 0 -50.1 0
      vertex -3.2767 -49.9927 -20
      vertex 0 -50.1 -20
    endloop
  endfacet
  facet normal -0.956939 0.290288 0
    outer loop
      vertex -48.3929 12.9668 -20
      vertex -47.4412 16.1041 0
      vertex -47.4412 16.1041 -20
    endloop
  endfacet
  facet normal -0.956939 0.290288 0
    outer loop
      vertex -47.4412 16.1041 0
      vertex -48.3929 12.9668 -20
      vertex -48.3929 12.9668 0
    endloop
  endfacet
  facet normal -0.881925 -0.471389 0
    outer loop
      vertex -43.3879 -25.05 -20
      vertex -44.9333 -22.1587 0
      vertex -44.9333 -22.1587 -20
    endloop
  endfacet
  facet normal -0.881925 -0.471389 0
    outer loop
      vertex -44.9333 -22.1587 0
      vertex -43.3879 -25.05 -20
      vertex -43.3879 -25.05 0
    endloop
  endfacet
  facet normal -0.812842 0.582484 0
    outer loop
      vertex -41.6566 27.8341 -20
      vertex -39.747 30.4989 0
      vertex -39.747 30.4989 -20
    endloop
  endfacet
  facet normal -0.812842 0.582484 0
    outer loop
      vertex -39.747 30.4989 0
      vertex -41.6566 27.8341 -20
      vertex -41.6566 27.8341 0
    endloop
  endfacet
  facet normal 0 0 1
    outer loop
      vertex -38.0184 -2.49186 0
      vertex -42.509 -1.59099 0
      vertex -37.774 -4.97305 0
    endloop
  endfacet
  facet normal -0 0 1
    outer loop
      vertex -42.85 -1.87081 0
      vertex -37.774 -4.97305 0
      vertex -42.509 -1.59099 0
    endloop
  endfacet
  facet normal -0 0 1
    outer loop
      vertex -43.239 -2.07873 0
      vertex -37.774 -4.97305 0
      vertex -42.85 -1.87081 0
    endloop
  endfacet
  facet normal -0 0 1
    outer loop
      vertex -43.661 -2.20677 0
      vertex -37.774 -4.97305 0
      vertex -43.239 -2.07873 0
    endloop
  endfacet
  facet normal 0 0 1
    outer loop
      vertex -37.774 -4.97305 0
      vertex -43.661 -2.20677 0
      vertex -37.3679 -7.43294 0
    endloop
  endfacet
  facet normal 0 0 1
    outer loop
      vertex -49.1373 -9.77402 0
      vertex -37.3679 -7.43294 0
      vertex -43.661 -2.20677 0
    endloop
  endfacet
  facet normal 0 0 1
    outer loop
      vertex -36.8018 -9.861 0
      vertex -43.3879 -25.05 0
      vertex -41.6566 -27.8341 0
    endloop
  endfacet
  facet normal 0 0 1
    outer loop
      vertex -37.3679 -7.43294 0
      vertex -49.1373 -9.77402 0
      vertex -36.8018 -9.861 0
    endloop
  endfacet
  facet normal 0 0 1
    outer loop
      vertex -49.1373 -9.77402 0
      vertex -43.661 -2.20677 0
      vertex -44.1 -2.25 0
    endloop
  endfacet
  facet normal 0 0 1
    outer loop
      vertex -49.6714 -6.53936 0
      vertex -44.1 -2.25 0
      vertex -44.539 -2.20677 0
    endloop
  endfacet
  facet normal 0 0 1
    outer loop
      vertex -36.8018 -9.861 0
      vertex -44.9333 -22.1587 0
      vertex -43.3879 -25.05 0
    endloop
  endfacet
  facet normal 0 0 1
    outer loop
      vertex -49.6714 -6.53936 0
      vertex -44.539 -2.20677 0
      vertex -44.961 -2.07873 0
    endloop
  endfacet
  facet normal 0 0 1
    outer loop
      vertex -49.6714 -6.53936 0
      vertex -44.961 -2.07873 0
      vertex -45.35 -1.87081 0
    endloop
  endfacet
  facet normal 0 0 1
    outer loop
      vertex -49.9927 -3.2767 0
      vertex -45.35 -1.87081 0
      vertex -45.691 -1.59099 0
    endloop
  endfacet
  facet normal 0 0 1
    outer loop
      vertex -49.9927 -3.2767 0
      vertex -45.691 -1.59099 0
      vertex -45.9708 -1.25003 0
    endloop
  endfacet
  facet normal 0 0 1
    outer loop
      vertex -49.9927 -3.2767 0
      vertex -45.9708 -1.25003 0
      vertex -46.1787 -0.861037 0
    endloop
  endfacet
  facet normal 0 0 1
    outer loop
      vertex -36.8018 -9.861 0
      vertex -46.2864 -19.1724 0
      vertex -44.9333 -22.1587 0
    endloop
  endfacet
  facet normal 0 0 1
    outer loop
      vertex -50.1 0 0
      vertex -46.1787 -0.861037 0
      vertex -46.3068 -0.438952 0
    endloop
  endfacet
  facet normal -0 0 1
    outer loop
      vertex -50.1 0 0
      vertex -46.3068 -0.438952 0
      vertex -46.35 0 0
    endloop
  endfacet
  facet normal 0 0 1
    outer loop
      vertex -45.691 1.59099 0
      vertex -49.9927 3.2767 0
      vertex -45.9708 1.25003 0
    endloop
  endfacet
  facet normal 0 0 1
    outer loop
      vertex -36.8018 -9.861 0
      vertex -47.4412 -16.1041 0
      vertex -46.2864 -19.1724 0
    endloop
  endfacet
  facet normal 0 0 1
    outer loop
      vertex -45.9708 1.25003 0
      vertex -49.9927 3.2767 0
      vertex -46.1787 0.861037 0
    endloop
  endfacet
  facet normal 0 0 1
    outer loop
      vertex -36.8018 -9.861 0
      vertex -48.3929 -12.9668 0
      vertex -47.4412 -16.1041 0
    endloop
  endfacet
  facet normal 0 0 1
    outer loop
      vertex -50.1 0 0
      vertex -46.1787 0.861037 0
      vertex -49.9927 3.2767 0
    endloop
  endfacet
  facet normal 0 0 1
    outer loop
      vertex -36.8018 -9.861 0
      vertex -49.1373 -9.77402 0
      vertex -48.3929 -12.9668 0
    endloop
  endfacet
  facet normal 0 0 1
    outer loop
      vertex -46.1787 0.861037 0
      vertex -50.1 0 0
      vertex -46.3068 0.438952 0
    endloop
  endfacet
  facet normal 0 0 1
    outer loop
      vertex -44.1 -2.25 0
      vertex -49.6714 -6.53936 0
      vertex -49.1373 -9.77402 0
    endloop
  endfacet
  facet normal 0 0 1
    outer loop
      vertex -46.3068 0.438952 0
      vertex -50.1 0 0
      vertex -46.35 0 0
    endloop
  endfacet
  facet normal 0 0 1
    outer loop
      vertex -45.35 -1.87081 0
      vertex -49.9927 -3.2767 0
      vertex -49.6714 -6.53936 0
    endloop
  endfacet
  facet normal 0 0 1
    outer loop
      vertex -46.1787 -0.861037 0
      vertex -50.1 0 0
      vertex -49.9927 -3.2767 0
    endloop
  endfacet
  facet normal 0 0 1
    outer loop
      vertex 27.8341 41.6566 0
      vertex 24.2233 38.7741 0
      vertex 24.2952 38.3389 0
    endloop
  endfacet
  facet normal 0 0 1
    outer loop
      vertex 27.8341 41.6566 0
      vertex 24.068 39.1869 0
      vertex 24.2233 38.7741 0
    endloop
  endfacet
  facet normal 0 0 1
    outer loop
      vertex 27.8341 41.6566 0
      vertex 23.835 39.5614 0
      vertex 24.068 39.1869 0
    endloop
  endfacet
  facet normal 0 0 1
    outer loop
      vertex 25.05 43.3879 0
      vertex 23.5335 39.8834 0
      vertex 23.835 39.5614 0
    endloop
  endfacet
  facet normal 0 0 1
    outer loop
      vertex 25.05 43.3879 0
      vertex 23.175 40.1403 0
      vertex 23.5335 39.8834 0
    endloop
  endfacet
  facet normal 0 0 1
    outer loop
      vertex 25.05 43.3879 0
      vertex 22.7732 40.3223 0
      vertex 23.175 40.1403 0
    endloop
  endfacet
  facet normal 0 0 1
    outer loop
      vertex 25.05 43.3879 0
      vertex 22.3437 40.4225 0
      vertex 22.7732 40.3223 0
    endloop
  endfacet
  facet normal 0 0 1
    outer loop
      vertex 22.1587 44.9333 0
      vertex 22.3437 40.4225 0
      vertex 25.05 43.3879 0
    endloop
  endfacet
  facet normal 0 0 1
    outer loop
      vertex 22.1587 44.9333 0
      vertex 21.9028 40.4369 0
      vertex 22.3437 40.4225 0
    endloop
  endfacet
  facet normal 0 0 1
    outer loop
      vertex 22.1587 44.9333 0
      vertex 21.4677 40.3651 0
      vertex 21.9028 40.4369 0
    endloop
  endfacet
  facet normal 0 0 1
    outer loop
      vertex 22.1587 44.9333 0
      vertex 21.0549 40.2097 0
      vertex 21.4677 40.3651 0
    endloop
  endfacet
  facet normal 0 0 1
    outer loop
      vertex 19.1724 46.2864 0
      vertex 21.0549 40.2097 0
      vertex 22.1587 44.9333 0
    endloop
  endfacet
  facet normal 0 0 1
    outer loop
      vertex 21.0549 40.2097 0
      vertex 19.1724 46.2864 0
      vertex 20.6803 39.9768 0
    endloop
  endfacet
  facet normal 0 0 1
    outer loop
      vertex 20.6803 39.9768 0
      vertex 19.1724 46.2864 0
      vertex 20.3584 39.6752 0
    endloop
  endfacet
  facet normal 0 0 1
    outer loop
      vertex 20.3584 39.6752 0
      vertex 19.1724 46.2864 0
      vertex 20.1014 39.3167 0
    endloop
  endfacet
  facet normal 0 0 1
    outer loop
      vertex 12.2468 36.078 0
      vertex 19.9194 38.915 0
      vertex 16.1041 47.4412 0
    endloop
  endfacet
  facet normal 0 0 1
    outer loop
      vertex 20.1014 39.3167 0
      vertex 16.1041 47.4412 0
      vertex 19.9194 38.915 0
    endloop
  endfacet
  facet normal 0 0 1
    outer loop
      vertex 16.1041 47.4412 0
      vertex 20.1014 39.3167 0
      vertex 19.1724 46.2864 0
    endloop
  endfacet
  facet normal 0 0 1
    outer loop
      vertex 38.1 0 0
      vertex 50.1 0 0
      vertex 49.9927 3.2767 0
    endloop
  endfacet
  facet normal 0 0 1
    outer loop
      vertex 38.0184 2.49186 0
      vertex 49.9927 3.2767 0
      vertex 49.6714 6.53936 0
    endloop
  endfacet
  facet normal 0 0 1
    outer loop
      vertex 50.1 0 0
      vertex 38.1 0 0
      vertex 49.9927 -3.2767 0
    endloop
  endfacet
  facet normal 0 0 1
    outer loop
      vertex 37.774 4.97305 0
      vertex 49.6714 6.53936 0
      vertex 49.1373 9.77402 0
    endloop
  endfacet
  facet normal -0 0 1
    outer loop
      vertex 38.0184 -2.49186 0
      vertex 49.9927 -3.2767 0
      vertex 38.1 0 0
    endloop
  endfacet
  facet normal 0 0 1
    outer loop
      vertex 37.3679 7.43294 0
      vertex 49.1373 9.77402 0
      vertex 48.3929 12.9668 0
    endloop
  endfacet
  facet normal 0 0 1
    outer loop
      vertex 49.9927 -3.2767 0
      vertex 38.0184 -2.49186 0
      vertex 49.6714 -6.53936 0
    endloop
  endfacet
  facet normal 0 0 1
    outer loop
      vertex 36.8018 9.861 0
      vertex 48.3929 12.9668 0
      vertex 47.4412 16.1041 0
    endloop
  endfacet
  facet normal -0 0 1
    outer loop
      vertex 37.774 -4.97305 0
      vertex 49.6714 -6.53936 0
      vertex 38.0184 -2.49186 0
    endloop
  endfacet
  facet normal 0 0 1
    outer loop
      vertex 36.078 12.2468 0
      vertex 47.4412 16.1041 0
      vertex 46.2864 19.1724 0
    endloop
  endfacet
  facet normal 0 0 1
    outer loop
      vertex 49.6714 -6.53936 0
      vertex 37.774 -4.97305 0
      vertex 49.1373 -9.77402 0
    endloop
  endfacet
  facet normal 0 0 1
    outer loop
      vertex 35.1998 14.5802 0
      vertex 46.2864 19.1724 0
      vertex 44.9333 22.1587 0
    endloop
  endfacet
  facet normal -0 0 1
    outer loop
      vertex 37.3679 -7.43294 0
      vertex 49.1373 -9.77402 0
      vertex 37.774 -4.97305 0
    endloop
  endfacet
  facet normal 0 0 1
    outer loop
      vertex 34.1709 16.8512 0
      vertex 44.9333 22.1587 0
      vertex 43.3879 25.05 0
    endloop
  endfacet
  facet normal 0 0 1
    outer loop
      vertex 49.1373 -9.77402 0
      vertex 37.3679 -7.43294 0
      vertex 48.3929 -12.9668 0
    endloop
  endfacet
  facet normal 0 0 1
    outer loop
      vertex 32.9956 19.05 0
      vertex 43.3879 25.05 0
      vertex 41.6566 27.8341 0
    endloop
  endfacet
  facet normal -0 0 1
    outer loop
      vertex 36.8018 -9.861 0
      vertex 48.3929 -12.9668 0
      vertex 37.3679 -7.43294 0
    endloop
  endfacet
  facet normal 0 0 1
    outer loop
      vertex 31.679 21.1672 0
      vertex 41.6566 27.8341 0
      vertex 39.747 30.4989 0
    endloop
  endfacet
  facet normal 0 0 1
    outer loop
      vertex 48.3929 -12.9668 0
      vertex 36.8018 -9.861 0
      vertex 47.4412 -16.1041 0
    endloop
  endfacet
  facet normal -0 0 1
    outer loop
      vertex 36.078 -12.2468 0
      vertex 47.4412 -16.1041 0
      vertex 36.8018 -9.861 0
    endloop
  endfacet
  facet normal 0 0 1
    outer loop
      vertex 49.9927 3.2767 0
      vertex 38.0184 2.49186 0
      vertex 38.1 0 0
    endloop
  endfacet
  facet normal 0 0 1
    outer loop
      vertex 49.6714 6.53936 0
      vertex 37.774 4.97305 0
      vertex 38.0184 2.49186 0
    endloop
  endfacet
  facet normal 0 0 1
    outer loop
      vertex 30.2268 23.1938 0
      vertex 39.747 30.4989 0
      vertex 37.6672 33.0332 0
    endloop
  endfacet
  facet normal 0 0 1
    outer loop
      vertex 49.1373 9.77402 0
      vertex 37.3679 7.43294 0
      vertex 37.774 4.97305 0
    endloop
  endfacet
  facet normal 0 0 1
    outer loop
      vertex 48.3929 12.9668 0
      vertex 36.8018 9.861 0
      vertex 37.3679 7.43294 0
    endloop
  endfacet
  facet normal 0 0 1
    outer loop
      vertex 47.4412 16.1041 0
      vertex 36.078 12.2468 0
      vertex 36.8018 9.861 0
    endloop
  endfacet
  facet normal 0 0 1
    outer loop
      vertex 28.6451 25.1211 0
      vertex 37.6672 33.0332 0
      vertex 35.426 35.426 0
    endloop
  endfacet
  facet normal 0 0 1
    outer loop
      vertex 46.2864 19.1724 0
      vertex 35.1998 14.5802 0
      vertex 36.078 12.2468 0
    endloop
  endfacet
  facet normal 0 0 1
    outer loop
      vertex 44.9333 22.1587 0
      vertex 34.1709 16.8512 0
      vertex 35.1998 14.5802 0
    endloop
  endfacet
  facet normal 0 0 1
    outer loop
      vertex 26.9408 26.9408 0
      vertex 35.426 35.426 0
      vertex 33.0332 37.6672 0
    endloop
  endfacet
  facet normal 0 0 1
    outer loop
      vertex 43.3879 25.05 0
      vertex 32.9956 19.05 0
      vertex 34.1709 16.8512 0
    endloop
  endfacet
  facet normal 0 0 1
    outer loop
      vertex 41.6566 27.8341 0
      vertex 31.679 21.1672 0
      vertex 32.9956 19.05 0
    endloop
  endfacet
  facet normal 0 0 1
    outer loop
      vertex 23.9986 37.0667 0
      vertex 33.0332 37.6672 0
      vertex 30.4989 39.747 0
    endloop
  endfacet
  facet normal 0 0 1
    outer loop
      vertex 39.747 30.4989 0
      vertex 30.2268 23.1938 0
      vertex 31.679 21.1672 0
    endloop
  endfacet
  facet normal 0 0 1
    outer loop
      vertex 37.6672 33.0332 0
      vertex 28.6451 25.1211 0
      vertex 30.2268 23.1938 0
    endloop
  endfacet
  facet normal 0 0 1
    outer loop
      vertex 24.2952 38.3389 0
      vertex 30.4989 39.747 0
      vertex 27.8341 41.6566 0
    endloop
  endfacet
  facet normal 0 0 1
    outer loop
      vertex 35.426 35.426 0
      vertex 26.9408 26.9408 0
      vertex 28.6451 25.1211 0
    endloop
  endfacet
  facet normal 0 0 1
    outer loop
      vertex 23.9986 37.0667 0
      vertex 30.4989 39.747 0
      vertex 24.1806 37.4685 0
    endloop
  endfacet
  facet normal 0 0 1
    outer loop
      vertex 23.835 39.5614 0
      vertex 27.8341 41.6566 0
      vertex 25.05 43.3879 0
    endloop
  endfacet
  facet normal 0 0 1
    outer loop
      vertex 30.4989 39.747 0
      vertex 24.2952 38.3389 0
      vertex 24.2808 37.898 0
    endloop
  endfacet
  facet normal 0 0 1
    outer loop
      vertex 30.4989 39.747 0
      vertex 24.2808 37.898 0
      vertex 24.1806 37.4685 0
    endloop
  endfacet
  facet normal 0 0 1
    outer loop
      vertex 33.0332 37.6672 0
      vertex 25.1211 28.6451 0
      vertex 26.9408 26.9408 0
    endloop
  endfacet
  facet normal 0 0 1
    outer loop
      vertex 33.0332 37.6672 0
      vertex 23.9986 37.0667 0
      vertex 25.1211 28.6451 0
    endloop
  endfacet
  facet normal -0 0 1
    outer loop
      vertex 23.7416 36.7082 0
      vertex 25.1211 28.6451 0
      vertex 23.9986 37.0667 0
    endloop
  endfacet
  facet normal 0 0 1
    outer loop
      vertex 23.1938 30.2268 0
      vertex 23.7416 36.7082 0
      vertex 23.4197 36.4067 0
    endloop
  endfacet
  facet normal 0 0 1
    outer loop
      vertex 23.7416 36.7082 0
      vertex 23.1938 30.2268 0
      vertex 25.1211 28.6451 0
    endloop
  endfacet
  facet normal -0 0 1
    outer loop
      vertex 23.0451 36.1738 0
      vertex 23.1938 30.2268 0
      vertex 23.4197 36.4067 0
    endloop
  endfacet
  facet normal -0 0 1
    outer loop
      vertex 22.6323 36.0184 0
      vertex 23.1938 30.2268 0
      vertex 23.0451 36.1738 0
    endloop
  endfacet
  facet normal 0 0 1
    outer loop
      vertex 21.1672 31.679 0
      vertex 22.6323 36.0184 0
      vertex 22.1972 35.9465 0
    endloop
  endfacet
  facet normal 0 0 1
    outer loop
      vertex 21.1672 31.679 0
      vertex 22.1972 35.9465 0
      vertex 21.7563 35.961 0
    endloop
  endfacet
  facet normal 0 0 1
    outer loop
      vertex 21.1672 31.679 0
      vertex 21.7563 35.961 0
      vertex 21.3268 36.0611 0
    endloop
  endfacet
  facet normal 0 0 1
    outer loop
      vertex 22.6323 36.0184 0
      vertex 21.1672 31.679 0
      vertex 23.1938 30.2268 0
    endloop
  endfacet
  facet normal 0 0 1
    outer loop
      vertex 19.05 32.9956 0
      vertex 21.3268 36.0611 0
      vertex 20.925 36.2432 0
    endloop
  endfacet
  facet normal 0 0 1
    outer loop
      vertex 19.05 32.9956 0
      vertex 20.925 36.2432 0
      vertex 20.5665 36.5001 0
    endloop
  endfacet
  facet normal 0 0 1
    outer loop
      vertex 19.05 32.9956 0
      vertex 20.5665 36.5001 0
      vertex 20.265 36.822 0
    endloop
  endfacet
  facet normal 0 0 1
    outer loop
      vertex 16.8512 34.1709 0
      vertex 20.265 36.822 0
      vertex 20.032 37.1966 0
    endloop
  endfacet
  facet normal 0 0 1
    outer loop
      vertex 16.8512 34.1709 0
      vertex 20.032 37.1966 0
      vertex 19.8767 37.6094 0
    endloop
  endfacet
  facet normal 0 0 1
    outer loop
      vertex 21.3268 36.0611 0
      vertex 19.05 32.9956 0
      vertex 21.1672 31.679 0
    endloop
  endfacet
  facet normal 0 0 1
    outer loop
      vertex 14.5802 35.1998 0
      vertex 19.8767 37.6094 0
      vertex 19.8048 38.0446 0
    endloop
  endfacet
  facet normal 0 -0 1
    outer loop
      vertex 14.5802 35.1998 0
      vertex 19.9194 38.915 0
      vertex 12.2468 36.078 0
    endloop
  endfacet
  facet normal 0 0 1
    outer loop
      vertex 20.265 36.822 0
      vertex 16.8512 34.1709 0
      vertex 19.05 32.9956 0
    endloop
  endfacet
  facet normal 0 0 1
    outer loop
      vertex 19.9194 38.915 0
      vertex 14.5802 35.1998 0
      vertex 19.8193 38.4854 0
    endloop
  endfacet
  facet normal 0 0 1
    outer loop
      vertex 19.8767 37.6094 0
      vertex 14.5802 35.1998 0
      vertex 16.8512 34.1709 0
    endloop
  endfacet
  facet normal 0 0 1
    outer loop
      vertex 12.2468 36.078 0
      vertex 16.1041 47.4412 0
      vertex 12.9668 48.3929 0
    endloop
  endfacet
  facet normal 0 0 1
    outer loop
      vertex 19.8193 38.4854 0
      vertex 14.5802 35.1998 0
      vertex 19.8048 38.0446 0
    endloop
  endfacet
  facet normal 0 0 1
    outer loop
      vertex 12.9668 48.3929 0
      vertex 9.861 36.8018 0
      vertex 12.2468 36.078 0
    endloop
  endfacet
  facet normal 0 0 1
    outer loop
      vertex 9.77402 49.1373 0
      vertex 9.861 36.8018 0
      vertex 12.9668 48.3929 0
    endloop
  endfacet
  facet normal 0 0 1
    outer loop
      vertex 9.77402 49.1373 0
      vertex 7.43294 37.3679 0
      vertex 9.861 36.8018 0
    endloop
  endfacet
  facet normal 0 0 1
    outer loop
      vertex 6.53936 49.6714 0
      vertex 7.43294 37.3679 0
      vertex 9.77402 49.1373 0
    endloop
  endfacet
  facet normal 0 0 1
    outer loop
      vertex 6.53936 49.6714 0
      vertex 4.97305 37.774 0
      vertex 7.43294 37.3679 0
    endloop
  endfacet
  facet normal 0 0 1
    outer loop
      vertex 3.2767 49.9927 0
      vertex 4.97305 37.774 0
      vertex 6.53936 49.6714 0
    endloop
  endfacet
  facet normal 0 0 1
    outer loop
      vertex 3.2767 49.9927 0
      vertex 2.49186 38.0184 0
      vertex 4.97305 37.774 0
    endloop
  endfacet
  facet normal 0 0 1
    outer loop
      vertex 0 50.1 0
      vertex 2.49186 38.0184 0
      vertex 3.2767 49.9927 0
    endloop
  endfacet
  facet normal 0 0 1
    outer loop
      vertex 0 50.1 0
      vertex 0 38.1 0
      vertex 2.49186 38.0184 0
    endloop
  endfacet
  facet normal 0 0 1
    outer loop
      vertex 0 50.1 0
      vertex -2.49186 38.0184 0
      vertex 0 38.1 0
    endloop
  endfacet
  facet normal -0 0 1
    outer loop
      vertex -3.2767 49.9927 0
      vertex -2.49186 38.0184 0
      vertex 0 50.1 0
    endloop
  endfacet
  facet normal 0 0 1
    outer loop
      vertex -3.2767 49.9927 0
      vertex -4.97305 37.774 0
      vertex -2.49186 38.0184 0
    endloop
  endfacet
  facet normal -0 0 1
    outer loop
      vertex -6.53936 49.6714 0
      vertex -4.97305 37.774 0
      vertex -3.2767 49.9927 0
    endloop
  endfacet
  facet normal 0 0 1
    outer loop
      vertex -6.53936 49.6714 0
      vertex -7.43294 37.3679 0
      vertex -4.97305 37.774 0
    endloop
  endfacet
  facet normal -0 0 1
    outer loop
      vertex -9.77402 49.1373 0
      vertex -7.43294 37.3679 0
      vertex -6.53936 49.6714 0
    endloop
  endfacet
  facet normal 0 0 1
    outer loop
      vertex -9.77402 49.1373 0
      vertex -9.861 36.8018 0
      vertex -7.43294 37.3679 0
    endloop
  endfacet
  facet normal -0 0 1
    outer loop
      vertex -12.9668 48.3929 0
      vertex -9.861 36.8018 0
      vertex -9.77402 49.1373 0
    endloop
  endfacet
  facet normal 0 0 1
    outer loop
      vertex -9.861 36.8018 0
      vertex -12.9668 48.3929 0
      vertex -12.2468 36.078 0
    endloop
  endfacet
  facet normal -0 0 1
    outer loop
      vertex -16.1041 47.4412 0
      vertex -12.2468 36.078 0
      vertex -12.9668 48.3929 0
    endloop
  endfacet
  facet normal 0 0 1
    outer loop
      vertex -12.2468 36.078 0
      vertex -16.1041 47.4412 0
      vertex -14.5802 35.1998 0
    endloop
  endfacet
  facet normal -0 0 1
    outer loop
      vertex -19.1724 46.2864 0
      vertex -14.5802 35.1998 0
      vertex -16.1041 47.4412 0
    endloop
  endfacet
  facet normal 0 0 1
    outer loop
      vertex -14.5802 35.1998 0
      vertex -19.1724 46.2864 0
      vertex -16.8512 34.1709 0
    endloop
  endfacet
  facet normal -0 0 1
    outer loop
      vertex -22.1587 44.9333 0
      vertex -16.8512 34.1709 0
      vertex -19.1724 46.2864 0
    endloop
  endfacet
  facet normal 0 0 1
    outer loop
      vertex -16.8512 34.1709 0
      vertex -22.1587 44.9333 0
      vertex -19.05 32.9956 0
    endloop
  endfacet
  facet normal -0 0 1
    outer loop
      vertex -25.05 43.3879 0
      vertex -19.05 32.9956 0
      vertex -22.1587 44.9333 0
    endloop
  endfacet
  facet normal 0 0 1
    outer loop
      vertex -19.05 32.9956 0
      vertex -25.05 43.3879 0
      vertex -21.1672 31.679 0
    endloop
  endfacet
  facet normal -0 0 1
    outer loop
      vertex -27.8341 41.6566 0
      vertex -21.1672 31.679 0
      vertex -25.05 43.3879 0
    endloop
  endfacet
  facet normal 0 0 1
    outer loop
      vertex -21.1672 31.679 0
      vertex -27.8341 41.6566 0
      vertex -23.1938 30.2268 0
    endloop
  endfacet
  facet normal -0 0 1
    outer loop
      vertex -30.4989 39.747 0
      vertex -23.1938 30.2268 0
      vertex -27.8341 41.6566 0
    endloop
  endfacet
  facet normal 0 0 1
    outer loop
      vertex -23.1938 30.2268 0
      vertex -30.4989 39.747 0
      vertex -25.1211 28.6451 0
    endloop
  endfacet
  facet normal -0 0 1
    outer loop
      vertex -33.0332 37.6672 0
      vertex -25.1211 28.6451 0
      vertex -30.4989 39.747 0
    endloop
  endfacet
  facet normal 0 0 1
    outer loop
      vertex -25.1211 28.6451 0
      vertex -33.0332 37.6672 0
      vertex -26.9408 26.9408 0
    endloop
  endfacet
  facet normal -0 0 1
    outer loop
      vertex -35.426 35.426 0
      vertex -26.9408 26.9408 0
      vertex -33.0332 37.6672 0
    endloop
  endfacet
  facet normal 0 0 1
    outer loop
      vertex -26.9408 26.9408 0
      vertex -35.426 35.426 0
      vertex -28.6451 25.1211 0
    endloop
  endfacet
  facet normal -0 0 1
    outer loop
      vertex -37.6672 33.0332 0
      vertex -28.6451 25.1211 0
      vertex -35.426 35.426 0
    endloop
  endfacet
  facet normal 0 0 1
    outer loop
      vertex -28.6451 25.1211 0
      vertex -37.6672 33.0332 0
      vertex -30.2268 23.1938 0
    endloop
  endfacet
  facet normal -0 0 1
    outer loop
      vertex -39.747 30.4989 0
      vertex -30.2268 23.1938 0
      vertex -37.6672 33.0332 0
    endloop
  endfacet
  facet normal 0 0 1
    outer loop
      vertex -30.2268 23.1938 0
      vertex -39.747 30.4989 0
      vertex -31.679 21.1672 0
    endloop
  endfacet
  facet normal -0 0 1
    outer loop
      vertex -41.6566 27.8341 0
      vertex -31.679 21.1672 0
      vertex -39.747 30.4989 0
    endloop
  endfacet
  facet normal 0 0 1
    outer loop
      vertex -31.679 21.1672 0
      vertex -41.6566 27.8341 0
      vertex -32.9956 19.05 0
    endloop
  endfacet
  facet normal -0 0 1
    outer loop
      vertex -43.3879 25.05 0
      vertex -32.9956 19.05 0
      vertex -41.6566 27.8341 0
    endloop
  endfacet
  facet normal 0 0 1
    outer loop
      vertex -32.9956 19.05 0
      vertex -43.3879 25.05 0
      vertex -34.1709 16.8512 0
    endloop
  endfacet
  facet normal -0 0 1
    outer loop
      vertex -44.9333 22.1587 0
      vertex -34.1709 16.8512 0
      vertex -43.3879 25.05 0
    endloop
  endfacet
  facet normal 0 0 1
    outer loop
      vertex -34.1709 16.8512 0
      vertex -44.9333 22.1587 0
      vertex -35.1998 14.5802 0
    endloop
  endfacet
  facet normal -0 0 1
    outer loop
      vertex -46.2864 19.1724 0
      vertex -35.1998 14.5802 0
      vertex -44.9333 22.1587 0
    endloop
  endfacet
  facet normal 0 0 1
    outer loop
      vertex -35.1998 14.5802 0
      vertex -46.2864 19.1724 0
      vertex -36.078 12.2468 0
    endloop
  endfacet
  facet normal -0 0 1
    outer loop
      vertex -47.4412 16.1041 0
      vertex -36.078 12.2468 0
      vertex -46.2864 19.1724 0
    endloop
  endfacet
  facet normal 0 0 1
    outer loop
      vertex 47.4412 -16.1041 0
      vertex 36.078 -12.2468 0
      vertex 46.2864 -19.1724 0
    endloop
  endfacet
  facet normal -0 0 1
    outer loop
      vertex 35.1998 -14.5802 0
      vertex 46.2864 -19.1724 0
      vertex 36.078 -12.2468 0
    endloop
  endfacet
  facet normal 0 0 1
    outer loop
      vertex 46.2864 -19.1724 0
      vertex 35.1998 -14.5802 0
      vertex 44.9333 -22.1587 0
    endloop
  endfacet
  facet normal -0 0 1
    outer loop
      vertex 34.1709 -16.8512 0
      vertex 44.9333 -22.1587 0
      vertex 35.1998 -14.5802 0
    endloop
  endfacet
  facet normal 0 0 1
    outer loop
      vertex 44.9333 -22.1587 0
      vertex 34.1709 -16.8512 0
      vertex 43.3879 -25.05 0
    endloop
  endfacet
  facet normal -0 0 1
    outer loop
      vertex 32.9956 -19.05 0
      vertex 43.3879 -25.05 0
      vertex 34.1709 -16.8512 0
    endloop
  endfacet
  facet normal 0 0 1
    outer loop
      vertex 43.3879 -25.05 0
      vertex 32.9956 -19.05 0
      vertex 41.6566 -27.8341 0
    endloop
  endfacet
  facet normal -0 0 1
    outer loop
      vertex 31.679 -21.1672 0
      vertex 41.6566 -27.8341 0
      vertex 32.9956 -19.05 0
    endloop
  endfacet
  facet normal 0 0 1
    outer loop
      vertex 41.6566 -27.8341 0
      vertex 31.679 -21.1672 0
      vertex 39.747 -30.4989 0
    endloop
  endfacet
  facet normal -0 0 1
    outer loop
      vertex 30.2268 -23.1938 0
      vertex 39.747 -30.4989 0
      vertex 31.679 -21.1672 0
    endloop
  endfacet
  facet normal 0 0 1
    outer loop
      vertex 39.747 -30.4989 0
      vertex 30.2268 -23.1938 0
      vertex 37.6672 -33.0332 0
    endloop
  endfacet
  facet normal -0 0 1
    outer loop
      vertex 28.6451 -25.1211 0
      vertex 37.6672 -33.0332 0
      vertex 30.2268 -23.1938 0
    endloop
  endfacet
  facet normal 0 0 1
    outer loop
      vertex 37.6672 -33.0332 0
      vertex 28.6451 -25.1211 0
      vertex 35.426 -35.426 0
    endloop
  endfacet
  facet normal -0 0 1
    outer loop
      vertex 26.9408 -26.9408 0
      vertex 35.426 -35.426 0
      vertex 28.6451 -25.1211 0
    endloop
  endfacet
  facet normal 0 0 1
    outer loop
      vertex 35.426 -35.426 0
      vertex 26.9408 -26.9408 0
      vertex 33.0332 -37.6672 0
    endloop
  endfacet
  facet normal -0 0 1
    outer loop
      vertex 25.1211 -28.6451 0
      vertex 33.0332 -37.6672 0
      vertex 26.9408 -26.9408 0
    endloop
  endfacet
  facet normal -0 0 1
    outer loop
      vertex 23.9986 -37.0667 0
      vertex 33.0332 -37.6672 0
      vertex 25.1211 -28.6451 0
    endloop
  endfacet
  facet normal 0 0 1
    outer loop
      vertex 33.0332 -37.6672 0
      vertex 23.9986 -37.0667 0
      vertex 30.4989 -39.747 0
    endloop
  endfacet
  facet normal -0 -0 1
    outer loop
      vertex 24.2808 -37.898 0
      vertex 30.4989 -39.747 0
      vertex 24.1806 -37.4685 0
    endloop
  endfacet
  facet normal 0 0 1
    outer loop
      vertex 30.4989 -39.747 0
      vertex 24.2952 -38.3389 0
      vertex 27.8341 -41.6566 0
    endloop
  endfacet
  facet normal -0 0 1
    outer loop
      vertex 24.2233 -38.7741 0
      vertex 27.8341 -41.6566 0
      vertex 24.2952 -38.3389 0
    endloop
  endfacet
  facet normal -0 -0 1
    outer loop
      vertex 24.2952 -38.3389 0
      vertex 30.4989 -39.747 0
      vertex 24.2808 -37.898 0
    endloop
  endfacet
  facet normal 0 0 1
    outer loop
      vertex 30.4989 -39.747 0
      vertex 23.9986 -37.0667 0
      vertex 24.1806 -37.4685 0
    endloop
  endfacet
  facet normal 0 0 1
    outer loop
      vertex 25.1211 -28.6451 0
      vertex 23.7416 -36.7082 0
      vertex 23.9986 -37.0667 0
    endloop
  endfacet
  facet normal -0 0 1
    outer loop
      vertex 23.1938 -30.2268 0
      vertex 23.7416 -36.7082 0
      vertex 25.1211 -28.6451 0
    endloop
  endfacet
  facet normal 0 0 1
    outer loop
      vertex 23.7416 -36.7082 0
      vertex 23.1938 -30.2268 0
      vertex 23.4197 -36.4067 0
    endloop
  endfacet
  facet normal 0 0 1
    outer loop
      vertex 23.1938 -30.2268 0
      vertex 23.0451 -36.1738 0
      vertex 23.4197 -36.4067 0
    endloop
  endfacet
  facet normal 0 0 1
    outer loop
      vertex 23.1938 -30.2268 0
      vertex 22.6323 -36.0184 0
      vertex 23.0451 -36.1738 0
    endloop
  endfacet
  facet normal -0 0 1
    outer loop
      vertex 21.1672 -31.679 0
      vertex 22.6323 -36.0184 0
      vertex 23.1938 -30.2268 0
    endloop
  endfacet
  facet normal 0 0 1
    outer loop
      vertex 22.6323 -36.0184 0
      vertex 21.1672 -31.679 0
      vertex 22.1972 -35.9465 0
    endloop
  endfacet
  facet normal 0 0 1
    outer loop
      vertex 22.1972 -35.9465 0
      vertex 21.1672 -31.679 0
      vertex 21.7563 -35.961 0
    endloop
  endfacet
  facet normal 0 0 1
    outer loop
      vertex 21.7563 -35.961 0
      vertex 21.1672 -31.679 0
      vertex 21.3268 -36.0611 0
    endloop
  endfacet
  facet normal -0 0 1
    outer loop
      vertex 19.05 -32.9956 0
      vertex 21.3268 -36.0611 0
      vertex 21.1672 -31.679 0
    endloop
  endfacet
  facet normal 0 0 1
    outer loop
      vertex 21.3268 -36.0611 0
      vertex 19.05 -32.9956 0
      vertex 20.925 -36.2432 0
    endloop
  endfacet
  facet normal 0 0 1
    outer loop
      vertex 20.925 -36.2432 0
      vertex 19.05 -32.9956 0
      vertex 20.5665 -36.5001 0
    endloop
  endfacet
  facet normal 0 0 1
    outer loop
      vertex 20.5665 -36.5001 0
      vertex 19.05 -32.9956 0
      vertex 20.265 -36.822 0
    endloop
  endfacet
  facet normal -0 0 1
    outer loop
      vertex 16.8512 -34.1709 0
      vertex 20.265 -36.822 0
      vertex 19.05 -32.9956 0
    endloop
  endfacet
  facet normal 0 0 1
    outer loop
      vertex 20.265 -36.822 0
      vertex 16.8512 -34.1709 0
      vertex 20.032 -37.1966 0
    endloop
  endfacet
  facet normal 0 0 1
    outer loop
      vertex 20.032 -37.1966 0
      vertex 16.8512 -34.1709 0
      vertex 19.8767 -37.6094 0
    endloop
  endfacet
  facet normal 0 0 1
    outer loop
      vertex 19.8767 -37.6094 0
      vertex 14.5802 -35.1998 0
      vertex 19.8048 -38.0446 0
    endloop
  endfacet
  facet normal 0 0 1
    outer loop
      vertex 19.8048 -38.0446 0
      vertex 14.5802 -35.1998 0
      vertex 19.8193 -38.4854 0
    endloop
  endfacet
  facet normal -0 0 1
    outer loop
      vertex 12.2468 -36.078 0
      vertex 19.8193 -38.4854 0
      vertex 14.5802 -35.1998 0
    endloop
  endfacet
  facet normal 0 0 1
    outer loop
      vertex 19.8193 -38.4854 0
      vertex 16.1041 -47.4412 0
      vertex 19.1724 -46.2864 0
    endloop
  endfacet
  facet normal 0 0 1
    outer loop
      vertex 19.8193 -38.4854 0
      vertex 12.2468 -36.078 0
      vertex 16.1041 -47.4412 0
    endloop
  endfacet
  facet normal 0 0 1
    outer loop
      vertex 16.1041 -47.4412 0
      vertex 12.2468 -36.078 0
      vertex 12.9668 -48.3929 0
    endloop
  endfacet
  facet normal -0 0 1
    outer loop
      vertex 9.861 -36.8018 0
      vertex 12.9668 -48.3929 0
      vertex 12.2468 -36.078 0
    endloop
  endfacet
  facet normal 0 0 1
    outer loop
      vertex 9.861 -36.8018 0
      vertex 9.77402 -49.1373 0
      vertex 12.9668 -48.3929 0
    endloop
  endfacet
  facet normal -0 0 1
    outer loop
      vertex 7.43294 -37.3679 0
      vertex 9.77402 -49.1373 0
      vertex 9.861 -36.8018 0
    endloop
  endfacet
  facet normal 0 0 1
    outer loop
      vertex 7.43294 -37.3679 0
      vertex 6.53936 -49.6714 0
      vertex 9.77402 -49.1373 0
    endloop
  endfacet
  facet normal -0 0 1
    outer loop
      vertex 4.97305 -37.774 0
      vertex 6.53936 -49.6714 0
      vertex 7.43294 -37.3679 0
    endloop
  endfacet
  facet normal 0 0 1
    outer loop
      vertex 4.97305 -37.774 0
      vertex 3.2767 -49.9927 0
      vertex 6.53936 -49.6714 0
    endloop
  endfacet
  facet normal -0 0 1
    outer loop
      vertex 2.49186 -38.0184 0
      vertex 3.2767 -49.9927 0
      vertex 4.97305 -37.774 0
    endloop
  endfacet
  facet normal -0 0 1
    outer loop
      vertex 0 -38.1 0
      vertex 3.2767 -49.9927 0
      vertex 2.49186 -38.0184 0
    endloop
  endfacet
  facet normal 0 0 1
    outer loop
      vertex 0 -38.1 0
      vertex 0 -50.1 0
      vertex 3.2767 -49.9927 0
    endloop
  endfacet
  facet normal 0 0 1
    outer loop
      vertex -2.49186 -38.0184 0
      vertex 0 -50.1 0
      vertex 0 -38.1 0
    endloop
  endfacet
  facet normal 0 0 1
    outer loop
      vertex -2.49186 -38.0184 0
      vertex -3.2767 -49.9927 0
      vertex 0 -50.1 0
    endloop
  endfacet
  facet normal 0 0 1
    outer loop
      vertex -4.97305 -37.774 0
      vertex -3.2767 -49.9927 0
      vertex -2.49186 -38.0184 0
    endloop
  endfacet
  facet normal 0 0 1
    outer loop
      vertex -4.97305 -37.774 0
      vertex -6.53936 -49.6714 0
      vertex -3.2767 -49.9927 0
    endloop
  endfacet
  facet normal 0 0 1
    outer loop
      vertex -7.43294 -37.3679 0
      vertex -6.53936 -49.6714 0
      vertex -4.97305 -37.774 0
    endloop
  endfacet
  facet normal 0 0 1
    outer loop
      vertex -7.43294 -37.3679 0
      vertex -9.77402 -49.1373 0
      vertex -6.53936 -49.6714 0
    endloop
  endfacet
  facet normal 0 0 1
    outer loop
      vertex -9.861 -36.8018 0
      vertex -9.77402 -49.1373 0
      vertex -7.43294 -37.3679 0
    endloop
  endfacet
  facet normal 0 0 1
    outer loop
      vertex -12.9668 -48.3929 0
      vertex -9.861 -36.8018 0
      vertex -12.2468 -36.078 0
    endloop
  endfacet
  facet normal 0 0 1
    outer loop
      vertex -9.861 -36.8018 0
      vertex -12.9668 -48.3929 0
      vertex -9.77402 -49.1373 0
    endloop
  endfacet
  facet normal 0 0 1
    outer loop
      vertex -16.1041 -47.4412 0
      vertex -12.2468 -36.078 0
      vertex -14.5802 -35.1998 0
    endloop
  endfacet
  facet normal 0 0 1
    outer loop
      vertex -12.2468 -36.078 0
      vertex -16.1041 -47.4412 0
      vertex -12.9668 -48.3929 0
    endloop
  endfacet
  facet normal 0 0 1
    outer loop
      vertex -19.1724 -46.2864 0
      vertex -14.5802 -35.1998 0
      vertex -16.8512 -34.1709 0
    endloop
  endfacet
  facet normal 0 0 1
    outer loop
      vertex -22.1587 -44.9333 0
      vertex -16.8512 -34.1709 0
      vertex -19.05 -32.9956 0
    endloop
  endfacet
  facet normal 0 0 1
    outer loop
      vertex -14.5802 -35.1998 0
      vertex -19.1724 -46.2864 0
      vertex -16.1041 -47.4412 0
    endloop
  endfacet
  facet normal 0 0 1
    outer loop
      vertex -25.05 -43.3879 0
      vertex -19.05 -32.9956 0
      vertex -21.1672 -31.679 0
    endloop
  endfacet
  facet normal 0 0 1
    outer loop
      vertex -16.8512 -34.1709 0
      vertex -22.1587 -44.9333 0
      vertex -19.1724 -46.2864 0
    endloop
  endfacet
  facet normal 0 0 1
    outer loop
      vertex -27.8341 -41.6566 0
      vertex -21.1672 -31.679 0
      vertex -23.1938 -30.2268 0
    endloop
  endfacet
  facet normal 0 0 1
    outer loop
      vertex -19.05 -32.9956 0
      vertex -25.05 -43.3879 0
      vertex -22.1587 -44.9333 0
    endloop
  endfacet
  facet normal 0 0 1
    outer loop
      vertex -30.4989 -39.747 0
      vertex -23.1938 -30.2268 0
      vertex -25.1211 -28.6451 0
    endloop
  endfacet
  facet normal 0 0 1
    outer loop
      vertex -33.0332 -37.6672 0
      vertex -25.1211 -28.6451 0
      vertex -26.9408 -26.9408 0
    endloop
  endfacet
  facet normal 0 0 1
    outer loop
      vertex -21.1672 -31.679 0
      vertex -27.8341 -41.6566 0
      vertex -25.05 -43.3879 0
    endloop
  endfacet
  facet normal 0 0 1
    outer loop
      vertex -35.426 -35.426 0
      vertex -26.9408 -26.9408 0
      vertex -28.6451 -25.1211 0
    endloop
  endfacet
  facet normal 0 0 1
    outer loop
      vertex -37.6672 -33.0332 0
      vertex -28.6451 -25.1211 0
      vertex -30.2268 -23.1938 0
    endloop
  endfacet
  facet normal 0 0 1
    outer loop
      vertex -23.1938 -30.2268 0
      vertex -30.4989 -39.747 0
      vertex -27.8341 -41.6566 0
    endloop
  endfacet
  facet normal 0 0 1
    outer loop
      vertex -39.747 -30.4989 0
      vertex -30.2268 -23.1938 0
      vertex -31.679 -21.1672 0
    endloop
  endfacet
  facet normal 0 0 1
    outer loop
      vertex -41.6566 -27.8341 0
      vertex -31.679 -21.1672 0
      vertex -32.9956 -19.05 0
    endloop
  endfacet
  facet normal 0 0 1
    outer loop
      vertex -25.1211 -28.6451 0
      vertex -33.0332 -37.6672 0
      vertex -30.4989 -39.747 0
    endloop
  endfacet
  facet normal 0 0 1
    outer loop
      vertex -41.6566 -27.8341 0
      vertex -32.9956 -19.05 0
      vertex -34.1709 -16.8512 0
    endloop
  endfacet
  facet normal 0 0 1
    outer loop
      vertex -41.6566 -27.8341 0
      vertex -34.1709 -16.8512 0
      vertex -35.1998 -14.5802 0
    endloop
  endfacet
  facet normal 0 0 1
    outer loop
      vertex -26.9408 -26.9408 0
      vertex -35.426 -35.426 0
      vertex -33.0332 -37.6672 0
    endloop
  endfacet
  facet normal 0 0 1
    outer loop
      vertex -41.6566 -27.8341 0
      vertex -35.1998 -14.5802 0
      vertex -36.078 -12.2468 0
    endloop
  endfacet
  facet normal 0 0 1
    outer loop
      vertex -41.6566 -27.8341 0
      vertex -36.078 -12.2468 0
      vertex -36.8018 -9.861 0
    endloop
  endfacet
  facet normal -0 0 1
    outer loop
      vertex -42.2292 -1.25003 0
      vertex -38.0184 -2.49186 0
      vertex -42.0213 -0.861037 0
    endloop
  endfacet
  facet normal 0 0 1
    outer loop
      vertex -28.6451 -25.1211 0
      vertex -37.6672 -33.0332 0
      vertex -35.426 -35.426 0
    endloop
  endfacet
  facet normal -0 0 1
    outer loop
      vertex -42.0213 -0.861037 0
      vertex -38.0184 -2.49186 0
      vertex -41.8932 -0.438952 0
    endloop
  endfacet
  facet normal 0 0 1
    outer loop
      vertex -38.1 0 0
      vertex -41.8932 -0.438952 0
      vertex -38.0184 -2.49186 0
    endloop
  endfacet
  facet normal 0 0 1
    outer loop
      vertex -41.8932 -0.438952 0
      vertex -38.1 0 0
      vertex -41.85 0 0
    endloop
  endfacet
  facet normal 0 0 1
    outer loop
      vertex -36.078 12.2468 0
      vertex -47.4412 16.1041 0
      vertex -36.8018 9.861 0
    endloop
  endfacet
  facet normal -0 0 1
    outer loop
      vertex -42.509 -1.59099 0
      vertex -38.0184 -2.49186 0
      vertex -42.2292 -1.25003 0
    endloop
  endfacet
  facet normal -0 0 1
    outer loop
      vertex -48.3929 12.9668 0
      vertex -36.8018 9.861 0
      vertex -47.4412 16.1041 0
    endloop
  endfacet
  facet normal 0 0 1
    outer loop
      vertex -30.2268 -23.1938 0
      vertex -39.747 -30.4989 0
      vertex -37.6672 -33.0332 0
    endloop
  endfacet
  facet normal 0 0 1
    outer loop
      vertex -31.679 -21.1672 0
      vertex -41.6566 -27.8341 0
      vertex -39.747 -30.4989 0
    endloop
  endfacet
  facet normal 0 0 1
    outer loop
      vertex -38.1 0 0
      vertex -41.8932 0.438952 0
      vertex -41.85 0 0
    endloop
  endfacet
  facet normal 0 0 1
    outer loop
      vertex -38.1 0 0
      vertex -42.0213 0.861037 0
      vertex -41.8932 0.438952 0
    endloop
  endfacet
  facet normal 0 0 1
    outer loop
      vertex -38.0184 2.49186 0
      vertex -42.0213 0.861037 0
      vertex -38.1 0 0
    endloop
  endfacet
  facet normal 0 0 1
    outer loop
      vertex -36.8018 9.861 0
      vertex -48.3929 12.9668 0
      vertex -37.3679 7.43294 0
    endloop
  endfacet
  facet normal 0 -0 1
    outer loop
      vertex -43.661 2.20677 0
      vertex -37.3679 7.43294 0
      vertex -44.1 2.25 0
    endloop
  endfacet
  facet normal 0 -0 1
    outer loop
      vertex -42.0213 0.861037 0
      vertex -38.0184 2.49186 0
      vertex -42.2292 1.25003 0
    endloop
  endfacet
  facet normal 0 -0 1
    outer loop
      vertex -43.239 2.07873 0
      vertex -37.774 4.97305 0
      vertex -43.661 2.20677 0
    endloop
  endfacet
  facet normal 0 -0 1
    outer loop
      vertex -42.2292 1.25003 0
      vertex -38.0184 2.49186 0
      vertex -42.509 1.59099 0
    endloop
  endfacet
  facet normal 0 0 1
    outer loop
      vertex -37.774 4.97305 0
      vertex -42.509 1.59099 0
      vertex -38.0184 2.49186 0
    endloop
  endfacet
  facet normal 0 -0 1
    outer loop
      vertex -42.509 1.59099 0
      vertex -37.774 4.97305 0
      vertex -42.85 1.87081 0
    endloop
  endfacet
  facet normal 0 -0 1
    outer loop
      vertex -42.85 1.87081 0
      vertex -37.774 4.97305 0
      vertex -43.239 2.07873 0
    endloop
  endfacet
  facet normal 0 0 1
    outer loop
      vertex -37.3679 7.43294 0
      vertex -43.661 2.20677 0
      vertex -37.774 4.97305 0
    endloop
  endfacet
  facet normal -0 0 1
    outer loop
      vertex -49.1373 9.77402 0
      vertex -37.3679 7.43294 0
      vertex -48.3929 12.9668 0
    endloop
  endfacet
  facet normal 0 0 1
    outer loop
      vertex -37.3679 7.43294 0
      vertex -49.1373 9.77402 0
      vertex -44.1 2.25 0
    endloop
  endfacet
  facet normal -0 0 1
    outer loop
      vertex -49.6714 6.53936 0
      vertex -44.1 2.25 0
      vertex -49.1373 9.77402 0
    endloop
  endfacet
  facet normal 0 0 1
    outer loop
      vertex -44.1 2.25 0
      vertex -49.6714 6.53936 0
      vertex -44.539 2.20677 0
    endloop
  endfacet
  facet normal 0 0 1
    outer loop
      vertex -44.539 2.20677 0
      vertex -49.6714 6.53936 0
      vertex -44.961 2.07873 0
    endloop
  endfacet
  facet normal 0 0 1
    outer loop
      vertex -44.961 2.07873 0
      vertex -49.6714 6.53936 0
      vertex -45.35 1.87081 0
    endloop
  endfacet
  facet normal -0 0 1
    outer loop
      vertex -49.9927 3.2767 0
      vertex -45.35 1.87081 0
      vertex -49.6714 6.53936 0
    endloop
  endfacet
  facet normal 0 0 1
    outer loop
      vertex -45.35 1.87081 0
      vertex -49.9927 3.2767 0
      vertex -45.691 1.59099 0
    endloop
  endfacet
  facet normal -0 0 1
    outer loop
      vertex 24.068 -39.1869 0
      vertex 27.8341 -41.6566 0
      vertex 24.2233 -38.7741 0
    endloop
  endfacet
  facet normal -0 0 1
    outer loop
      vertex 23.835 -39.5614 0
      vertex 27.8341 -41.6566 0
      vertex 24.068 -39.1869 0
    endloop
  endfacet
  facet normal 0 0 1
    outer loop
      vertex 27.8341 -41.6566 0
      vertex 23.835 -39.5614 0
      vertex 25.05 -43.3879 0
    endloop
  endfacet
  facet normal -0 0 1
    outer loop
      vertex 23.5335 -39.8834 0
      vertex 25.05 -43.3879 0
      vertex 23.835 -39.5614 0
    endloop
  endfacet
  facet normal -0 0 1
    outer loop
      vertex 23.175 -40.1403 0
      vertex 25.05 -43.3879 0
      vertex 23.5335 -39.8834 0
    endloop
  endfacet
  facet normal -0 0 1
    outer loop
      vertex 22.7732 -40.3223 0
      vertex 25.05 -43.3879 0
      vertex 23.175 -40.1403 0
    endloop
  endfacet
  facet normal -0 0 1
    outer loop
      vertex 22.3437 -40.4225 0
      vertex 25.05 -43.3879 0
      vertex 22.7732 -40.3223 0
    endloop
  endfacet
  facet normal 0 0 1
    outer loop
      vertex 22.3437 -40.4225 0
      vertex 22.1587 -44.9333 0
      vertex 25.05 -43.3879 0
    endloop
  endfacet
  facet normal -0 0 1
    outer loop
      vertex 21.9028 -40.4369 0
      vertex 22.1587 -44.9333 0
      vertex 22.3437 -40.4225 0
    endloop
  endfacet
  facet normal 0 0 1
    outer loop
      vertex 21.4677 -40.3651 0
      vertex 22.1587 -44.9333 0
      vertex 21.9028 -40.4369 0
    endloop
  endfacet
  facet normal 0 0 1
    outer loop
      vertex 21.0549 -40.2097 0
      vertex 22.1587 -44.9333 0
      vertex 21.4677 -40.3651 0
    endloop
  endfacet
  facet normal 0 0 1
    outer loop
      vertex 19.1724 -46.2864 0
      vertex 21.0549 -40.2097 0
      vertex 20.6803 -39.9768 0
    endloop
  endfacet
  facet normal 0 0 1
    outer loop
      vertex 19.1724 -46.2864 0
      vertex 20.6803 -39.9768 0
      vertex 20.3584 -39.6752 0
    endloop
  endfacet
  facet normal 0 0 1
    outer loop
      vertex 19.1724 -46.2864 0
      vertex 20.3584 -39.6752 0
      vertex 20.1014 -39.3167 0
    endloop
  endfacet
  facet normal 0 0 1
    outer loop
      vertex 19.1724 -46.2864 0
      vertex 20.1014 -39.3167 0
      vertex 19.9194 -38.915 0
    endloop
  endfacet
  facet normal 0 0 1
    outer loop
      vertex 21.0549 -40.2097 0
      vertex 19.1724 -46.2864 0
      vertex 22.1587 -44.9333 0
    endloop
  endfacet
  facet normal 0 0 1
    outer loop
      vertex 19.8193 -38.4854 0
      vertex 19.1724 -46.2864 0
      vertex 19.9194 -38.915 0
    endloop
  endfacet
  facet normal -0 0 1
    outer loop
      vertex 14.5802 -35.1998 0
      vertex 19.8767 -37.6094 0
      vertex 16.8512 -34.1709 0
    endloop
  endfacet
  facet normal -0.956939 -0.290288 0
    outer loop
      vertex -47.4412 -16.1041 -20
      vertex -48.3929 -12.9668 0
      vertex -48.3929 -12.9668 -20
    endloop
  endfacet
  facet normal -0.956939 -0.290288 0
    outer loop
      vertex -48.3929 -12.9668 0
      vertex -47.4412 -16.1041 -20
      vertex -47.4412 -16.1041 0
    endloop
  endfacet
  facet normal 0.881918 -0.471402 0
    outer loop
      vertex 32.9956 -19.05 190
      vertex 34.1709 -16.8512 0
      vertex 34.1709 -16.8512 190
    endloop
  endfacet
  facet normal 0.881918 -0.471402 0
    outer loop
      vertex 34.1709 -16.8512 0
      vertex 32.9956 -19.05 190
      vertex 32.9956 -19.05 0
    endloop
  endfacet
  facet normal 0.995184 0.0980267 0
    outer loop
      vertex 38.0184 2.49186 190
      vertex 37.774 4.97305 0
      vertex 37.774 4.97305 190
    endloop
  endfacet
  facet normal 0.995184 0.0980267 0
    outer loop
      vertex 37.774 4.97305 0
      vertex 38.0184 2.49186 190
      vertex 38.0184 2.49186 0
    endloop
  endfacet
  facet normal 0.999464 0.0327291 0
    outer loop
      vertex 38.1 0 190
      vertex 38.0184 2.49186 0
      vertex 38.0184 2.49186 190
    endloop
  endfacet
  facet normal 0.999464 0.0327291 0
    outer loop
      vertex 38.0184 2.49186 0
      vertex 38.1 0 190
      vertex 38.1 0 0
    endloop
  endfacet
  facet normal 0.986645 0.162884 0
    outer loop
      vertex 37.774 4.97305 190
      vertex 37.3679 7.43294 0
      vertex 37.3679 7.43294 190
    endloop
  endfacet
  facet normal 0.986645 0.162884 0
    outer loop
      vertex 37.3679 7.43294 0
      vertex 37.774 4.97305 190
      vertex 37.774 4.97305 0
    endloop
  endfacet
  facet normal -0.290312 -0.956932 0
    outer loop
      vertex -12.2468 -36.078 0
      vertex -9.861 -36.8018 190
      vertex -12.2468 -36.078 190
    endloop
  endfacet
  facet normal -0.290312 -0.956932 -0
    outer loop
      vertex -9.861 -36.8018 190
      vertex -12.2468 -36.078 0
      vertex -9.861 -36.8018 0
    endloop
  endfacet
  facet normal 0.412682 -0.910875 0
    outer loop
      vertex 14.5802 -35.1998 0
      vertex 16.8512 -34.1709 190
      vertex 14.5802 -35.1998 190
    endloop
  endfacet
  facet normal 0.412682 -0.910875 0
    outer loop
      vertex 16.8512 -34.1709 190
      vertex 14.5802 -35.1998 0
      vertex 16.8512 -34.1709 0
    endloop
  endfacet
  facet normal 0.412682 0.910875 -0
    outer loop
      vertex 16.8512 34.1709 0
      vertex 14.5802 35.1998 190
      vertex 16.8512 34.1709 190
    endloop
  endfacet
  facet normal 0.412682 0.910875 0
    outer loop
      vertex 14.5802 35.1998 190
      vertex 16.8512 34.1709 0
      vertex 14.5802 35.1998 0
    endloop
  endfacet
  facet normal 0.634395 0.773009 -0
    outer loop
      vertex 25.1211 28.6451 0
      vertex 23.1938 30.2268 190
      vertex 25.1211 28.6451 190
    endloop
  endfacet
  facet normal 0.634395 0.773009 0
    outer loop
      vertex 23.1938 30.2268 190
      vertex 25.1211 28.6451 0
      vertex 23.1938 30.2268 0
    endloop
  endfacet
  facet normal 0.849195 -0.52808 0
    outer loop
      vertex 31.679 -21.1672 190
      vertex 32.9956 -19.05 0
      vertex 32.9956 -19.05 190
    endloop
  endfacet
  facet normal 0.849195 -0.52808 0
    outer loop
      vertex 32.9956 -19.05 0
      vertex 31.679 -21.1672 190
      vertex 31.679 -21.1672 0
    endloop
  endfacet
  facet normal 0.973881 -0.227059 0
    outer loop
      vertex 36.8018 -9.861 190
      vertex 37.3679 -7.43294 0
      vertex 37.3679 -7.43294 190
    endloop
  endfacet
  facet normal 0.973881 -0.227059 0
    outer loop
      vertex 37.3679 -7.43294 0
      vertex 36.8018 -9.861 190
      vertex 36.8018 -9.861 0
    endloop
  endfacet
  facet normal 0.881918 0.471402 0
    outer loop
      vertex 34.1709 16.8512 190
      vertex 32.9956 19.05 0
      vertex 32.9956 19.05 190
    endloop
  endfacet
  facet normal 0.881918 0.471402 0
    outer loop
      vertex 32.9956 19.05 0
      vertex 34.1709 16.8512 190
      vertex 34.1709 16.8512 0
    endloop
  endfacet
  facet normal 0.973881 0.227059 0
    outer loop
      vertex 37.3679 7.43294 190
      vertex 36.8018 9.861 0
      vertex 36.8018 9.861 190
    endloop
  endfacet
  facet normal 0.973881 0.227059 0
    outer loop
      vertex 36.8018 9.861 0
      vertex 37.3679 7.43294 190
      vertex 37.3679 7.43294 0
    endloop
  endfacet
  facet normal -0.227059 -0.973881 0
    outer loop
      vertex -9.861 -36.8018 0
      vertex -7.43294 -37.3679 190
      vertex -9.861 -36.8018 190
    endloop
  endfacet
  facet normal -0.227059 -0.973881 -0
    outer loop
      vertex -7.43294 -37.3679 190
      vertex -9.861 -36.8018 0
      vertex -7.43294 -37.3679 0
    endloop
  endfacet
  facet normal -0.773009 -0.634395 0
    outer loop
      vertex -28.6451 -25.1211 0
      vertex -30.2268 -23.1938 190
      vertex -30.2268 -23.1938 0
    endloop
  endfacet
  facet normal -0.773009 -0.634395 0
    outer loop
      vertex -30.2268 -23.1938 190
      vertex -28.6451 -25.1211 0
      vertex -28.6451 -25.1211 190
    endloop
  endfacet
  facet normal 0.162884 0.986645 -0
    outer loop
      vertex 7.43294 37.3679 0
      vertex 4.97305 37.774 190
      vertex 7.43294 37.3679 190
    endloop
  endfacet
  facet normal 0.162884 0.986645 0
    outer loop
      vertex 4.97305 37.774 190
      vertex 7.43294 37.3679 0
      vertex 4.97305 37.774 0
    endloop
  endfacet
  facet normal 0.227059 -0.973881 0
    outer loop
      vertex 7.43294 -37.3679 0
      vertex 9.861 -36.8018 190
      vertex 7.43294 -37.3679 190
    endloop
  endfacet
  facet normal 0.227059 -0.973881 0
    outer loop
      vertex 9.861 -36.8018 190
      vertex 7.43294 -37.3679 0
      vertex 9.861 -36.8018 0
    endloop
  endfacet
  facet normal -0.93591 -0.35224 0
    outer loop
      vertex -35.1998 -14.5802 0
      vertex -36.078 -12.2468 190
      vertex -36.078 -12.2468 0
    endloop
  endfacet
  facet normal -0.93591 -0.35224 0
    outer loop
      vertex -36.078 -12.2468 190
      vertex -35.1998 -14.5802 0
      vertex -35.1998 -14.5802 190
    endloop
  endfacet
  facet normal -0.634395 0.773009 0
    outer loop
      vertex -23.1938 30.2268 0
      vertex -25.1211 28.6451 190
      vertex -23.1938 30.2268 190
    endloop
  endfacet
  facet normal -0.634395 0.773009 0
    outer loop
      vertex -25.1211 28.6451 190
      vertex -23.1938 30.2268 0
      vertex -25.1211 28.6451 0
    endloop
  endfacet
  facet normal 0.729871 -0.683585 0
    outer loop
      vertex 26.9408 -26.9408 190
      vertex 28.6451 -25.1211 0
      vertex 28.6451 -25.1211 190
    endloop
  endfacet
  facet normal 0.729871 -0.683585 0
    outer loop
      vertex 28.6451 -25.1211 0
      vertex 26.9408 -26.9408 190
      vertex 26.9408 -26.9408 0
    endloop
  endfacet
  facet normal -0.849195 -0.52808 0
    outer loop
      vertex -31.679 -21.1672 0
      vertex -32.9956 -19.05 190
      vertex -32.9956 -19.05 0
    endloop
  endfacet
  facet normal -0.849195 -0.52808 0
    outer loop
      vertex -32.9956 -19.05 190
      vertex -31.679 -21.1672 0
      vertex -31.679 -21.1672 190
    endloop
  endfacet
  facet normal 0.52808 -0.849195 0
    outer loop
      vertex 19.05 -32.9956 0
      vertex 21.1672 -31.679 190
      vertex 19.05 -32.9956 190
    endloop
  endfacet
  facet normal 0.52808 -0.849195 0
    outer loop
      vertex 21.1672 -31.679 190
      vertex 19.05 -32.9956 0
      vertex 21.1672 -31.679 0
    endloop
  endfacet
  facet normal 0.999464 -0.0327291 0
    outer loop
      vertex 38.0184 -2.49186 190
      vertex 38.1 0 0
      vertex 38.1 0 190
    endloop
  endfacet
  facet normal 0.999464 -0.0327291 0
    outer loop
      vertex 38.1 0 0
      vertex 38.0184 -2.49186 190
      vertex 38.0184 -2.49186 0
    endloop
  endfacet
  facet normal 0.849195 0.52808 0
    outer loop
      vertex 32.9956 19.05 190
      vertex 31.679 21.1672 0
      vertex 31.679 21.1672 190
    endloop
  endfacet
  facet normal 0.849195 0.52808 0
    outer loop
      vertex 31.679 21.1672 0
      vertex 32.9956 19.05 190
      vertex 32.9956 19.05 0
    endloop
  endfacet
  facet normal 0.582467 0.812854 -0
    outer loop
      vertex 23.1938 30.2268 0
      vertex 21.1672 31.679 190
      vertex 23.1938 30.2268 190
    endloop
  endfacet
  facet normal 0.582467 0.812854 0
    outer loop
      vertex 21.1672 31.679 190
      vertex 23.1938 30.2268 0
      vertex 21.1672 31.679 0
    endloop
  endfacet
  facet normal 0.52808 0.849195 -0
    outer loop
      vertex 21.1672 31.679 0
      vertex 19.05 32.9956 190
      vertex 21.1672 31.679 190
    endloop
  endfacet
  facet normal 0.52808 0.849195 0
    outer loop
      vertex 19.05 32.9956 190
      vertex 21.1672 31.679 0
      vertex 19.05 32.9956 0
    endloop
  endfacet
  facet normal -0.999464 -0.0327291 0
    outer loop
      vertex -38.0184 -2.49186 0
      vertex -38.1 0 190
      vertex -38.1 0 0
    endloop
  endfacet
  facet normal -0.999464 -0.0327291 0
    outer loop
      vertex -38.1 0 190
      vertex -38.0184 -2.49186 0
      vertex -38.0184 -2.49186 190
    endloop
  endfacet
  facet normal 0.0980267 0.995184 -0
    outer loop
      vertex 4.97305 37.774 0
      vertex 2.49186 38.0184 190
      vertex 4.97305 37.774 190
    endloop
  endfacet
  facet normal 0.0980267 0.995184 0
    outer loop
      vertex 2.49186 38.0184 190
      vertex 4.97305 37.774 0
      vertex 2.49186 38.0184 0
    endloop
  endfacet
  facet normal 0.0327291 -0.999464 0
    outer loop
      vertex 0 -38.1 0
      vertex 2.49186 -38.0184 190
      vertex 0 -38.1 190
    endloop
  endfacet
  facet normal 0.0327291 -0.999464 0
    outer loop
      vertex 2.49186 -38.0184 190
      vertex 0 -38.1 0
      vertex 2.49186 -38.0184 0
    endloop
  endfacet
  facet normal 0.773009 -0.634395 0
    outer loop
      vertex 28.6451 -25.1211 190
      vertex 30.2268 -23.1938 0
      vertex 30.2268 -23.1938 190
    endloop
  endfacet
  facet normal 0.773009 -0.634395 0
    outer loop
      vertex 30.2268 -23.1938 0
      vertex 28.6451 -25.1211 190
      vertex 28.6451 -25.1211 0
    endloop
  endfacet
  facet normal 0.956932 0.290312 0
    outer loop
      vertex 36.8018 9.861 190
      vertex 36.078 12.2468 0
      vertex 36.078 12.2468 190
    endloop
  endfacet
  facet normal 0.956932 0.290312 0
    outer loop
      vertex 36.078 12.2468 0
      vertex 36.8018 9.861 190
      vertex 36.8018 9.861 0
    endloop
  endfacet
  facet normal -0.162884 0.986645 0
    outer loop
      vertex -4.97305 37.774 0
      vertex -7.43294 37.3679 190
      vertex -4.97305 37.774 190
    endloop
  endfacet
  facet normal -0.162884 0.986645 0
    outer loop
      vertex -7.43294 37.3679 190
      vertex -4.97305 37.774 0
      vertex -7.43294 37.3679 0
    endloop
  endfacet
  facet normal -0.973881 -0.227059 0
    outer loop
      vertex -36.8018 -9.861 0
      vertex -37.3679 -7.43294 190
      vertex -37.3679 -7.43294 0
    endloop
  endfacet
  facet normal -0.973881 -0.227059 0
    outer loop
      vertex -37.3679 -7.43294 190
      vertex -36.8018 -9.861 0
      vertex -36.8018 -9.861 190
    endloop
  endfacet
  facet normal -0.582467 -0.812854 0
    outer loop
      vertex -23.1938 -30.2268 0
      vertex -21.1672 -31.679 190
      vertex -23.1938 -30.2268 190
    endloop
  endfacet
  facet normal -0.582467 -0.812854 -0
    outer loop
      vertex -21.1672 -31.679 190
      vertex -23.1938 -30.2268 0
      vertex -21.1672 -31.679 0
    endloop
  endfacet
  facet normal -0.999464 0.0327291 0
    outer loop
      vertex -38.1 0 0
      vertex -38.0184 2.49186 190
      vertex -38.0184 2.49186 0
    endloop
  endfacet
  facet normal -0.999464 0.0327291 0
    outer loop
      vertex -38.0184 2.49186 190
      vertex -38.1 0 0
      vertex -38.1 0 190
    endloop
  endfacet
  facet normal 0.956932 -0.290312 0
    outer loop
      vertex 36.078 -12.2468 190
      vertex 36.8018 -9.861 0
      vertex 36.8018 -9.861 190
    endloop
  endfacet
  facet normal 0.956932 -0.290312 0
    outer loop
      vertex 36.8018 -9.861 0
      vertex 36.078 -12.2468 190
      vertex 36.078 -12.2468 0
    endloop
  endfacet
  facet normal -0.35224 0.93591 0
    outer loop
      vertex -12.2468 36.078 0
      vertex -14.5802 35.1998 190
      vertex -12.2468 36.078 190
    endloop
  endfacet
  facet normal -0.35224 0.93591 0
    outer loop
      vertex -14.5802 35.1998 190
      vertex -12.2468 36.078 0
      vertex -14.5802 35.1998 0
    endloop
  endfacet
  facet normal -0.52808 0.849195 0
    outer loop
      vertex -19.05 32.9956 0
      vertex -21.1672 31.679 190
      vertex -19.05 32.9956 190
    endloop
  endfacet
  facet normal -0.52808 0.849195 0
    outer loop
      vertex -21.1672 31.679 190
      vertex -19.05 32.9956 0
      vertex -21.1672 31.679 0
    endloop
  endfacet
  facet normal 0.162884 -0.986645 0
    outer loop
      vertex 4.97305 -37.774 0
      vertex 7.43294 -37.3679 190
      vertex 4.97305 -37.774 190
    endloop
  endfacet
  facet normal 0.162884 -0.986645 0
    outer loop
      vertex 7.43294 -37.3679 190
      vertex 4.97305 -37.774 0
      vertex 7.43294 -37.3679 0
    endloop
  endfacet
  facet normal 0.35224 0.93591 -0
    outer loop
      vertex 14.5802 35.1998 0
      vertex 12.2468 36.078 190
      vertex 14.5802 35.1998 190
    endloop
  endfacet
  facet normal 0.35224 0.93591 0
    outer loop
      vertex 12.2468 36.078 190
      vertex 14.5802 35.1998 0
      vertex 12.2468 36.078 0
    endloop
  endfacet
  facet normal 0.93591 -0.35224 0
    outer loop
      vertex 35.1998 -14.5802 190
      vertex 36.078 -12.2468 0
      vertex 36.078 -12.2468 190
    endloop
  endfacet
  facet normal 0.93591 -0.35224 0
    outer loop
      vertex 36.078 -12.2468 0
      vertex 35.1998 -14.5802 190
      vertex 35.1998 -14.5802 0
    endloop
  endfacet
  facet normal 0.812854 -0.582467 0
    outer loop
      vertex 30.2268 -23.1938 190
      vertex 31.679 -21.1672 0
      vertex 31.679 -21.1672 190
    endloop
  endfacet
  facet normal 0.812854 -0.582467 0
    outer loop
      vertex 31.679 -21.1672 0
      vertex 30.2268 -23.1938 190
      vertex 30.2268 -23.1938 0
    endloop
  endfacet
  facet normal -0.93591 0.35224 0
    outer loop
      vertex -36.078 12.2468 0
      vertex -35.1998 14.5802 190
      vertex -35.1998 14.5802 0
    endloop
  endfacet
  facet normal -0.93591 0.35224 0
    outer loop
      vertex -35.1998 14.5802 190
      vertex -36.078 12.2468 0
      vertex -36.078 12.2468 190
    endloop
  endfacet
  facet normal -0.812854 0.582467 0
    outer loop
      vertex -31.679 21.1672 0
      vertex -30.2268 23.1938 190
      vertex -30.2268 23.1938 0
    endloop
  endfacet
  facet normal -0.812854 0.582467 0
    outer loop
      vertex -30.2268 23.1938 190
      vertex -31.679 21.1672 0
      vertex -31.679 21.1672 190
    endloop
  endfacet
  facet normal 0.683585 0.729871 -0
    outer loop
      vertex 26.9408 26.9408 0
      vertex 25.1211 28.6451 190
      vertex 26.9408 26.9408 190
    endloop
  endfacet
  facet normal 0.683585 0.729871 0
    outer loop
      vertex 25.1211 28.6451 190
      vertex 26.9408 26.9408 0
      vertex 25.1211 28.6451 0
    endloop
  endfacet
  facet normal -0.582467 0.812854 0
    outer loop
      vertex -21.1672 31.679 0
      vertex -23.1938 30.2268 190
      vertex -21.1672 31.679 190
    endloop
  endfacet
  facet normal -0.582467 0.812854 0
    outer loop
      vertex -23.1938 30.2268 190
      vertex -21.1672 31.679 0
      vertex -23.1938 30.2268 0
    endloop
  endfacet
  facet normal -0.35224 -0.93591 0
    outer loop
      vertex -14.5802 -35.1998 0
      vertex -12.2468 -36.078 190
      vertex -14.5802 -35.1998 190
    endloop
  endfacet
  facet normal -0.35224 -0.93591 -0
    outer loop
      vertex -12.2468 -36.078 190
      vertex -14.5802 -35.1998 0
      vertex -12.2468 -36.078 0
    endloop
  endfacet
  facet normal -0.881918 -0.471402 0
    outer loop
      vertex -32.9956 -19.05 0
      vertex -34.1709 -16.8512 190
      vertex -34.1709 -16.8512 0
    endloop
  endfacet
  facet normal -0.881918 -0.471402 0
    outer loop
      vertex -34.1709 -16.8512 190
      vertex -32.9956 -19.05 0
      vertex -32.9956 -19.05 190
    endloop
  endfacet
  facet normal 0.93591 0.35224 0
    outer loop
      vertex 36.078 12.2468 190
      vertex 35.1998 14.5802 0
      vertex 35.1998 14.5802 190
    endloop
  endfacet
  facet normal 0.93591 0.35224 0
    outer loop
      vertex 35.1998 14.5802 0
      vertex 36.078 12.2468 190
      vertex 36.078 12.2468 0
    endloop
  endfacet
  facet normal -0.986645 -0.162884 0
    outer loop
      vertex -37.3679 -7.43294 0
      vertex -37.774 -4.97305 190
      vertex -37.774 -4.97305 0
    endloop
  endfacet
  facet normal -0.986645 -0.162884 0
    outer loop
      vertex -37.774 -4.97305 190
      vertex -37.3679 -7.43294 0
      vertex -37.3679 -7.43294 190
    endloop
  endfacet
  facet normal 0 0 1
    outer loop
      vertex 34.975 0 190
      vertex 38.1 0 190
      vertex 38.0184 2.49186 190
    endloop
  endfacet
  facet normal 0 0 1
    outer loop
      vertex 34.9001 2.28747 190
      vertex 38.0184 2.49186 190
      vertex 37.774 4.97305 190
    endloop
  endfacet
  facet normal 0 0 1
    outer loop
      vertex 38.1 0 190
      vertex 34.975 0 190
      vertex 38.0184 -2.49186 190
    endloop
  endfacet
  facet normal 0 0 1
    outer loop
      vertex 34.6758 4.56515 190
      vertex 37.774 4.97305 190
      vertex 37.3679 7.43294 190
    endloop
  endfacet
  facet normal -0 0 1
    outer loop
      vertex 34.9001 -2.28747 190
      vertex 38.0184 -2.49186 190
      vertex 34.975 0 190
    endloop
  endfacet
  facet normal 0 0 1
    outer loop
      vertex 34.303 6.82328 190
      vertex 37.3679 7.43294 190
      vertex 36.8018 9.861 190
    endloop
  endfacet
  facet normal 0 0 1
    outer loop
      vertex 38.0184 -2.49186 190
      vertex 34.9001 -2.28747 190
      vertex 37.774 -4.97305 190
    endloop
  endfacet
  facet normal 0 0 1
    outer loop
      vertex 33.7833 9.0522 190
      vertex 36.8018 9.861 190
      vertex 36.078 12.2468 190
    endloop
  endfacet
  facet normal -0 0 1
    outer loop
      vertex 34.6758 -4.56515 190
      vertex 37.774 -4.97305 190
      vertex 34.9001 -2.28747 190
    endloop
  endfacet
  facet normal 0 0 1
    outer loop
      vertex 33.1189 11.2423 190
      vertex 36.078 12.2468 190
      vertex 35.1998 14.5802 190
    endloop
  endfacet
  facet normal 0 0 1
    outer loop
      vertex 37.774 -4.97305 190
      vertex 34.6758 -4.56515 190
      vertex 37.3679 -7.43294 190
    endloop
  endfacet
  facet normal -0 0 1
    outer loop
      vertex 34.303 -6.82328 190
      vertex 37.3679 -7.43294 190
      vertex 34.6758 -4.56515 190
    endloop
  endfacet
  facet normal 0 0 1
    outer loop
      vertex 38.0184 2.49186 190
      vertex 34.9001 2.28747 190
      vertex 34.975 0 190
    endloop
  endfacet
  facet normal 0 0 1
    outer loop
      vertex 37.774 4.97305 190
      vertex 34.6758 4.56515 190
      vertex 34.9001 2.28747 190
    endloop
  endfacet
  facet normal 0 0 1
    outer loop
      vertex 37.3679 7.43294 190
      vertex 34.303 6.82328 190
      vertex 34.6758 4.56515 190
    endloop
  endfacet
  facet normal 0 0 1
    outer loop
      vertex 32.3127 13.3844 190
      vertex 35.1998 14.5802 190
      vertex 34.1709 16.8512 190
    endloop
  endfacet
  facet normal 0 0 1
    outer loop
      vertex 36.8018 9.861 190
      vertex 33.7833 9.0522 190
      vertex 34.303 6.82328 190
    endloop
  endfacet
  facet normal 0 0 1
    outer loop
      vertex 36.078 12.2468 190
      vertex 33.1189 11.2423 190
      vertex 33.7833 9.0522 190
    endloop
  endfacet
  facet normal 0 0 1
    outer loop
      vertex 31.3681 15.469 190
      vertex 34.1709 16.8512 190
      vertex 32.9956 19.05 190
    endloop
  endfacet
  facet normal 0 0 1
    outer loop
      vertex 35.1998 14.5802 190
      vertex 32.3127 13.3844 190
      vertex 33.1189 11.2423 190
    endloop
  endfacet
  facet normal 0 0 1
    outer loop
      vertex 30.2892 17.4875 190
      vertex 32.9956 19.05 190
      vertex 31.679 21.1672 190
    endloop
  endfacet
  facet normal 0 0 1
    outer loop
      vertex 34.1709 16.8512 190
      vertex 31.3681 15.469 190
      vertex 32.3127 13.3844 190
    endloop
  endfacet
  facet normal 0 0 1
    outer loop
      vertex 32.9956 19.05 190
      vertex 30.2892 17.4875 190
      vertex 31.3681 15.469 190
    endloop
  endfacet
  facet normal 0 0 1
    outer loop
      vertex 29.0807 19.4311 190
      vertex 31.679 21.1672 190
      vertex 30.2268 23.1938 190
    endloop
  endfacet
  facet normal 0 0 1
    outer loop
      vertex 31.679 21.1672 190
      vertex 29.0807 19.4311 190
      vertex 30.2892 17.4875 190
    endloop
  endfacet
  facet normal 0 0 1
    outer loop
      vertex 27.7475 21.2914 190
      vertex 30.2268 23.1938 190
      vertex 28.6451 25.1211 190
    endloop
  endfacet
  facet normal 0 0 1
    outer loop
      vertex 30.2268 23.1938 190
      vertex 27.7475 21.2914 190
      vertex 29.0807 19.4311 190
    endloop
  endfacet
  facet normal 0 0 1
    outer loop
      vertex 26.2956 23.0606 190
      vertex 28.6451 25.1211 190
      vertex 26.9408 26.9408 190
    endloop
  endfacet
  facet normal 0 0 1
    outer loop
      vertex 28.6451 25.1211 190
      vertex 26.2956 23.0606 190
      vertex 27.7475 21.2914 190
    endloop
  endfacet
  facet normal 0 0 1
    outer loop
      vertex 24.7311 24.7311 190
      vertex 26.9408 26.9408 190
      vertex 25.1211 28.6451 190
    endloop
  endfacet
  facet normal 0 0 1
    outer loop
      vertex 26.9408 26.9408 190
      vertex 24.7311 24.7311 190
      vertex 26.2956 23.0606 190
    endloop
  endfacet
  facet normal 0 0 1
    outer loop
      vertex 23.0606 26.2956 190
      vertex 25.1211 28.6451 190
      vertex 23.1938 30.2268 190
    endloop
  endfacet
  facet normal 0 0 1
    outer loop
      vertex 25.1211 28.6451 190
      vertex 23.0606 26.2956 190
      vertex 24.7311 24.7311 190
    endloop
  endfacet
  facet normal 0 0 1
    outer loop
      vertex 23.1938 30.2268 190
      vertex 21.2914 27.7475 190
      vertex 23.0606 26.2956 190
    endloop
  endfacet
  facet normal 0 0 1
    outer loop
      vertex 21.1672 31.679 190
      vertex 21.2914 27.7475 190
      vertex 23.1938 30.2268 190
    endloop
  endfacet
  facet normal 0 0 1
    outer loop
      vertex 21.1672 31.679 190
      vertex 19.4311 29.0807 190
      vertex 21.2914 27.7475 190
    endloop
  endfacet
  facet normal 0 0 1
    outer loop
      vertex 19.05 32.9956 190
      vertex 19.4311 29.0807 190
      vertex 21.1672 31.679 190
    endloop
  endfacet
  facet normal 0 0 1
    outer loop
      vertex 19.05 32.9956 190
      vertex 17.4875 30.2892 190
      vertex 19.4311 29.0807 190
    endloop
  endfacet
  facet normal 0 0 1
    outer loop
      vertex 16.8512 34.1709 190
      vertex 17.4875 30.2892 190
      vertex 19.05 32.9956 190
    endloop
  endfacet
  facet normal 0 0 1
    outer loop
      vertex 16.8512 34.1709 190
      vertex 15.469 31.3681 190
      vertex 17.4875 30.2892 190
    endloop
  endfacet
  facet normal 0 0 1
    outer loop
      vertex 14.5802 35.1998 190
      vertex 15.469 31.3681 190
      vertex 16.8512 34.1709 190
    endloop
  endfacet
  facet normal 0 0 1
    outer loop
      vertex 14.5802 35.1998 190
      vertex 13.3844 32.3127 190
      vertex 15.469 31.3681 190
    endloop
  endfacet
  facet normal 0 0 1
    outer loop
      vertex 12.2468 36.078 190
      vertex 13.3844 32.3127 190
      vertex 14.5802 35.1998 190
    endloop
  endfacet
  facet normal 0 0 1
    outer loop
      vertex 12.2468 36.078 190
      vertex 11.2423 33.1189 190
      vertex 13.3844 32.3127 190
    endloop
  endfacet
  facet normal 0 0 1
    outer loop
      vertex 9.861 36.8018 190
      vertex 11.2423 33.1189 190
      vertex 12.2468 36.078 190
    endloop
  endfacet
  facet normal 0 0 1
    outer loop
      vertex 9.861 36.8018 190
      vertex 9.0522 33.7833 190
      vertex 11.2423 33.1189 190
    endloop
  endfacet
  facet normal 0 0 1
    outer loop
      vertex 7.43294 37.3679 190
      vertex 9.0522 33.7833 190
      vertex 9.861 36.8018 190
    endloop
  endfacet
  facet normal 0 0 1
    outer loop
      vertex 7.43294 37.3679 190
      vertex 6.82328 34.303 190
      vertex 9.0522 33.7833 190
    endloop
  endfacet
  facet normal 0 0 1
    outer loop
      vertex 4.97305 37.774 190
      vertex 6.82328 34.303 190
      vertex 7.43294 37.3679 190
    endloop
  endfacet
  facet normal 0 0 1
    outer loop
      vertex 4.97305 37.774 190
      vertex 4.56515 34.6758 190
      vertex 6.82328 34.303 190
    endloop
  endfacet
  facet normal 0 0 1
    outer loop
      vertex 2.49186 38.0184 190
      vertex 4.56515 34.6758 190
      vertex 4.97305 37.774 190
    endloop
  endfacet
  facet normal 0 0 1
    outer loop
      vertex 2.49186 38.0184 190
      vertex 2.28747 34.9001 190
      vertex 4.56515 34.6758 190
    endloop
  endfacet
  facet normal 0 0 1
    outer loop
      vertex 0 38.1 190
      vertex 2.28747 34.9001 190
      vertex 2.49186 38.0184 190
    endloop
  endfacet
  facet normal 0 0 1
    outer loop
      vertex 0 38.1 190
      vertex 0 34.975 190
      vertex 2.28747 34.9001 190
    endloop
  endfacet
  facet normal 0 0 1
    outer loop
      vertex 0 38.1 190
      vertex -2.28747 34.9001 190
      vertex 0 34.975 190
    endloop
  endfacet
  facet normal -0 0 1
    outer loop
      vertex -2.49186 38.0184 190
      vertex -2.28747 34.9001 190
      vertex 0 38.1 190
    endloop
  endfacet
  facet normal 0 0 1
    outer loop
      vertex -2.49186 38.0184 190
      vertex -4.56515 34.6758 190
      vertex -2.28747 34.9001 190
    endloop
  endfacet
  facet normal -0 0 1
    outer loop
      vertex -4.97305 37.774 190
      vertex -4.56515 34.6758 190
      vertex -2.49186 38.0184 190
    endloop
  endfacet
  facet normal 0 0 1
    outer loop
      vertex -4.97305 37.774 190
      vertex -6.82328 34.303 190
      vertex -4.56515 34.6758 190
    endloop
  endfacet
  facet normal -0 0 1
    outer loop
      vertex -7.43294 37.3679 190
      vertex -6.82328 34.303 190
      vertex -4.97305 37.774 190
    endloop
  endfacet
  facet normal 0 0 1
    outer loop
      vertex -7.43294 37.3679 190
      vertex -9.0522 33.7833 190
      vertex -6.82328 34.303 190
    endloop
  endfacet
  facet normal -0 0 1
    outer loop
      vertex -9.861 36.8018 190
      vertex -9.0522 33.7833 190
      vertex -7.43294 37.3679 190
    endloop
  endfacet
  facet normal 0 0 1
    outer loop
      vertex -9.861 36.8018 190
      vertex -11.2423 33.1189 190
      vertex -9.0522 33.7833 190
    endloop
  endfacet
  facet normal -0 0 1
    outer loop
      vertex -12.2468 36.078 190
      vertex -11.2423 33.1189 190
      vertex -9.861 36.8018 190
    endloop
  endfacet
  facet normal 0 0 1
    outer loop
      vertex -12.2468 36.078 190
      vertex -13.3844 32.3127 190
      vertex -11.2423 33.1189 190
    endloop
  endfacet
  facet normal -0 0 1
    outer loop
      vertex -14.5802 35.1998 190
      vertex -13.3844 32.3127 190
      vertex -12.2468 36.078 190
    endloop
  endfacet
  facet normal 0 0 1
    outer loop
      vertex -14.5802 35.1998 190
      vertex -15.469 31.3681 190
      vertex -13.3844 32.3127 190
    endloop
  endfacet
  facet normal -0 0 1
    outer loop
      vertex -16.8512 34.1709 190
      vertex -15.469 31.3681 190
      vertex -14.5802 35.1998 190
    endloop
  endfacet
  facet normal 0 0 1
    outer loop
      vertex -16.8512 34.1709 190
      vertex -17.4875 30.2892 190
      vertex -15.469 31.3681 190
    endloop
  endfacet
  facet normal -0 0 1
    outer loop
      vertex -19.05 32.9956 190
      vertex -17.4875 30.2892 190
      vertex -16.8512 34.1709 190
    endloop
  endfacet
  facet normal 0 0 1
    outer loop
      vertex -19.05 32.9956 190
      vertex -19.4311 29.0807 190
      vertex -17.4875 30.2892 190
    endloop
  endfacet
  facet normal -0 0 1
    outer loop
      vertex -21.1672 31.679 190
      vertex -19.4311 29.0807 190
      vertex -19.05 32.9956 190
    endloop
  endfacet
  facet normal 0 0 1
    outer loop
      vertex -21.1672 31.679 190
      vertex -21.2914 27.7475 190
      vertex -19.4311 29.0807 190
    endloop
  endfacet
  facet normal -0 0 1
    outer loop
      vertex -23.1938 30.2268 190
      vertex -21.2914 27.7475 190
      vertex -21.1672 31.679 190
    endloop
  endfacet
  facet normal 0 0 1
    outer loop
      vertex -21.2914 27.7475 190
      vertex -23.1938 30.2268 190
      vertex -23.0606 26.2956 190
    endloop
  endfacet
  facet normal -0 0 1
    outer loop
      vertex -25.1211 28.6451 190
      vertex -23.0606 26.2956 190
      vertex -23.1938 30.2268 190
    endloop
  endfacet
  facet normal 0 0 1
    outer loop
      vertex -23.0606 26.2956 190
      vertex -25.1211 28.6451 190
      vertex -24.7311 24.7311 190
    endloop
  endfacet
  facet normal -0 0 1
    outer loop
      vertex -26.9408 26.9408 190
      vertex -24.7311 24.7311 190
      vertex -25.1211 28.6451 190
    endloop
  endfacet
  facet normal 0 0 1
    outer loop
      vertex -24.7311 24.7311 190
      vertex -26.9408 26.9408 190
      vertex -26.2956 23.0606 190
    endloop
  endfacet
  facet normal -0 0 1
    outer loop
      vertex -28.6451 25.1211 190
      vertex -26.2956 23.0606 190
      vertex -26.9408 26.9408 190
    endloop
  endfacet
  facet normal 0 0 1
    outer loop
      vertex -26.2956 23.0606 190
      vertex -28.6451 25.1211 190
      vertex -27.7475 21.2914 190
    endloop
  endfacet
  facet normal -0 0 1
    outer loop
      vertex -30.2268 23.1938 190
      vertex -27.7475 21.2914 190
      vertex -28.6451 25.1211 190
    endloop
  endfacet
  facet normal 0 0 1
    outer loop
      vertex -27.7475 21.2914 190
      vertex -30.2268 23.1938 190
      vertex -29.0807 19.4311 190
    endloop
  endfacet
  facet normal -0 0 1
    outer loop
      vertex -31.679 21.1672 190
      vertex -29.0807 19.4311 190
      vertex -30.2268 23.1938 190
    endloop
  endfacet
  facet normal 0 0 1
    outer loop
      vertex -29.0807 19.4311 190
      vertex -31.679 21.1672 190
      vertex -30.2892 17.4875 190
    endloop
  endfacet
  facet normal -0 0 1
    outer loop
      vertex -32.9956 19.05 190
      vertex -30.2892 17.4875 190
      vertex -31.679 21.1672 190
    endloop
  endfacet
  facet normal 0 0 1
    outer loop
      vertex -30.2892 17.4875 190
      vertex -32.9956 19.05 190
      vertex -31.3681 15.469 190
    endloop
  endfacet
  facet normal -0 0 1
    outer loop
      vertex -34.1709 16.8512 190
      vertex -31.3681 15.469 190
      vertex -32.9956 19.05 190
    endloop
  endfacet
  facet normal 0 0 1
    outer loop
      vertex -31.3681 15.469 190
      vertex -34.1709 16.8512 190
      vertex -32.3127 13.3844 190
    endloop
  endfacet
  facet normal -0 0 1
    outer loop
      vertex -35.1998 14.5802 190
      vertex -32.3127 13.3844 190
      vertex -34.1709 16.8512 190
    endloop
  endfacet
  facet normal 0 0 1
    outer loop
      vertex -32.3127 13.3844 190
      vertex -35.1998 14.5802 190
      vertex -33.1189 11.2423 190
    endloop
  endfacet
  facet normal -0 0 1
    outer loop
      vertex -36.078 12.2468 190
      vertex -33.1189 11.2423 190
      vertex -35.1998 14.5802 190
    endloop
  endfacet
  facet normal 0 0 1
    outer loop
      vertex -33.1189 11.2423 190
      vertex -36.078 12.2468 190
      vertex -33.7833 9.0522 190
    endloop
  endfacet
  facet normal -0 0 1
    outer loop
      vertex -36.8018 9.861 190
      vertex -33.7833 9.0522 190
      vertex -36.078 12.2468 190
    endloop
  endfacet
  facet normal -0 0 1
    outer loop
      vertex -37.3679 7.43294 190
      vertex -34.303 6.82328 190
      vertex -36.8018 9.861 190
    endloop
  endfacet
  facet normal 0 0 1
    outer loop
      vertex -33.7833 9.0522 190
      vertex -36.8018 9.861 190
      vertex -34.303 6.82328 190
    endloop
  endfacet
  facet normal 0 0 1
    outer loop
      vertex 37.3679 -7.43294 190
      vertex 34.303 -6.82328 190
      vertex 36.8018 -9.861 190
    endloop
  endfacet
  facet normal -0 0 1
    outer loop
      vertex 33.7833 -9.0522 190
      vertex 36.8018 -9.861 190
      vertex 34.303 -6.82328 190
    endloop
  endfacet
  facet normal 0 0 1
    outer loop
      vertex 36.8018 -9.861 190
      vertex 33.7833 -9.0522 190
      vertex 36.078 -12.2468 190
    endloop
  endfacet
  facet normal -0 0 1
    outer loop
      vertex 33.1189 -11.2423 190
      vertex 36.078 -12.2468 190
      vertex 33.7833 -9.0522 190
    endloop
  endfacet
  facet normal 0 0 1
    outer loop
      vertex 36.078 -12.2468 190
      vertex 33.1189 -11.2423 190
      vertex 35.1998 -14.5802 190
    endloop
  endfacet
  facet normal -0 0 1
    outer loop
      vertex 32.3127 -13.3844 190
      vertex 35.1998 -14.5802 190
      vertex 33.1189 -11.2423 190
    endloop
  endfacet
  facet normal 0 0 1
    outer loop
      vertex 35.1998 -14.5802 190
      vertex 32.3127 -13.3844 190
      vertex 34.1709 -16.8512 190
    endloop
  endfacet
  facet normal -0 0 1
    outer loop
      vertex 31.3681 -15.469 190
      vertex 34.1709 -16.8512 190
      vertex 32.3127 -13.3844 190
    endloop
  endfacet
  facet normal 0 0 1
    outer loop
      vertex 34.1709 -16.8512 190
      vertex 31.3681 -15.469 190
      vertex 32.9956 -19.05 190
    endloop
  endfacet
  facet normal -0 0 1
    outer loop
      vertex 30.2892 -17.4875 190
      vertex 32.9956 -19.05 190
      vertex 31.3681 -15.469 190
    endloop
  endfacet
  facet normal 0 0 1
    outer loop
      vertex 32.9956 -19.05 190
      vertex 30.2892 -17.4875 190
      vertex 31.679 -21.1672 190
    endloop
  endfacet
  facet normal -0 0 1
    outer loop
      vertex 29.0807 -19.4311 190
      vertex 31.679 -21.1672 190
      vertex 30.2892 -17.4875 190
    endloop
  endfacet
  facet normal 0 0 1
    outer loop
      vertex 31.679 -21.1672 190
      vertex 29.0807 -19.4311 190
      vertex 30.2268 -23.1938 190
    endloop
  endfacet
  facet normal -0 0 1
    outer loop
      vertex 27.7475 -21.2914 190
      vertex 30.2268 -23.1938 190
      vertex 29.0807 -19.4311 190
    endloop
  endfacet
  facet normal 0 0 1
    outer loop
      vertex 30.2268 -23.1938 190
      vertex 27.7475 -21.2914 190
      vertex 28.6451 -25.1211 190
    endloop
  endfacet
  facet normal -0 0 1
    outer loop
      vertex 26.2956 -23.0606 190
      vertex 28.6451 -25.1211 190
      vertex 27.7475 -21.2914 190
    endloop
  endfacet
  facet normal 0 0 1
    outer loop
      vertex 28.6451 -25.1211 190
      vertex 26.2956 -23.0606 190
      vertex 26.9408 -26.9408 190
    endloop
  endfacet
  facet normal -0 0 1
    outer loop
      vertex 24.7311 -24.7311 190
      vertex 26.9408 -26.9408 190
      vertex 26.2956 -23.0606 190
    endloop
  endfacet
  facet normal 0 0 1
    outer loop
      vertex 26.9408 -26.9408 190
      vertex 24.7311 -24.7311 190
      vertex 25.1211 -28.6451 190
    endloop
  endfacet
  facet normal -0 0 1
    outer loop
      vertex 23.0606 -26.2956 190
      vertex 25.1211 -28.6451 190
      vertex 24.7311 -24.7311 190
    endloop
  endfacet
  facet normal 0 0 1
    outer loop
      vertex 25.1211 -28.6451 190
      vertex 23.0606 -26.2956 190
      vertex 23.1938 -30.2268 190
    endloop
  endfacet
  facet normal -0 0 1
    outer loop
      vertex 21.2914 -27.7475 190
      vertex 23.1938 -30.2268 190
      vertex 23.0606 -26.2956 190
    endloop
  endfacet
  facet normal 0 0 1
    outer loop
      vertex 21.2914 -27.7475 190
      vertex 21.1672 -31.679 190
      vertex 23.1938 -30.2268 190
    endloop
  endfacet
  facet normal -0 0 1
    outer loop
      vertex 19.4311 -29.0807 190
      vertex 21.1672 -31.679 190
      vertex 21.2914 -27.7475 190
    endloop
  endfacet
  facet normal 0 0 1
    outer loop
      vertex 19.4311 -29.0807 190
      vertex 19.05 -32.9956 190
      vertex 21.1672 -31.679 190
    endloop
  endfacet
  facet normal -0 0 1
    outer loop
      vertex 17.4875 -30.2892 190
      vertex 19.05 -32.9956 190
      vertex 19.4311 -29.0807 190
    endloop
  endfacet
  facet normal 0 0 1
    outer loop
      vertex 17.4875 -30.2892 190
      vertex 16.8512 -34.1709 190
      vertex 19.05 -32.9956 190
    endloop
  endfacet
  facet normal -0 0 1
    outer loop
      vertex 15.469 -31.3681 190
      vertex 16.8512 -34.1709 190
      vertex 17.4875 -30.2892 190
    endloop
  endfacet
  facet normal 0 0 1
    outer loop
      vertex 15.469 -31.3681 190
      vertex 14.5802 -35.1998 190
      vertex 16.8512 -34.1709 190
    endloop
  endfacet
  facet normal -0 0 1
    outer loop
      vertex 13.3844 -32.3127 190
      vertex 14.5802 -35.1998 190
      vertex 15.469 -31.3681 190
    endloop
  endfacet
  facet normal 0 0 1
    outer loop
      vertex 13.3844 -32.3127 190
      vertex 12.2468 -36.078 190
      vertex 14.5802 -35.1998 190
    endloop
  endfacet
  facet normal -0 0 1
    outer loop
      vertex 11.2423 -33.1189 190
      vertex 12.2468 -36.078 190
      vertex 13.3844 -32.3127 190
    endloop
  endfacet
  facet normal 0 0 1
    outer loop
      vertex 11.2423 -33.1189 190
      vertex 9.861 -36.8018 190
      vertex 12.2468 -36.078 190
    endloop
  endfacet
  facet normal -0 0 1
    outer loop
      vertex 9.0522 -33.7833 190
      vertex 9.861 -36.8018 190
      vertex 11.2423 -33.1189 190
    endloop
  endfacet
  facet normal 0 0 1
    outer loop
      vertex 9.0522 -33.7833 190
      vertex 7.43294 -37.3679 190
      vertex 9.861 -36.8018 190
    endloop
  endfacet
  facet normal -0 0 1
    outer loop
      vertex 6.82328 -34.303 190
      vertex 7.43294 -37.3679 190
      vertex 9.0522 -33.7833 190
    endloop
  endfacet
  facet normal 0 0 1
    outer loop
      vertex 6.82328 -34.303 190
      vertex 4.97305 -37.774 190
      vertex 7.43294 -37.3679 190
    endloop
  endfacet
  facet normal -0 0 1
    outer loop
      vertex 4.56515 -34.6758 190
      vertex 4.97305 -37.774 190
      vertex 6.82328 -34.303 190
    endloop
  endfacet
  facet normal 0 0 1
    outer loop
      vertex 4.56515 -34.6758 190
      vertex 2.49186 -38.0184 190
      vertex 4.97305 -37.774 190
    endloop
  endfacet
  facet normal -0 0 1
    outer loop
      vertex 2.28747 -34.9001 190
      vertex 2.49186 -38.0184 190
      vertex 4.56515 -34.6758 190
    endloop
  endfacet
  facet normal -0 0 1
    outer loop
      vertex 0 -34.975 190
      vertex 2.49186 -38.0184 190
      vertex 2.28747 -34.9001 190
    endloop
  endfacet
  facet normal 0 0 1
    outer loop
      vertex 0 -34.975 190
      vertex 0 -38.1 190
      vertex 2.49186 -38.0184 190
    endloop
  endfacet
  facet normal 0 0 1
    outer loop
      vertex -2.28747 -34.9001 190
      vertex 0 -38.1 190
      vertex 0 -34.975 190
    endloop
  endfacet
  facet normal 0 0 1
    outer loop
      vertex -2.28747 -34.9001 190
      vertex -2.49186 -38.0184 190
      vertex 0 -38.1 190
    endloop
  endfacet
  facet normal 0 0 1
    outer loop
      vertex -4.56515 -34.6758 190
      vertex -2.49186 -38.0184 190
      vertex -2.28747 -34.9001 190
    endloop
  endfacet
  facet normal 0 0 1
    outer loop
      vertex -4.56515 -34.6758 190
      vertex -4.97305 -37.774 190
      vertex -2.49186 -38.0184 190
    endloop
  endfacet
  facet normal 0 0 1
    outer loop
      vertex -6.82328 -34.303 190
      vertex -4.97305 -37.774 190
      vertex -4.56515 -34.6758 190
    endloop
  endfacet
  facet normal 0 0 1
    outer loop
      vertex -6.82328 -34.303 190
      vertex -7.43294 -37.3679 190
      vertex -4.97305 -37.774 190
    endloop
  endfacet
  facet normal 0 0 1
    outer loop
      vertex -9.0522 -33.7833 190
      vertex -7.43294 -37.3679 190
      vertex -6.82328 -34.303 190
    endloop
  endfacet
  facet normal 0 0 1
    outer loop
      vertex -9.0522 -33.7833 190
      vertex -9.861 -36.8018 190
      vertex -7.43294 -37.3679 190
    endloop
  endfacet
  facet normal 0 0 1
    outer loop
      vertex -11.2423 -33.1189 190
      vertex -9.861 -36.8018 190
      vertex -9.0522 -33.7833 190
    endloop
  endfacet
  facet normal 0 0 1
    outer loop
      vertex -11.2423 -33.1189 190
      vertex -12.2468 -36.078 190
      vertex -9.861 -36.8018 190
    endloop
  endfacet
  facet normal 0 0 1
    outer loop
      vertex -13.3844 -32.3127 190
      vertex -12.2468 -36.078 190
      vertex -11.2423 -33.1189 190
    endloop
  endfacet
  facet normal 0 0 1
    outer loop
      vertex -13.3844 -32.3127 190
      vertex -14.5802 -35.1998 190
      vertex -12.2468 -36.078 190
    endloop
  endfacet
  facet normal 0 0 1
    outer loop
      vertex -15.469 -31.3681 190
      vertex -14.5802 -35.1998 190
      vertex -13.3844 -32.3127 190
    endloop
  endfacet
  facet normal 0 0 1
    outer loop
      vertex -15.469 -31.3681 190
      vertex -16.8512 -34.1709 190
      vertex -14.5802 -35.1998 190
    endloop
  endfacet
  facet normal 0 0 1
    outer loop
      vertex -17.4875 -30.2892 190
      vertex -16.8512 -34.1709 190
      vertex -15.469 -31.3681 190
    endloop
  endfacet
  facet normal 0 0 1
    outer loop
      vertex -17.4875 -30.2892 190
      vertex -19.05 -32.9956 190
      vertex -16.8512 -34.1709 190
    endloop
  endfacet
  facet normal 0 0 1
    outer loop
      vertex -19.4311 -29.0807 190
      vertex -19.05 -32.9956 190
      vertex -17.4875 -30.2892 190
    endloop
  endfacet
  facet normal 0 0 1
    outer loop
      vertex -19.4311 -29.0807 190
      vertex -21.1672 -31.679 190
      vertex -19.05 -32.9956 190
    endloop
  endfacet
  facet normal 0 0 1
    outer loop
      vertex -21.2914 -27.7475 190
      vertex -21.1672 -31.679 190
      vertex -19.4311 -29.0807 190
    endloop
  endfacet
  facet normal 0 0 1
    outer loop
      vertex -23.1938 -30.2268 190
      vertex -21.2914 -27.7475 190
      vertex -23.0606 -26.2956 190
    endloop
  endfacet
  facet normal 0 0 1
    outer loop
      vertex -21.2914 -27.7475 190
      vertex -23.1938 -30.2268 190
      vertex -21.1672 -31.679 190
    endloop
  endfacet
  facet normal 0 0 1
    outer loop
      vertex -25.1211 -28.6451 190
      vertex -23.0606 -26.2956 190
      vertex -24.7311 -24.7311 190
    endloop
  endfacet
  facet normal 0 0 1
    outer loop
      vertex -23.0606 -26.2956 190
      vertex -25.1211 -28.6451 190
      vertex -23.1938 -30.2268 190
    endloop
  endfacet
  facet normal 0 0 1
    outer loop
      vertex -26.9408 -26.9408 190
      vertex -24.7311 -24.7311 190
      vertex -26.2956 -23.0606 190
    endloop
  endfacet
  facet normal 0 0 1
    outer loop
      vertex -24.7311 -24.7311 190
      vertex -26.9408 -26.9408 190
      vertex -25.1211 -28.6451 190
    endloop
  endfacet
  facet normal 0 0 1
    outer loop
      vertex -28.6451 -25.1211 190
      vertex -26.2956 -23.0606 190
      vertex -27.7475 -21.2914 190
    endloop
  endfacet
  facet normal 0 0 1
    outer loop
      vertex -26.2956 -23.0606 190
      vertex -28.6451 -25.1211 190
      vertex -26.9408 -26.9408 190
    endloop
  endfacet
  facet normal 0 0 1
    outer loop
      vertex -30.2268 -23.1938 190
      vertex -27.7475 -21.2914 190
      vertex -29.0807 -19.4311 190
    endloop
  endfacet
  facet normal 0 0 1
    outer loop
      vertex -27.7475 -21.2914 190
      vertex -30.2268 -23.1938 190
      vertex -28.6451 -25.1211 190
    endloop
  endfacet
  facet normal 0 0 1
    outer loop
      vertex -31.679 -21.1672 190
      vertex -29.0807 -19.4311 190
      vertex -30.2892 -17.4875 190
    endloop
  endfacet
  facet normal 0 0 1
    outer loop
      vertex -32.9956 -19.05 190
      vertex -30.2892 -17.4875 190
      vertex -31.3681 -15.469 190
    endloop
  endfacet
  facet normal 0 0 1
    outer loop
      vertex -29.0807 -19.4311 190
      vertex -31.679 -21.1672 190
      vertex -30.2268 -23.1938 190
    endloop
  endfacet
  facet normal 0 0 1
    outer loop
      vertex -34.1709 -16.8512 190
      vertex -31.3681 -15.469 190
      vertex -32.3127 -13.3844 190
    endloop
  endfacet
  facet normal 0 0 1
    outer loop
      vertex -30.2892 -17.4875 190
      vertex -32.9956 -19.05 190
      vertex -31.679 -21.1672 190
    endloop
  endfacet
  facet normal 0 0 1
    outer loop
      vertex -35.1998 -14.5802 190
      vertex -32.3127 -13.3844 190
      vertex -33.1189 -11.2423 190
    endloop
  endfacet
  facet normal 0 0 1
    outer loop
      vertex -36.078 -12.2468 190
      vertex -33.1189 -11.2423 190
      vertex -33.7833 -9.0522 190
    endloop
  endfacet
  facet normal 0 0 1
    outer loop
      vertex -31.3681 -15.469 190
      vertex -34.1709 -16.8512 190
      vertex -32.9956 -19.05 190
    endloop
  endfacet
  facet normal 0 0 1
    outer loop
      vertex -36.8018 -9.861 190
      vertex -33.7833 -9.0522 190
      vertex -34.303 -6.82328 190
    endloop
  endfacet
  facet normal 0 0 1
    outer loop
      vertex -37.3679 -7.43294 190
      vertex -34.303 -6.82328 190
      vertex -34.6758 -4.56515 190
    endloop
  endfacet
  facet normal 0 0 1
    outer loop
      vertex -37.774 -4.97305 190
      vertex -34.6758 -4.56515 190
      vertex -34.9001 -2.28747 190
    endloop
  endfacet
  facet normal 0 0 1
    outer loop
      vertex -32.3127 -13.3844 190
      vertex -35.1998 -14.5802 190
      vertex -34.1709 -16.8512 190
    endloop
  endfacet
  facet normal 0 0 1
    outer loop
      vertex -38.0184 -2.49186 190
      vertex -34.9001 -2.28747 190
      vertex -34.975 0 190
    endloop
  endfacet
  facet normal 0 0 1
    outer loop
      vertex -34.303 6.82328 190
      vertex -37.3679 7.43294 190
      vertex -34.6758 4.56515 190
    endloop
  endfacet
  facet normal -0 0 1
    outer loop
      vertex -37.774 4.97305 190
      vertex -34.6758 4.56515 190
      vertex -37.3679 7.43294 190
    endloop
  endfacet
  facet normal 0 0 1
    outer loop
      vertex -33.1189 -11.2423 190
      vertex -36.078 -12.2468 190
      vertex -35.1998 -14.5802 190
    endloop
  endfacet
  facet normal 0 0 1
    outer loop
      vertex -34.6758 4.56515 190
      vertex -37.774 4.97305 190
      vertex -34.9001 2.28747 190
    endloop
  endfacet
  facet normal 0 0 1
    outer loop
      vertex -33.7833 -9.0522 190
      vertex -36.8018 -9.861 190
      vertex -36.078 -12.2468 190
    endloop
  endfacet
  facet normal -0 0 1
    outer loop
      vertex -38.0184 2.49186 190
      vertex -34.9001 2.28747 190
      vertex -37.774 4.97305 190
    endloop
  endfacet
  facet normal 0 0 1
    outer loop
      vertex -34.303 -6.82328 190
      vertex -37.3679 -7.43294 190
      vertex -36.8018 -9.861 190
    endloop
  endfacet
  facet normal 0 0 1
    outer loop
      vertex -34.9001 2.28747 190
      vertex -38.0184 2.49186 190
      vertex -34.975 0 190
    endloop
  endfacet
  facet normal 0 0 1
    outer loop
      vertex -34.6758 -4.56515 190
      vertex -37.774 -4.97305 190
      vertex -37.3679 -7.43294 190
    endloop
  endfacet
  facet normal 0 0 1
    outer loop
      vertex -38.1 0 190
      vertex -34.975 0 190
      vertex -38.0184 2.49186 190
    endloop
  endfacet
  facet normal 0 0 1
    outer loop
      vertex -34.9001 -2.28747 190
      vertex -38.0184 -2.49186 190
      vertex -37.774 -4.97305 190
    endloop
  endfacet
  facet normal 0 0 1
    outer loop
      vertex -34.975 0 190
      vertex -38.1 0 190
      vertex -38.0184 -2.49186 190
    endloop
  endfacet
  facet normal -0.634395 -0.773009 0
    outer loop
      vertex -25.1211 -28.6451 0
      vertex -23.1938 -30.2268 190
      vertex -25.1211 -28.6451 190
    endloop
  endfacet
  facet normal -0.634395 -0.773009 -0
    outer loop
      vertex -23.1938 -30.2268 190
      vertex -25.1211 -28.6451 0
      vertex -23.1938 -30.2268 0
    endloop
  endfacet
  facet normal 0.35224 -0.93591 0
    outer loop
      vertex 12.2468 -36.078 0
      vertex 14.5802 -35.1998 190
      vertex 12.2468 -36.078 190
    endloop
  endfacet
  facet normal 0.35224 -0.93591 0
    outer loop
      vertex 14.5802 -35.1998 190
      vertex 12.2468 -36.078 0
      vertex 14.5802 -35.1998 0
    endloop
  endfacet
  facet normal 0.729871 0.683585 0
    outer loop
      vertex 28.6451 25.1211 190
      vertex 26.9408 26.9408 0
      vertex 26.9408 26.9408 190
    endloop
  endfacet
  facet normal 0.729871 0.683585 0
    outer loop
      vertex 26.9408 26.9408 0
      vertex 28.6451 25.1211 190
      vertex 28.6451 25.1211 0
    endloop
  endfacet
  facet normal 0.290312 -0.956932 0
    outer loop
      vertex 9.861 -36.8018 0
      vertex 12.2468 -36.078 190
      vertex 9.861 -36.8018 190
    endloop
  endfacet
  facet normal 0.290312 -0.956932 0
    outer loop
      vertex 12.2468 -36.078 190
      vertex 9.861 -36.8018 0
      vertex 12.2468 -36.078 0
    endloop
  endfacet
  facet normal -0.412682 0.910875 0
    outer loop
      vertex -14.5802 35.1998 0
      vertex -16.8512 34.1709 190
      vertex -14.5802 35.1998 190
    endloop
  endfacet
  facet normal -0.412682 0.910875 0
    outer loop
      vertex -16.8512 34.1709 190
      vertex -14.5802 35.1998 0
      vertex -16.8512 34.1709 0
    endloop
  endfacet
  facet normal -0.412682 -0.910875 0
    outer loop
      vertex -16.8512 -34.1709 0
      vertex -14.5802 -35.1998 190
      vertex -16.8512 -34.1709 190
    endloop
  endfacet
  facet normal -0.412682 -0.910875 -0
    outer loop
      vertex -14.5802 -35.1998 190
      vertex -16.8512 -34.1709 0
      vertex -14.5802 -35.1998 0
    endloop
  endfacet
  facet normal 0.471402 -0.881918 0
    outer loop
      vertex 16.8512 -34.1709 0
      vertex 19.05 -32.9956 190
      vertex 16.8512 -34.1709 190
    endloop
  endfacet
  facet normal 0.471402 -0.881918 0
    outer loop
      vertex 19.05 -32.9956 190
      vertex 16.8512 -34.1709 0
      vertex 19.05 -32.9956 0
    endloop
  endfacet
  facet normal -0.812854 -0.582467 0
    outer loop
      vertex -30.2268 -23.1938 0
      vertex -31.679 -21.1672 190
      vertex -31.679 -21.1672 0
    endloop
  endfacet
  facet normal -0.812854 -0.582467 0
    outer loop
      vertex -31.679 -21.1672 190
      vertex -30.2268 -23.1938 0
      vertex -30.2268 -23.1938 190
    endloop
  endfacet
  facet normal -0.0980267 0.995184 0
    outer loop
      vertex -2.49186 38.0184 0
      vertex -4.97305 37.774 190
      vertex -2.49186 38.0184 190
    endloop
  endfacet
  facet normal -0.0980267 0.995184 0
    outer loop
      vertex -4.97305 37.774 190
      vertex -2.49186 38.0184 0
      vertex -4.97305 37.774 0
    endloop
  endfacet
  facet normal 0.0980267 -0.995184 0
    outer loop
      vertex 2.49186 -38.0184 0
      vertex 4.97305 -37.774 190
      vertex 2.49186 -38.0184 190
    endloop
  endfacet
  facet normal 0.0980267 -0.995184 0
    outer loop
      vertex 4.97305 -37.774 190
      vertex 2.49186 -38.0184 0
      vertex 4.97305 -37.774 0
    endloop
  endfacet
  facet normal -0.973881 0.227059 0
    outer loop
      vertex -37.3679 7.43294 0
      vertex -36.8018 9.861 190
      vertex -36.8018 9.861 0
    endloop
  endfacet
  facet normal -0.973881 0.227059 0
    outer loop
      vertex -36.8018 9.861 190
      vertex -37.3679 7.43294 0
      vertex -37.3679 7.43294 190
    endloop
  endfacet
  facet normal 0.773009 0.634395 0
    outer loop
      vertex 30.2268 23.1938 190
      vertex 28.6451 25.1211 0
      vertex 28.6451 25.1211 190
    endloop
  endfacet
  facet normal 0.773009 0.634395 0
    outer loop
      vertex 28.6451 25.1211 0
      vertex 30.2268 23.1938 190
      vertex 30.2268 23.1938 0
    endloop
  endfacet
  facet normal 0.812854 0.582467 0
    outer loop
      vertex 31.679 21.1672 190
      vertex 30.2268 23.1938 0
      vertex 30.2268 23.1938 190
    endloop
  endfacet
  facet normal 0.812854 0.582467 0
    outer loop
      vertex 30.2268 23.1938 0
      vertex 31.679 21.1672 190
      vertex 31.679 21.1672 0
    endloop
  endfacet
  facet normal 0.910875 0.412682 0
    outer loop
      vertex 35.1998 14.5802 190
      vertex 34.1709 16.8512 0
      vertex 34.1709 16.8512 190
    endloop
  endfacet
  facet normal 0.910875 0.412682 0
    outer loop
      vertex 34.1709 16.8512 0
      vertex 35.1998 14.5802 190
      vertex 35.1998 14.5802 0
    endloop
  endfacet
  facet normal -0.910875 -0.412682 0
    outer loop
      vertex -34.1709 -16.8512 0
      vertex -35.1998 -14.5802 190
      vertex -35.1998 -14.5802 0
    endloop
  endfacet
  facet normal -0.910875 -0.412682 0
    outer loop
      vertex -35.1998 -14.5802 190
      vertex -34.1709 -16.8512 0
      vertex -34.1709 -16.8512 190
    endloop
  endfacet
  facet normal -0.290312 0.956932 0
    outer loop
      vertex -9.861 36.8018 0
      vertex -12.2468 36.078 190
      vertex -9.861 36.8018 190
    endloop
  endfacet
  facet normal -0.290312 0.956932 0
    outer loop
      vertex -12.2468 36.078 190
      vertex -9.861 36.8018 0
      vertex -12.2468 36.078 0
    endloop
  endfacet
  facet normal 0.471402 0.881918 -0
    outer loop
      vertex 19.05 32.9956 0
      vertex 16.8512 34.1709 190
      vertex 19.05 32.9956 190
    endloop
  endfacet
  facet normal 0.471402 0.881918 0
    outer loop
      vertex 16.8512 34.1709 190
      vertex 19.05 32.9956 0
      vertex 16.8512 34.1709 0
    endloop
  endfacet
  facet normal -0.683585 -0.729871 0
    outer loop
      vertex -26.9408 -26.9408 0
      vertex -25.1211 -28.6451 190
      vertex -26.9408 -26.9408 190
    endloop
  endfacet
  facet normal -0.683585 -0.729871 -0
    outer loop
      vertex -25.1211 -28.6451 190
      vertex -26.9408 -26.9408 0
      vertex -25.1211 -28.6451 0
    endloop
  endfacet
  facet normal 0.634395 -0.773009 0
    outer loop
      vertex 23.1938 -30.2268 0
      vertex 25.1211 -28.6451 190
      vertex 23.1938 -30.2268 190
    endloop
  endfacet
  facet normal 0.634395 -0.773009 0
    outer loop
      vertex 25.1211 -28.6451 190
      vertex 23.1938 -30.2268 0
      vertex 25.1211 -28.6451 0
    endloop
  endfacet
  facet normal -0.995184 -0.0980267 0
    outer loop
      vertex -37.774 -4.97305 0
      vertex -38.0184 -2.49186 190
      vertex -38.0184 -2.49186 0
    endloop
  endfacet
  facet normal -0.995184 -0.0980267 0
    outer loop
      vertex -38.0184 -2.49186 190
      vertex -37.774 -4.97305 0
      vertex -37.774 -4.97305 190
    endloop
  endfacet
  facet normal -0.0327291 -0.999464 0
    outer loop
      vertex -2.49186 -38.0184 0
      vertex 0 -38.1 190
      vertex -2.49186 -38.0184 190
    endloop
  endfacet
  facet normal -0.0327291 -0.999464 -0
    outer loop
      vertex 0 -38.1 190
      vertex -2.49186 -38.0184 0
      vertex 0 -38.1 0
    endloop
  endfacet
  facet normal -0.683585 0.729871 0
    outer loop
      vertex -25.1211 28.6451 0
      vertex -26.9408 26.9408 190
      vertex -25.1211 28.6451 190
    endloop
  endfacet
  facet normal -0.683585 0.729871 0
    outer loop
      vertex -26.9408 26.9408 190
      vertex -25.1211 28.6451 0
      vertex -26.9408 26.9408 0
    endloop
  endfacet
  facet normal -0.0327291 0.999464 0
    outer loop
      vertex 0 38.1 0
      vertex -2.49186 38.0184 190
      vertex 0 38.1 190
    endloop
  endfacet
  facet normal -0.0327291 0.999464 0
    outer loop
      vertex -2.49186 38.0184 190
      vertex 0 38.1 0
      vertex -2.49186 38.0184 0
    endloop
  endfacet
  facet normal 0.995184 -0.0980267 0
    outer loop
      vertex 37.774 -4.97305 190
      vertex 38.0184 -2.49186 0
      vertex 38.0184 -2.49186 190
    endloop
  endfacet
  facet normal 0.995184 -0.0980267 0
    outer loop
      vertex 38.0184 -2.49186 0
      vertex 37.774 -4.97305 190
      vertex 37.774 -4.97305 0
    endloop
  endfacet
  facet normal 0.986645 -0.162884 0
    outer loop
      vertex 37.3679 -7.43294 190
      vertex 37.774 -4.97305 0
      vertex 37.774 -4.97305 190
    endloop
  endfacet
  facet normal 0.986645 -0.162884 0
    outer loop
      vertex 37.774 -4.97305 0
      vertex 37.3679 -7.43294 190
      vertex 37.3679 -7.43294 0
    endloop
  endfacet
  facet normal -0.986645 0.162884 0
    outer loop
      vertex -37.774 4.97305 0
      vertex -37.3679 7.43294 190
      vertex -37.3679 7.43294 0
    endloop
  endfacet
  facet normal -0.986645 0.162884 0
    outer loop
      vertex -37.3679 7.43294 190
      vertex -37.774 4.97305 0
      vertex -37.774 4.97305 190
    endloop
  endfacet
  facet normal -0.956932 -0.290312 0
    outer loop
      vertex -36.078 -12.2468 0
      vertex -36.8018 -9.861 190
      vertex -36.8018 -9.861 0
    endloop
  endfacet
  facet normal -0.956932 -0.290312 0
    outer loop
      vertex -36.8018 -9.861 190
      vertex -36.078 -12.2468 0
      vertex -36.078 -12.2468 190
    endloop
  endfacet
  facet normal -0.881918 0.471402 0
    outer loop
      vertex -34.1709 16.8512 0
      vertex -32.9956 19.05 190
      vertex -32.9956 19.05 0
    endloop
  endfacet
  facet normal -0.881918 0.471402 0
    outer loop
      vertex -32.9956 19.05 190
      vertex -34.1709 16.8512 0
      vertex -34.1709 16.8512 190
    endloop
  endfacet
  facet normal -0.995184 0.0980267 0
    outer loop
      vertex -38.0184 2.49186 0
      vertex -37.774 4.97305 190
      vertex -37.774 4.97305 0
    endloop
  endfacet
  facet normal -0.995184 0.0980267 0
    outer loop
      vertex -37.774 4.97305 190
      vertex -38.0184 2.49186 0
      vertex -38.0184 2.49186 190
    endloop
  endfacet
  facet normal -0.729871 0.683585 0
    outer loop
      vertex -28.6451 25.1211 0
      vertex -26.9408 26.9408 190
      vertex -26.9408 26.9408 0
    endloop
  endfacet
  facet normal -0.729871 0.683585 0
    outer loop
      vertex -26.9408 26.9408 190
      vertex -28.6451 25.1211 0
      vertex -28.6451 25.1211 190
    endloop
  endfacet
  facet normal 0.683585 -0.729871 0
    outer loop
      vertex 25.1211 -28.6451 0
      vertex 26.9408 -26.9408 190
      vertex 25.1211 -28.6451 190
    endloop
  endfacet
  facet normal 0.683585 -0.729871 0
    outer loop
      vertex 26.9408 -26.9408 190
      vertex 25.1211 -28.6451 0
      vertex 26.9408 -26.9408 0
    endloop
  endfacet
  facet normal -0.162884 -0.986645 0
    outer loop
      vertex -7.43294 -37.3679 0
      vertex -4.97305 -37.774 190
      vertex -7.43294 -37.3679 190
    endloop
  endfacet
  facet normal -0.162884 -0.986645 -0
    outer loop
      vertex -4.97305 -37.774 190
      vertex -7.43294 -37.3679 0
      vertex -4.97305 -37.774 0
    endloop
  endfacet
  facet normal -0.729871 -0.683585 0
    outer loop
      vertex -26.9408 -26.9408 0
      vertex -28.6451 -25.1211 190
      vertex -28.6451 -25.1211 0
    endloop
  endfacet
  facet normal -0.729871 -0.683585 0
    outer loop
      vertex -28.6451 -25.1211 190
      vertex -26.9408 -26.9408 0
      vertex -26.9408 -26.9408 190
    endloop
  endfacet
  facet normal 0.582467 -0.812854 0
    outer loop
      vertex 21.1672 -31.679 0
      vertex 23.1938 -30.2268 190
      vertex 21.1672 -31.679 190
    endloop
  endfacet
  facet normal 0.582467 -0.812854 0
    outer loop
      vertex 23.1938 -30.2268 190
      vertex 21.1672 -31.679 0
      vertex 23.1938 -30.2268 0
    endloop
  endfacet
  facet normal -0.849195 0.52808 0
    outer loop
      vertex -32.9956 19.05 0
      vertex -31.679 21.1672 190
      vertex -31.679 21.1672 0
    endloop
  endfacet
  facet normal -0.849195 0.52808 0
    outer loop
      vertex -31.679 21.1672 190
      vertex -32.9956 19.05 0
      vertex -32.9956 19.05 190
    endloop
  endfacet
  facet normal -0.773009 0.634395 0
    outer loop
      vertex -30.2268 23.1938 0
      vertex -28.6451 25.1211 190
      vertex -28.6451 25.1211 0
    endloop
  endfacet
  facet normal -0.773009 0.634395 0
    outer loop
      vertex -28.6451 25.1211 190
      vertex -30.2268 23.1938 0
      vertex -30.2268 23.1938 190
    endloop
  endfacet
  facet normal 0.0327291 0.999464 -0
    outer loop
      vertex 2.49186 38.0184 0
      vertex 0 38.1 190
      vertex 2.49186 38.0184 190
    endloop
  endfacet
  facet normal 0.0327291 0.999464 0
    outer loop
      vertex 0 38.1 190
      vertex 2.49186 38.0184 0
      vertex 0 38.1 0
    endloop
  endfacet
  facet normal -0.227059 0.973881 0
    outer loop
      vertex -7.43294 37.3679 0
      vertex -9.861 36.8018 190
      vertex -7.43294 37.3679 190
    endloop
  endfacet
  facet normal -0.227059 0.973881 0
    outer loop
      vertex -9.861 36.8018 190
      vertex -7.43294 37.3679 0
      vertex -9.861 36.8018 0
    endloop
  endfacet
  facet normal -0.910875 0.412682 0
    outer loop
      vertex -35.1998 14.5802 0
      vertex -34.1709 16.8512 190
      vertex -34.1709 16.8512 0
    endloop
  endfacet
  facet normal -0.910875 0.412682 0
    outer loop
      vertex -34.1709 16.8512 190
      vertex -35.1998 14.5802 0
      vertex -35.1998 14.5802 190
    endloop
  endfacet
  facet normal -0.52808 -0.849195 0
    outer loop
      vertex -21.1672 -31.679 0
      vertex -19.05 -32.9956 190
      vertex -21.1672 -31.679 190
    endloop
  endfacet
  facet normal -0.52808 -0.849195 -0
    outer loop
      vertex -19.05 -32.9956 190
      vertex -21.1672 -31.679 0
      vertex -19.05 -32.9956 0
    endloop
  endfacet
  facet normal 0.910875 -0.412682 0
    outer loop
      vertex 34.1709 -16.8512 190
      vertex 35.1998 -14.5802 0
      vertex 35.1998 -14.5802 190
    endloop
  endfacet
  facet normal 0.910875 -0.412682 0
    outer loop
      vertex 35.1998 -14.5802 0
      vertex 34.1709 -16.8512 190
      vertex 34.1709 -16.8512 0
    endloop
  endfacet
  facet normal -0.0980267 -0.995184 0
    outer loop
      vertex -4.97305 -37.774 0
      vertex -2.49186 -38.0184 190
      vertex -4.97305 -37.774 190
    endloop
  endfacet
  facet normal -0.0980267 -0.995184 -0
    outer loop
      vertex -2.49186 -38.0184 190
      vertex -4.97305 -37.774 0
      vertex -2.49186 -38.0184 0
    endloop
  endfacet
  facet normal -0.956932 0.290312 0
    outer loop
      vertex -36.8018 9.861 0
      vertex -36.078 12.2468 190
      vertex -36.078 12.2468 0
    endloop
  endfacet
  facet normal -0.956932 0.290312 0
    outer loop
      vertex -36.078 12.2468 190
      vertex -36.8018 9.861 0
      vertex -36.8018 9.861 190
    endloop
  endfacet
  facet normal 0.227059 0.973881 -0
    outer loop
      vertex 9.861 36.8018 0
      vertex 7.43294 37.3679 190
      vertex 9.861 36.8018 190
    endloop
  endfacet
  facet normal 0.227059 0.973881 0
    outer loop
      vertex 7.43294 37.3679 190
      vertex 9.861 36.8018 0
      vertex 7.43294 37.3679 0
    endloop
  endfacet
  facet normal 0.290312 0.956932 -0
    outer loop
      vertex 12.2468 36.078 0
      vertex 9.861 36.8018 190
      vertex 12.2468 36.078 190
    endloop
  endfacet
  facet normal 0.290312 0.956932 0
    outer loop
      vertex 9.861 36.8018 190
      vertex 12.2468 36.078 0
      vertex 9.861 36.8018 0
    endloop
  endfacet
  facet normal -0.471402 0.881918 0
    outer loop
      vertex -16.8512 34.1709 0
      vertex -19.05 32.9956 190
      vertex -16.8512 34.1709 190
    endloop
  endfacet
  facet normal -0.471402 0.881918 0
    outer loop
      vertex -19.05 32.9956 190
      vertex -16.8512 34.1709 0
      vertex -19.05 32.9956 0
    endloop
  endfacet
  facet normal -0.471402 -0.881918 0
    outer loop
      vertex -19.05 -32.9956 0
      vertex -16.8512 -34.1709 190
      vertex -19.05 -32.9956 190
    endloop
  endfacet
  facet normal -0.471402 -0.881918 -0
    outer loop
      vertex -16.8512 -34.1709 190
      vertex -19.05 -32.9956 0
      vertex -16.8512 -34.1709 0
    endloop
  endfacet
  facet normal 0.849142 0.528164 0
    outer loop
      vertex 20.265 36.822 0
      vertex 20.032 37.1966 -16.41
      vertex 20.032 37.1966 0
    endloop
  endfacet
  facet normal 0.849142 0.528164 0
    outer loop
      vertex 20.032 37.1966 -16.41
      vertex 20.265 36.822 0
      vertex 20.265 36.822 -16.41
    endloop
  endfacet
  facet normal -0.910909 0.412607 0
    outer loop
      vertex 23.9986 37.0667 -16.41
      vertex 24.1806 37.4685 0
      vertex 24.1806 37.4685 -16.41
    endloop
  endfacet
  facet normal -0.910909 0.412607 0
    outer loop
      vertex 24.1806 37.4685 0
      vertex 23.9986 37.0667 -16.41
      vertex 23.9986 37.0667 0
    endloop
  endfacet
  facet normal -0.227194 -0.97385 0
    outer loop
      vertex 22.3437 40.4225 -16.41
      vertex 22.7732 40.3223 0
      vertex 22.3437 40.4225 0
    endloop
  endfacet
  facet normal -0.227194 -0.97385 -0
    outer loop
      vertex 22.7732 40.3223 0
      vertex 22.3437 40.4225 -16.41
      vertex 22.7732 40.3223 -16.41
    endloop
  endfacet
  facet normal -0.412607 -0.910909 0
    outer loop
      vertex 22.7732 40.3223 -16.41
      vertex 23.175 40.1403 0
      vertex 22.7732 40.3223 0
    endloop
  endfacet
  facet normal -0.412607 -0.910909 -0
    outer loop
      vertex 23.175 40.1403 0
      vertex 22.7732 40.3223 -16.41
      vertex 23.175 40.1403 -16.41
    endloop
  endfacet
  facet normal -0.97385 0.227194 0
    outer loop
      vertex 24.1806 37.4685 -16.41
      vertex 24.2808 37.898 0
      vertex 24.2808 37.898 -16.41
    endloop
  endfacet
  facet normal -0.97385 0.227194 0
    outer loop
      vertex 24.2808 37.898 0
      vertex 24.1806 37.4685 -16.41
      vertex 24.1806 37.4685 0
    endloop
  endfacet
  facet normal 0.226979 0.9739 -0
    outer loop
      vertex 21.7563 35.961 -16.41
      vertex 21.3268 36.0611 0
      vertex 21.7563 35.961 0
    endloop
  endfacet
  facet normal 0.226979 0.9739 0
    outer loop
      vertex 21.3268 36.0611 0
      vertex 21.7563 35.961 -16.41
      vertex 21.3268 36.0611 -16.41
    endloop
  endfacet
  facet normal -0.935956 -0.352117 0
    outer loop
      vertex 24.2233 38.7741 -16.41
      vertex 24.068 39.1869 0
      vertex 24.068 39.1869 -16.41
    endloop
  endfacet
  facet normal -0.935956 -0.352117 0
    outer loop
      vertex 24.068 39.1869 0
      vertex 24.2233 38.7741 -16.41
      vertex 24.2233 38.7741 0
    endloop
  endfacet
  facet normal -0.0326431 -0.999467 0
    outer loop
      vertex 21.9028 40.4369 -16.41
      vertex 22.3437 40.4225 0
      vertex 21.9028 40.4369 0
    endloop
  endfacet
  facet normal -0.0326431 -0.999467 -0
    outer loop
      vertex 22.3437 40.4225 0
      vertex 21.9028 40.4369 -16.41
      vertex 22.3437 40.4225 -16.41
    endloop
  endfacet
  facet normal 0.352316 -0.935881 0
    outer loop
      vertex 21.0549 40.2097 -16.41
      vertex 21.4677 40.3651 0
      vertex 21.0549 40.2097 0
    endloop
  endfacet
  facet normal 0.352316 -0.935881 0
    outer loop
      vertex 21.4677 40.3651 0
      vertex 21.0549 40.2097 -16.41
      vertex 21.4677 40.3651 -16.41
    endloop
  endfacet
  facet normal 0.683722 -0.729742 0
    outer loop
      vertex 20.3584 39.6752 -16.41
      vertex 20.6803 39.9768 0
      vertex 20.3584 39.6752 0
    endloop
  endfacet
  facet normal 0.683722 -0.729742 0
    outer loop
      vertex 20.6803 39.9768 0
      vertex 20.3584 39.6752 -16.41
      vertex 20.6803 39.9768 -16.41
    endloop
  endfacet
  facet normal 0.0328695 0.99946 -0
    outer loop
      vertex 22.1972 35.9465 -16.41
      vertex 21.7563 35.961 0
      vertex 22.1972 35.9465 0
    endloop
  endfacet
  facet normal 0.0328695 0.99946 0
    outer loop
      vertex 21.7563 35.961 0
      vertex 22.1972 35.9465 -16.41
      vertex 21.7563 35.961 -16.41
    endloop
  endfacet
  facet normal 0.162818 -0.986656 0
    outer loop
      vertex 21.4677 40.3651 -16.41
      vertex 21.9028 40.4369 0
      vertex 21.4677 40.3651 0
    endloop
  endfacet
  facet normal 0.162818 -0.986656 0
    outer loop
      vertex 21.9028 40.4369 0
      vertex 21.4677 40.3651 -16.41
      vertex 21.9028 40.4369 -16.41
    endloop
  endfacet
  facet normal 0.812737 -0.582631 0
    outer loop
      vertex 20.1014 39.3167 0
      vertex 20.3584 39.6752 -16.41
      vertex 20.3584 39.6752 0
    endloop
  endfacet
  facet normal 0.812737 -0.582631 0
    outer loop
      vertex 20.3584 39.6752 -16.41
      vertex 20.1014 39.3167 0
      vertex 20.1014 39.3167 -16.41
    endloop
  endfacet
  facet normal 0.973911 -0.226929 0
    outer loop
      vertex 19.8193 38.4854 0
      vertex 19.9194 38.915 -16.41
      vertex 19.9194 38.915 0
    endloop
  endfacet
  facet normal 0.973911 -0.226929 0
    outer loop
      vertex 19.9194 38.915 -16.41
      vertex 19.8193 38.4854 0
      vertex 19.8193 38.4854 -16.41
    endloop
  endfacet
  facet normal -0.352316 0.935881 0
    outer loop
      vertex 23.0451 36.1738 -16.41
      vertex 22.6323 36.0184 0
      vertex 23.0451 36.1738 0
    endloop
  endfacet
  facet normal -0.352316 0.935881 0
    outer loop
      vertex 22.6323 36.0184 0
      vertex 23.0451 36.1738 -16.41
      vertex 22.6323 36.0184 -16.41
    endloop
  endfacet
  facet normal 0.528 -0.849244 0
    outer loop
      vertex 20.6803 39.9768 -16.41
      vertex 21.0549 40.2097 0
      vertex 20.6803 39.9768 0
    endloop
  endfacet
  facet normal 0.528 -0.849244 0
    outer loop
      vertex 21.0549 40.2097 0
      vertex 20.6803 39.9768 -16.41
      vertex 21.0549 40.2097 -16.41
    endloop
  endfacet
  facet normal 0.582481 0.812844 -0
    outer loop
      vertex 20.925 36.2432 -16.41
      vertex 20.5665 36.5001 0
      vertex 20.925 36.2432 0
    endloop
  endfacet
  facet normal 0.582481 0.812844 0
    outer loop
      vertex 20.5665 36.5001 0
      vertex 20.925 36.2432 -16.41
      vertex 20.5665 36.5001 -16.41
    endloop
  endfacet
  facet normal -0.849079 -0.528266 0
    outer loop
      vertex 24.068 39.1869 -16.41
      vertex 23.835 39.5614 0
      vertex 23.835 39.5614 -16.41
    endloop
  endfacet
  facet normal -0.849079 -0.528266 0
    outer loop
      vertex 23.835 39.5614 0
      vertex 24.068 39.1869 -16.41
      vertex 24.068 39.1869 0
    endloop
  endfacet
  facet normal -0.999467 0.0326431 0
    outer loop
      vertex 24.2808 37.898 -16.41
      vertex 24.2952 38.3389 0
      vertex 24.2952 38.3389 -16.41
    endloop
  endfacet
  facet normal -0.999467 0.0326431 0
    outer loop
      vertex 24.2952 38.3389 0
      vertex 24.2808 37.898 -16.41
      vertex 24.2808 37.898 0
    endloop
  endfacet
  facet normal 0.986626 0.163002 0
    outer loop
      vertex 19.8767 37.6094 0
      vertex 19.8048 38.0446 -16.41
      vertex 19.8048 38.0446 0
    endloop
  endfacet
  facet normal 0.986626 0.163002 0
    outer loop
      vertex 19.8048 38.0446 -16.41
      vertex 19.8767 37.6094 0
      vertex 19.8767 37.6094 -16.41
    endloop
  endfacet
  facet normal 0.999459 -0.032877 0
    outer loop
      vertex 19.8048 38.0446 0
      vertex 19.8193 38.4854 -16.41
      vertex 19.8193 38.4854 0
    endloop
  endfacet
  facet normal 0.999459 -0.032877 0
    outer loop
      vertex 19.8193 38.4854 -16.41
      vertex 19.8048 38.0446 0
      vertex 19.8048 38.0446 -16.41
    endloop
  endfacet
  facet normal -0.528 0.849244 0
    outer loop
      vertex 23.4197 36.4067 -16.41
      vertex 23.0451 36.1738 0
      vertex 23.4197 36.4067 0
    endloop
  endfacet
  facet normal -0.528 0.849244 0
    outer loop
      vertex 23.0451 36.1738 0
      vertex 23.4197 36.4067 -16.41
      vertex 23.0451 36.1738 -16.41
    endloop
  endfacet
  facet normal 0.729855 0.683602 0
    outer loop
      vertex 20.5665 36.5001 0
      vertex 20.265 36.822 -16.41
      vertex 20.265 36.822 0
    endloop
  endfacet
  facet normal 0.729855 0.683602 0
    outer loop
      vertex 20.265 36.822 -16.41
      vertex 20.5665 36.5001 0
      vertex 20.5665 36.5001 -16.41
    endloop
  endfacet
  facet normal -0.729961 -0.683489 0
    outer loop
      vertex 23.835 39.5614 -16.41
      vertex 23.5335 39.8834 0
      vertex 23.5335 39.8834 -16.41
    endloop
  endfacet
  facet normal -0.729961 -0.683489 0
    outer loop
      vertex 23.5335 39.8834 0
      vertex 23.835 39.5614 -16.41
      vertex 23.835 39.5614 0
    endloop
  endfacet
  facet normal 0.910871 -0.412692 0
    outer loop
      vertex 19.9194 38.915 0
      vertex 20.1014 39.3167 -16.41
      vertex 20.1014 39.3167 0
    endloop
  endfacet
  facet normal 0.910871 -0.412692 0
    outer loop
      vertex 20.1014 39.3167 -16.41
      vertex 19.9194 38.915 0
      vertex 19.9194 38.915 -16.41
    endloop
  endfacet
  facet normal 0.935956 0.352117 0
    outer loop
      vertex 20.032 37.1966 0
      vertex 19.8767 37.6094 -16.41
      vertex 19.8767 37.6094 0
    endloop
  endfacet
  facet normal 0.935956 0.352117 0
    outer loop
      vertex 19.8767 37.6094 -16.41
      vertex 20.032 37.1966 0
      vertex 20.032 37.1966 -16.41
    endloop
  endfacet
  facet normal -0.582481 -0.812844 0
    outer loop
      vertex 23.175 40.1403 -16.41
      vertex 23.5335 39.8834 0
      vertex 23.175 40.1403 0
    endloop
  endfacet
  facet normal -0.582481 -0.812844 -0
    outer loop
      vertex 23.5335 39.8834 0
      vertex 23.175 40.1403 -16.41
      vertex 23.5335 39.8834 -16.41
    endloop
  endfacet
  facet normal -0.163038 0.98662 0
    outer loop
      vertex 22.6323 36.0184 -16.41
      vertex 22.1972 35.9465 0
      vertex 22.6323 36.0184 0
    endloop
  endfacet
  facet normal -0.163038 0.98662 0
    outer loop
      vertex 22.1972 35.9465 0
      vertex 22.6323 36.0184 -16.41
      vertex 22.1972 35.9465 -16.41
    endloop
  endfacet
  facet normal -0.986626 -0.163002 0
    outer loop
      vertex 24.2952 38.3389 -16.41
      vertex 24.2233 38.7741 0
      vertex 24.2233 38.7741 -16.41
    endloop
  endfacet
  facet normal -0.986626 -0.163002 0
    outer loop
      vertex 24.2233 38.7741 0
      vertex 24.2952 38.3389 -16.41
      vertex 24.2952 38.3389 0
    endloop
  endfacet
  facet normal 0.412795 0.910824 -0
    outer loop
      vertex 21.3268 36.0611 -16.41
      vertex 20.925 36.2432 0
      vertex 21.3268 36.0611 0
    endloop
  endfacet
  facet normal 0.412795 0.910824 0
    outer loop
      vertex 20.925 36.2432 0
      vertex 21.3268 36.0611 -16.41
      vertex 20.925 36.2432 -16.41
    endloop
  endfacet
  facet normal -0.812737 0.582631 0
    outer loop
      vertex 23.7416 36.7082 -16.41
      vertex 23.9986 37.0667 0
      vertex 23.9986 37.0667 -16.41
    endloop
  endfacet
  facet normal -0.812737 0.582631 0
    outer loop
      vertex 23.9986 37.0667 0
      vertex 23.7416 36.7082 -16.41
      vertex 23.7416 36.7082 0
    endloop
  endfacet
  facet normal -0.683602 0.729855 0
    outer loop
      vertex 23.7416 36.7082 -16.41
      vertex 23.4197 36.4067 0
      vertex 23.7416 36.7082 0
    endloop
  endfacet
  facet normal -0.683602 0.729855 0
    outer loop
      vertex 23.4197 36.4067 0
      vertex 23.7416 36.7082 -16.41
      vertex 23.4197 36.4067 -16.41
    endloop
  endfacet
  facet normal -0.866018 0.500014 0
    outer loop
      vertex 24.1457 34.5618 -20
      vertex 26.2415 38.1917 -16.41
      vertex 26.2415 38.1917 -20
    endloop
  endfacet
  facet normal -0.866018 0.500014 0
    outer loop
      vertex 26.2415 38.1917 -16.41
      vertex 24.1457 34.5618 -20
      vertex 24.1457 34.5618 -16.41
    endloop
  endfacet
  facet normal -0.866018 -0.500014 0
    outer loop
      vertex 26.2415 38.1917 -20
      vertex 24.1457 41.8216 -16.41
      vertex 24.1457 41.8216 -20
    endloop
  endfacet
  facet normal -0.866018 -0.500014 0
    outer loop
      vertex 24.1457 41.8216 -16.41
      vertex 26.2415 38.1917 -20
      vertex 26.2415 38.1917 -16.41
    endloop
  endfacet
  facet normal 0.866018 -0.500014 0
    outer loop
      vertex 17.8585 38.1917 -16.41
      vertex 19.9543 41.8216 -20
      vertex 19.9543 41.8216 -16.41
    endloop
  endfacet
  facet normal 0.866018 -0.500014 0
    outer loop
      vertex 19.9543 41.8216 -20
      vertex 17.8585 38.1917 -16.41
      vertex 17.8585 38.1917 -20
    endloop
  endfacet
  facet normal 0 -1 0
    outer loop
      vertex 19.9543 41.8216 -20
      vertex 24.1457 41.8216 -16.41
      vertex 19.9543 41.8216 -16.41
    endloop
  endfacet
  facet normal 0 -1 -0
    outer loop
      vertex 24.1457 41.8216 -16.41
      vertex 19.9543 41.8216 -20
      vertex 24.1457 41.8216 -20
    endloop
  endfacet
  facet normal 0.866018 0.500014 0
    outer loop
      vertex 19.9543 34.5618 -16.41
      vertex 17.8585 38.1917 -20
      vertex 17.8585 38.1917 -16.41
    endloop
  endfacet
  facet normal 0.866018 0.500014 0
    outer loop
      vertex 17.8585 38.1917 -20
      vertex 19.9543 34.5618 -16.41
      vertex 19.9543 34.5618 -20
    endloop
  endfacet
  facet normal 0 1 -0
    outer loop
      vertex 24.1457 34.5618 -20
      vertex 19.9543 34.5618 -16.41
      vertex 24.1457 34.5618 -16.41
    endloop
  endfacet
  facet normal 0 1 0
    outer loop
      vertex 19.9543 34.5618 -16.41
      vertex 24.1457 34.5618 -20
      vertex 19.9543 34.5618 -20
    endloop
  endfacet
  facet normal -0 0 -1
    outer loop
      vertex 26.2415 38.1917 -16.41
      vertex 24.2808 37.898 -16.41
      vertex 24.2952 38.3389 -16.41
    endloop
  endfacet
  facet normal 0 0 -1
    outer loop
      vertex 26.2415 38.1917 -16.41
      vertex 24.1806 37.4685 -16.41
      vertex 24.2808 37.898 -16.41
    endloop
  endfacet
  facet normal 0 0 -1
    outer loop
      vertex 23.9986 37.0667 -16.41
      vertex 26.2415 38.1917 -16.41
      vertex 24.1457 34.5618 -16.41
    endloop
  endfacet
  facet normal 0 0 -1
    outer loop
      vertex 26.2415 38.1917 -16.41
      vertex 23.9986 37.0667 -16.41
      vertex 24.1806 37.4685 -16.41
    endloop
  endfacet
  facet normal 0 0 -1
    outer loop
      vertex 24.1457 34.5618 -16.41
      vertex 23.7416 36.7082 -16.41
      vertex 23.9986 37.0667 -16.41
    endloop
  endfacet
  facet normal 0 0 -1
    outer loop
      vertex 24.1457 34.5618 -16.41
      vertex 23.4197 36.4067 -16.41
      vertex 23.7416 36.7082 -16.41
    endloop
  endfacet
  facet normal 0 0 -1
    outer loop
      vertex 24.1457 34.5618 -16.41
      vertex 23.0451 36.1738 -16.41
      vertex 23.4197 36.4067 -16.41
    endloop
  endfacet
  facet normal 0 0 -1
    outer loop
      vertex 24.1457 34.5618 -16.41
      vertex 22.6323 36.0184 -16.41
      vertex 23.0451 36.1738 -16.41
    endloop
  endfacet
  facet normal 0 0 -1
    outer loop
      vertex 24.1457 34.5618 -16.41
      vertex 22.1972 35.9465 -16.41
      vertex 22.6323 36.0184 -16.41
    endloop
  endfacet
  facet normal 0 0 -1
    outer loop
      vertex 19.9543 34.5618 -16.41
      vertex 22.1972 35.9465 -16.41
      vertex 24.1457 34.5618 -16.41
    endloop
  endfacet
  facet normal -0 0 -1
    outer loop
      vertex 22.1972 35.9465 -16.41
      vertex 19.9543 34.5618 -16.41
      vertex 21.7563 35.961 -16.41
    endloop
  endfacet
  facet normal -0 0 -1
    outer loop
      vertex 21.7563 35.961 -16.41
      vertex 19.9543 34.5618 -16.41
      vertex 21.3268 36.0611 -16.41
    endloop
  endfacet
  facet normal -0 0 -1
    outer loop
      vertex 21.3268 36.0611 -16.41
      vertex 19.9543 34.5618 -16.41
      vertex 20.925 36.2432 -16.41
    endloop
  endfacet
  facet normal 0 0 -1
    outer loop
      vertex 19.9543 34.5618 -16.41
      vertex 20.5665 36.5001 -16.41
      vertex 20.925 36.2432 -16.41
    endloop
  endfacet
  facet normal 0 0 -1
    outer loop
      vertex 19.9543 34.5618 -16.41
      vertex 20.265 36.822 -16.41
      vertex 20.5665 36.5001 -16.41
    endloop
  endfacet
  facet normal 0 0 -1
    outer loop
      vertex 19.9543 34.5618 -16.41
      vertex 20.032 37.1966 -16.41
      vertex 20.265 36.822 -16.41
    endloop
  endfacet
  facet normal 0 0 -1
    outer loop
      vertex 17.8585 38.1917 -16.41
      vertex 20.032 37.1966 -16.41
      vertex 19.9543 34.5618 -16.41
    endloop
  endfacet
  facet normal 0 0 -1
    outer loop
      vertex 20.032 37.1966 -16.41
      vertex 17.8585 38.1917 -16.41
      vertex 19.8767 37.6094 -16.41
    endloop
  endfacet
  facet normal 0 0 -1
    outer loop
      vertex 19.8767 37.6094 -16.41
      vertex 17.8585 38.1917 -16.41
      vertex 19.8048 38.0446 -16.41
    endloop
  endfacet
  facet normal 0 0 -1
    outer loop
      vertex 24.2233 38.7741 -16.41
      vertex 26.2415 38.1917 -16.41
      vertex 24.2952 38.3389 -16.41
    endloop
  endfacet
  facet normal 0 0 -1
    outer loop
      vertex 24.068 39.1869 -16.41
      vertex 26.2415 38.1917 -16.41
      vertex 24.2233 38.7741 -16.41
    endloop
  endfacet
  facet normal 0 0 -1
    outer loop
      vertex 26.2415 38.1917 -16.41
      vertex 24.068 39.1869 -16.41
      vertex 24.1457 41.8216 -16.41
    endloop
  endfacet
  facet normal 0 0 -1
    outer loop
      vertex 23.835 39.5614 -16.41
      vertex 24.1457 41.8216 -16.41
      vertex 24.068 39.1869 -16.41
    endloop
  endfacet
  facet normal 0 0 -1
    outer loop
      vertex 23.5335 39.8834 -16.41
      vertex 24.1457 41.8216 -16.41
      vertex 23.835 39.5614 -16.41
    endloop
  endfacet
  facet normal 0 0 -1
    outer loop
      vertex 23.175 40.1403 -16.41
      vertex 24.1457 41.8216 -16.41
      vertex 23.5335 39.8834 -16.41
    endloop
  endfacet
  facet normal 0 0 -1
    outer loop
      vertex 22.7732 40.3223 -16.41
      vertex 24.1457 41.8216 -16.41
      vertex 23.175 40.1403 -16.41
    endloop
  endfacet
  facet normal 0 0 -1
    outer loop
      vertex 22.3437 40.4225 -16.41
      vertex 24.1457 41.8216 -16.41
      vertex 22.7732 40.3223 -16.41
    endloop
  endfacet
  facet normal 0 0 -1
    outer loop
      vertex 21.9028 40.4369 -16.41
      vertex 24.1457 41.8216 -16.41
      vertex 22.3437 40.4225 -16.41
    endloop
  endfacet
  facet normal 0 0 -1
    outer loop
      vertex 19.9543 41.8216 -16.41
      vertex 21.9028 40.4369 -16.41
      vertex 21.4677 40.3651 -16.41
    endloop
  endfacet
  facet normal 0 0 -1
    outer loop
      vertex 19.9543 41.8216 -16.41
      vertex 21.4677 40.3651 -16.41
      vertex 21.0549 40.2097 -16.41
    endloop
  endfacet
  facet normal 0 0 -1
    outer loop
      vertex 21.9028 40.4369 -16.41
      vertex 19.9543 41.8216 -16.41
      vertex 24.1457 41.8216 -16.41
    endloop
  endfacet
  facet normal 0 0 -1
    outer loop
      vertex 20.6803 39.9768 -16.41
      vertex 19.9543 41.8216 -16.41
      vertex 21.0549 40.2097 -16.41
    endloop
  endfacet
  facet normal 0 0 -1
    outer loop
      vertex 20.3584 39.6752 -16.41
      vertex 19.9543 41.8216 -16.41
      vertex 20.6803 39.9768 -16.41
    endloop
  endfacet
  facet normal 0 0 -1
    outer loop
      vertex 20.1014 39.3167 -16.41
      vertex 19.9543 41.8216 -16.41
      vertex 20.3584 39.6752 -16.41
    endloop
  endfacet
  facet normal 0 0 -1
    outer loop
      vertex 17.8585 38.1917 -16.41
      vertex 20.1014 39.3167 -16.41
      vertex 19.9194 38.915 -16.41
    endloop
  endfacet
  facet normal 0 0 -1
    outer loop
      vertex 17.8585 38.1917 -16.41
      vertex 19.9194 38.915 -16.41
      vertex 19.8193 38.4854 -16.41
    endloop
  endfacet
  facet normal -0 0 -1
    outer loop
      vertex 20.1014 39.3167 -16.41
      vertex 17.8585 38.1917 -16.41
      vertex 19.9543 41.8216 -16.41
    endloop
  endfacet
  facet normal 0 0 -1
    outer loop
      vertex 17.8585 38.1917 -16.41
      vertex 19.8193 38.4854 -16.41
      vertex 19.8048 38.0446 -16.41
    endloop
  endfacet
  facet normal -0.881941 0.47136 0
    outer loop
      vertex -42.2292 -1.25003 -16.41
      vertex -42.0213 -0.861037 0
      vertex -42.0213 -0.861037 -16.41
    endloop
  endfacet
  facet normal -0.881941 0.47136 0
    outer loop
      vertex -42.0213 -0.861037 0
      vertex -42.2292 -1.25003 -16.41
      vertex -42.2292 -1.25003 0
    endloop
  endfacet
  facet normal 0.0979998 -0.995186 0
    outer loop
      vertex -44.539 2.20677 -16.41
      vertex -44.1 2.25 0
      vertex -44.539 2.20677 0
    endloop
  endfacet
  facet normal 0.0979998 -0.995186 0
    outer loop
      vertex -44.1 2.25 0
      vertex -44.539 2.20677 -16.41
      vertex -44.1 2.25 -16.41
    endloop
  endfacet
  facet normal 0.956901 0.290413 0
    outer loop
      vertex -46.1787 -0.861037 0
      vertex -46.3068 -0.438952 -16.41
      vertex -46.3068 -0.438952 0
    endloop
  endfacet
  facet normal 0.956901 0.290413 0
    outer loop
      vertex -46.3068 -0.438952 -16.41
      vertex -46.1787 -0.861037 0
      vertex -46.1787 -0.861037 -16.41
    endloop
  endfacet
  facet normal 0.995192 0.097943 0
    outer loop
      vertex -46.3068 -0.438952 0
      vertex -46.35 0 -16.41
      vertex -46.35 0 0
    endloop
  endfacet
  facet normal 0.995192 0.097943 0
    outer loop
      vertex -46.35 0 -16.41
      vertex -46.3068 -0.438952 0
      vertex -46.3068 -0.438952 -16.41
    endloop
  endfacet
  facet normal 0.290342 -0.956923 0
    outer loop
      vertex -44.961 2.07873 -16.41
      vertex -44.539 2.20677 0
      vertex -44.961 2.07873 0
    endloop
  endfacet
  facet normal 0.290342 -0.956923 0
    outer loop
      vertex -44.539 2.20677 0
      vertex -44.961 2.07873 -16.41
      vertex -44.539 2.20677 -16.41
    endloop
  endfacet
  facet normal -0.956901 -0.290413 0
    outer loop
      vertex -41.8932 0.438952 -16.41
      vertex -42.0213 0.861037 0
      vertex -42.0213 0.861037 -16.41
    endloop
  endfacet
  facet normal -0.956901 -0.290413 0
    outer loop
      vertex -42.0213 0.861037 0
      vertex -41.8932 0.438952 -16.41
      vertex -41.8932 0.438952 0
    endloop
  endfacet
  facet normal 0.773031 -0.634368 0
    outer loop
      vertex -45.9708 1.25003 0
      vertex -45.691 1.59099 -16.41
      vertex -45.691 1.59099 0
    endloop
  endfacet
  facet normal 0.773031 -0.634368 0
    outer loop
      vertex -45.691 1.59099 -16.41
      vertex -45.9708 1.25003 0
      vertex -45.9708 1.25003 -16.41
    endloop
  endfacet
  facet normal 0.881941 0.47136 0
    outer loop
      vertex -45.9708 -1.25003 0
      vertex -46.1787 -0.861037 -16.41
      vertex -46.1787 -0.861037 0
    endloop
  endfacet
  facet normal 0.881941 0.47136 0
    outer loop
      vertex -46.1787 -0.861037 -16.41
      vertex -45.9708 -1.25003 0
      vertex -45.9708 -1.25003 -16.41
    endloop
  endfacet
  facet normal 0.634351 0.773045 -0
    outer loop
      vertex -45.35 -1.87081 -16.41
      vertex -45.691 -1.59099 0
      vertex -45.35 -1.87081 0
    endloop
  endfacet
  facet normal 0.634351 0.773045 0
    outer loop
      vertex -45.691 -1.59099 0
      vertex -45.35 -1.87081 -16.41
      vertex -45.691 -1.59099 -16.41
    endloop
  endfacet
  facet normal 0.290342 0.956923 -0
    outer loop
      vertex -44.539 -2.20677 -16.41
      vertex -44.961 -2.07873 0
      vertex -44.539 -2.20677 0
    endloop
  endfacet
  facet normal 0.290342 0.956923 0
    outer loop
      vertex -44.961 -2.07873 0
      vertex -44.539 -2.20677 -16.41
      vertex -44.961 -2.07873 -16.41
    endloop
  endfacet
  facet normal -0.881941 -0.47136 0
    outer loop
      vertex -42.0213 0.861037 -16.41
      vertex -42.2292 1.25003 0
      vertex -42.2292 1.25003 -16.41
    endloop
  endfacet
  facet normal -0.881941 -0.47136 0
    outer loop
      vertex -42.2292 1.25003 0
      vertex -42.0213 0.861037 -16.41
      vertex -42.0213 0.861037 0
    endloop
  endfacet
  facet normal 0.773031 0.634368 0
    outer loop
      vertex -45.691 -1.59099 0
      vertex -45.9708 -1.25003 -16.41
      vertex -45.9708 -1.25003 0
    endloop
  endfacet
  facet normal 0.773031 0.634368 0
    outer loop
      vertex -45.9708 -1.25003 -16.41
      vertex -45.691 -1.59099 0
      vertex -45.691 -1.59099 -16.41
    endloop
  endfacet
  facet normal 0.0979998 0.995186 -0
    outer loop
      vertex -44.1 -2.25 -16.41
      vertex -44.539 -2.20677 0
      vertex -44.1 -2.25 0
    endloop
  endfacet
  facet normal 0.0979998 0.995186 0
    outer loop
      vertex -44.539 -2.20677 0
      vertex -44.1 -2.25 -16.41
      vertex -44.539 -2.20677 -16.41
    endloop
  endfacet
  facet normal -0.290342 0.956923 0
    outer loop
      vertex -43.239 -2.07873 -16.41
      vertex -43.661 -2.20677 0
      vertex -43.239 -2.07873 0
    endloop
  endfacet
  facet normal -0.290342 0.956923 0
    outer loop
      vertex -43.661 -2.20677 0
      vertex -43.239 -2.07873 -16.41
      vertex -43.661 -2.20677 -16.41
    endloop
  endfacet
  facet normal -0.634351 -0.773045 0
    outer loop
      vertex -42.85 1.87081 -16.41
      vertex -42.509 1.59099 0
      vertex -42.85 1.87081 0
    endloop
  endfacet
  facet normal -0.634351 -0.773045 -0
    outer loop
      vertex -42.509 1.59099 0
      vertex -42.85 1.87081 -16.41
      vertex -42.509 1.59099 -16.41
    endloop
  endfacet
  facet normal 0.471388 0.881926 -0
    outer loop
      vertex -44.961 -2.07873 -16.41
      vertex -45.35 -1.87081 0
      vertex -44.961 -2.07873 0
    endloop
  endfacet
  facet normal 0.471388 0.881926 0
    outer loop
      vertex -45.35 -1.87081 0
      vertex -44.961 -2.07873 -16.41
      vertex -45.35 -1.87081 -16.41
    endloop
  endfacet
  facet normal -0.995192 0.097943 0
    outer loop
      vertex -41.8932 -0.438952 -16.41
      vertex -41.85 0 0
      vertex -41.85 0 -16.41
    endloop
  endfacet
  facet normal -0.995192 0.097943 0
    outer loop
      vertex -41.85 0 0
      vertex -41.8932 -0.438952 -16.41
      vertex -41.8932 -0.438952 0
    endloop
  endfacet
  facet normal 0.881941 -0.47136 0
    outer loop
      vertex -46.1787 0.861037 0
      vertex -45.9708 1.25003 -16.41
      vertex -45.9708 1.25003 0
    endloop
  endfacet
  facet normal 0.881941 -0.47136 0
    outer loop
      vertex -45.9708 1.25003 -16.41
      vertex -46.1787 0.861037 0
      vertex -46.1787 0.861037 -16.41
    endloop
  endfacet
  facet normal 0.471388 -0.881926 0
    outer loop
      vertex -45.35 1.87081 -16.41
      vertex -44.961 2.07873 0
      vertex -45.35 1.87081 0
    endloop
  endfacet
  facet normal 0.471388 -0.881926 0
    outer loop
      vertex -44.961 2.07873 0
      vertex -45.35 1.87081 -16.41
      vertex -44.961 2.07873 -16.41
    endloop
  endfacet
  facet normal -0.634351 0.773045 0
    outer loop
      vertex -42.509 -1.59099 -16.41
      vertex -42.85 -1.87081 0
      vertex -42.509 -1.59099 0
    endloop
  endfacet
  facet normal -0.634351 0.773045 0
    outer loop
      vertex -42.85 -1.87081 0
      vertex -42.509 -1.59099 -16.41
      vertex -42.85 -1.87081 -16.41
    endloop
  endfacet
  facet normal -0.471388 0.881926 0
    outer loop
      vertex -42.85 -1.87081 -16.41
      vertex -43.239 -2.07873 0
      vertex -42.85 -1.87081 0
    endloop
  endfacet
  facet normal -0.471388 0.881926 0
    outer loop
      vertex -43.239 -2.07873 0
      vertex -42.85 -1.87081 -16.41
      vertex -43.239 -2.07873 -16.41
    endloop
  endfacet
  facet normal -0.471388 -0.881926 0
    outer loop
      vertex -43.239 2.07873 -16.41
      vertex -42.85 1.87081 0
      vertex -43.239 2.07873 0
    endloop
  endfacet
  facet normal -0.471388 -0.881926 -0
    outer loop
      vertex -42.85 1.87081 0
      vertex -43.239 2.07873 -16.41
      vertex -42.85 1.87081 -16.41
    endloop
  endfacet
  facet normal -0.956901 0.290413 0
    outer loop
      vertex -42.0213 -0.861037 -16.41
      vertex -41.8932 -0.438952 0
      vertex -41.8932 -0.438952 -16.41
    endloop
  endfacet
  facet normal -0.956901 0.290413 0
    outer loop
      vertex -41.8932 -0.438952 0
      vertex -42.0213 -0.861037 -16.41
      vertex -42.0213 -0.861037 0
    endloop
  endfacet
  facet normal 0.956901 -0.290413 0
    outer loop
      vertex -46.3068 0.438952 0
      vertex -46.1787 0.861037 -16.41
      vertex -46.1787 0.861037 0
    endloop
  endfacet
  facet normal 0.956901 -0.290413 0
    outer loop
      vertex -46.1787 0.861037 -16.41
      vertex -46.3068 0.438952 0
      vertex -46.3068 0.438952 -16.41
    endloop
  endfacet
  facet normal -0.0979998 0.995186 0
    outer loop
      vertex -43.661 -2.20677 -16.41
      vertex -44.1 -2.25 0
      vertex -43.661 -2.20677 0
    endloop
  endfacet
  facet normal -0.0979998 0.995186 0
    outer loop
      vertex -44.1 -2.25 0
      vertex -43.661 -2.20677 -16.41
      vertex -44.1 -2.25 -16.41
    endloop
  endfacet
  facet normal -0.773031 0.634368 0
    outer loop
      vertex -42.509 -1.59099 -16.41
      vertex -42.2292 -1.25003 0
      vertex -42.2292 -1.25003 -16.41
    endloop
  endfacet
  facet normal -0.773031 0.634368 0
    outer loop
      vertex -42.2292 -1.25003 0
      vertex -42.509 -1.59099 -16.41
      vertex -42.509 -1.59099 0
    endloop
  endfacet
  facet normal 0.995192 -0.097943 0
    outer loop
      vertex -46.35 0 0
      vertex -46.3068 0.438952 -16.41
      vertex -46.3068 0.438952 0
    endloop
  endfacet
  facet normal 0.995192 -0.097943 0
    outer loop
      vertex -46.3068 0.438952 -16.41
      vertex -46.35 0 0
      vertex -46.35 0 -16.41
    endloop
  endfacet
  facet normal -0.773031 -0.634368 0
    outer loop
      vertex -42.2292 1.25003 -16.41
      vertex -42.509 1.59099 0
      vertex -42.509 1.59099 -16.41
    endloop
  endfacet
  facet normal -0.773031 -0.634368 0
    outer loop
      vertex -42.509 1.59099 0
      vertex -42.2292 1.25003 -16.41
      vertex -42.2292 1.25003 0
    endloop
  endfacet
  facet normal 0.634351 -0.773045 0
    outer loop
      vertex -45.691 1.59099 -16.41
      vertex -45.35 1.87081 0
      vertex -45.691 1.59099 0
    endloop
  endfacet
  facet normal 0.634351 -0.773045 0
    outer loop
      vertex -45.35 1.87081 0
      vertex -45.691 1.59099 -16.41
      vertex -45.35 1.87081 -16.41
    endloop
  endfacet
  facet normal -0.995192 -0.097943 0
    outer loop
      vertex -41.85 0 -16.41
      vertex -41.8932 0.438952 0
      vertex -41.8932 0.438952 -16.41
    endloop
  endfacet
  facet normal -0.995192 -0.097943 0
    outer loop
      vertex -41.8932 0.438952 0
      vertex -41.85 0 -16.41
      vertex -41.85 0 0
    endloop
  endfacet
  facet normal -0.0979998 -0.995186 0
    outer loop
      vertex -44.1 2.25 -16.41
      vertex -43.661 2.20677 0
      vertex -44.1 2.25 0
    endloop
  endfacet
  facet normal -0.0979998 -0.995186 -0
    outer loop
      vertex -43.661 2.20677 0
      vertex -44.1 2.25 -16.41
      vertex -43.661 2.20677 -16.41
    endloop
  endfacet
  facet normal -0.290342 -0.956923 0
    outer loop
      vertex -43.661 2.20677 -16.41
      vertex -43.239 2.07873 0
      vertex -43.661 2.20677 0
    endloop
  endfacet
  facet normal -0.290342 -0.956923 -0
    outer loop
      vertex -43.239 2.07873 0
      vertex -43.661 2.20677 -16.41
      vertex -43.239 2.07873 -16.41
    endloop
  endfacet
  facet normal 0 -1 0
    outer loop
      vertex -46.1957 3.6299 -20
      vertex -42.0043 3.6299 -16.41
      vertex -46.1957 3.6299 -16.41
    endloop
  endfacet
  facet normal 0 -1 -0
    outer loop
      vertex -42.0043 3.6299 -16.41
      vertex -46.1957 3.6299 -20
      vertex -42.0043 3.6299 -20
    endloop
  endfacet
  facet normal 0.866018 -0.500014 0
    outer loop
      vertex -48.2915 0 -16.41
      vertex -46.1957 3.6299 -20
      vertex -46.1957 3.6299 -16.41
    endloop
  endfacet
  facet normal 0.866018 -0.500014 0
    outer loop
      vertex -46.1957 3.6299 -20
      vertex -48.2915 0 -16.41
      vertex -48.2915 0 -20
    endloop
  endfacet
  facet normal 0 1 -0
    outer loop
      vertex -42.0043 -3.6299 -20
      vertex -46.1957 -3.6299 -16.41
      vertex -42.0043 -3.6299 -16.41
    endloop
  endfacet
  facet normal 0 1 0
    outer loop
      vertex -46.1957 -3.6299 -16.41
      vertex -42.0043 -3.6299 -20
      vertex -46.1957 -3.6299 -20
    endloop
  endfacet
  facet normal 0.866018 0.500014 0
    outer loop
      vertex -46.1957 -3.6299 -16.41
      vertex -48.2915 0 -20
      vertex -48.2915 0 -16.41
    endloop
  endfacet
  facet normal 0.866018 0.500014 0
    outer loop
      vertex -48.2915 0 -20
      vertex -46.1957 -3.6299 -16.41
      vertex -46.1957 -3.6299 -20
    endloop
  endfacet
  facet normal -0.866028 0.499996 0
    outer loop
      vertex -42.0043 -3.6299 -20
      vertex -39.9086 0 -16.41
      vertex -39.9086 0 -20
    endloop
  endfacet
  facet normal -0.866028 0.499996 0
    outer loop
      vertex -39.9086 0 -16.41
      vertex -42.0043 -3.6299 -20
      vertex -42.0043 -3.6299 -16.41
    endloop
  endfacet
  facet normal -0.866028 -0.499996 0
    outer loop
      vertex -39.9086 0 -20
      vertex -42.0043 3.6299 -16.41
      vertex -42.0043 3.6299 -20
    endloop
  endfacet
  facet normal -0.866028 -0.499996 0
    outer loop
      vertex -42.0043 3.6299 -16.41
      vertex -39.9086 0 -20
      vertex -39.9086 0 -16.41
    endloop
  endfacet
  facet normal -0 0 -1
    outer loop
      vertex -39.9086 0 -16.41
      vertex -41.8932 -0.438952 -16.41
      vertex -41.85 0 -16.41
    endloop
  endfacet
  facet normal 0 0 -1
    outer loop
      vertex -42.2292 -1.25003 -16.41
      vertex -39.9086 0 -16.41
      vertex -42.0043 -3.6299 -16.41
    endloop
  endfacet
  facet normal 0 0 -1
    outer loop
      vertex -39.9086 0 -16.41
      vertex -42.0213 -0.861037 -16.41
      vertex -41.8932 -0.438952 -16.41
    endloop
  endfacet
  facet normal 0 0 -1
    outer loop
      vertex -39.9086 0 -16.41
      vertex -42.2292 -1.25003 -16.41
      vertex -42.0213 -0.861037 -16.41
    endloop
  endfacet
  facet normal 0 0 -1
    outer loop
      vertex -42.0043 -3.6299 -16.41
      vertex -42.509 -1.59099 -16.41
      vertex -42.2292 -1.25003 -16.41
    endloop
  endfacet
  facet normal 0 0 -1
    outer loop
      vertex -42.0043 -3.6299 -16.41
      vertex -42.85 -1.87081 -16.41
      vertex -42.509 -1.59099 -16.41
    endloop
  endfacet
  facet normal 0 0 -1
    outer loop
      vertex -42.0043 -3.6299 -16.41
      vertex -43.239 -2.07873 -16.41
      vertex -42.85 -1.87081 -16.41
    endloop
  endfacet
  facet normal 0 0 -1
    outer loop
      vertex -42.0043 -3.6299 -16.41
      vertex -43.661 -2.20677 -16.41
      vertex -43.239 -2.07873 -16.41
    endloop
  endfacet
  facet normal 0 0 -1
    outer loop
      vertex -42.0043 -3.6299 -16.41
      vertex -44.1 -2.25 -16.41
      vertex -43.661 -2.20677 -16.41
    endloop
  endfacet
  facet normal 0 0 -1
    outer loop
      vertex -46.1957 -3.6299 -16.41
      vertex -44.1 -2.25 -16.41
      vertex -42.0043 -3.6299 -16.41
    endloop
  endfacet
  facet normal -0 0 -1
    outer loop
      vertex -44.1 -2.25 -16.41
      vertex -46.1957 -3.6299 -16.41
      vertex -44.539 -2.20677 -16.41
    endloop
  endfacet
  facet normal -0 0 -1
    outer loop
      vertex -44.539 -2.20677 -16.41
      vertex -46.1957 -3.6299 -16.41
      vertex -44.961 -2.07873 -16.41
    endloop
  endfacet
  facet normal 0 0 -1
    outer loop
      vertex -46.1957 -3.6299 -16.41
      vertex -45.35 -1.87081 -16.41
      vertex -44.961 -2.07873 -16.41
    endloop
  endfacet
  facet normal 0 0 -1
    outer loop
      vertex -46.1957 -3.6299 -16.41
      vertex -45.691 -1.59099 -16.41
      vertex -45.35 -1.87081 -16.41
    endloop
  endfacet
  facet normal 0 0 -1
    outer loop
      vertex -46.1957 -3.6299 -16.41
      vertex -45.9708 -1.25003 -16.41
      vertex -45.691 -1.59099 -16.41
    endloop
  endfacet
  facet normal 0 0 -1
    outer loop
      vertex -48.2915 0 -16.41
      vertex -45.9708 -1.25003 -16.41
      vertex -46.1957 -3.6299 -16.41
    endloop
  endfacet
  facet normal 0 0 -1
    outer loop
      vertex -45.9708 -1.25003 -16.41
      vertex -48.2915 0 -16.41
      vertex -46.1787 -0.861037 -16.41
    endloop
  endfacet
  facet normal 0 0 -1
    outer loop
      vertex -46.1787 -0.861037 -16.41
      vertex -48.2915 0 -16.41
      vertex -46.3068 -0.438952 -16.41
    endloop
  endfacet
  facet normal 0 0 -1
    outer loop
      vertex -46.3068 -0.438952 -16.41
      vertex -48.2915 0 -16.41
      vertex -46.35 0 -16.41
    endloop
  endfacet
  facet normal 0 0 -1
    outer loop
      vertex -41.8932 0.438952 -16.41
      vertex -39.9086 0 -16.41
      vertex -41.85 0 -16.41
    endloop
  endfacet
  facet normal 0 0 -1
    outer loop
      vertex -42.0213 0.861037 -16.41
      vertex -39.9086 0 -16.41
      vertex -41.8932 0.438952 -16.41
    endloop
  endfacet
  facet normal 0 0 -1
    outer loop
      vertex -42.2292 1.25003 -16.41
      vertex -39.9086 0 -16.41
      vertex -42.0213 0.861037 -16.41
    endloop
  endfacet
  facet normal 0 0 -1
    outer loop
      vertex -39.9086 0 -16.41
      vertex -42.2292 1.25003 -16.41
      vertex -42.0043 3.6299 -16.41
    endloop
  endfacet
  facet normal 0 0 -1
    outer loop
      vertex -42.509 1.59099 -16.41
      vertex -42.0043 3.6299 -16.41
      vertex -42.2292 1.25003 -16.41
    endloop
  endfacet
  facet normal 0 0 -1
    outer loop
      vertex -42.85 1.87081 -16.41
      vertex -42.0043 3.6299 -16.41
      vertex -42.509 1.59099 -16.41
    endloop
  endfacet
  facet normal 0 0 -1
    outer loop
      vertex -43.239 2.07873 -16.41
      vertex -42.0043 3.6299 -16.41
      vertex -42.85 1.87081 -16.41
    endloop
  endfacet
  facet normal 0 0 -1
    outer loop
      vertex -43.661 2.20677 -16.41
      vertex -42.0043 3.6299 -16.41
      vertex -43.239 2.07873 -16.41
    endloop
  endfacet
  facet normal 0 0 -1
    outer loop
      vertex -44.1 2.25 -16.41
      vertex -42.0043 3.6299 -16.41
      vertex -43.661 2.20677 -16.41
    endloop
  endfacet
  facet normal 0 0 -1
    outer loop
      vertex -46.1957 3.6299 -16.41
      vertex -44.1 2.25 -16.41
      vertex -44.539 2.20677 -16.41
    endloop
  endfacet
  facet normal 0 0 -1
    outer loop
      vertex -46.1957 3.6299 -16.41
      vertex -44.539 2.20677 -16.41
      vertex -44.961 2.07873 -16.41
    endloop
  endfacet
  facet normal 0 0 -1
    outer loop
      vertex -44.1 2.25 -16.41
      vertex -46.1957 3.6299 -16.41
      vertex -42.0043 3.6299 -16.41
    endloop
  endfacet
  facet normal 0 0 -1
    outer loop
      vertex -45.35 1.87081 -16.41
      vertex -46.1957 3.6299 -16.41
      vertex -44.961 2.07873 -16.41
    endloop
  endfacet
  facet normal 0 0 -1
    outer loop
      vertex -45.691 1.59099 -16.41
      vertex -46.1957 3.6299 -16.41
      vertex -45.35 1.87081 -16.41
    endloop
  endfacet
  facet normal 0 0 -1
    outer loop
      vertex -45.9708 1.25003 -16.41
      vertex -46.1957 3.6299 -16.41
      vertex -45.691 1.59099 -16.41
    endloop
  endfacet
  facet normal 0 0 -1
    outer loop
      vertex -48.2915 0 -16.41
      vertex -45.9708 1.25003 -16.41
      vertex -46.1787 0.861037 -16.41
    endloop
  endfacet
  facet normal 0 0 -1
    outer loop
      vertex -48.2915 0 -16.41
      vertex -46.1787 0.861037 -16.41
      vertex -46.3068 0.438952 -16.41
    endloop
  endfacet
  facet normal 0 0 -1
    outer loop
      vertex -48.2915 0 -16.41
      vertex -46.3068 0.438952 -16.41
      vertex -46.35 0 -16.41
    endloop
  endfacet
  facet normal -0 0 -1
    outer loop
      vertex -45.9708 1.25003 -16.41
      vertex -48.2915 0 -16.41
      vertex -46.1957 3.6299 -16.41
    endloop
  endfacet
  facet normal 0.0328695 -0.99946 0
    outer loop
      vertex 21.7563 -35.961 -16.41
      vertex 22.1972 -35.9465 0
      vertex 21.7563 -35.961 0
    endloop
  endfacet
  facet normal 0.0328695 -0.99946 0
    outer loop
      vertex 22.1972 -35.9465 0
      vertex 21.7563 -35.961 -16.41
      vertex 22.1972 -35.9465 -16.41
    endloop
  endfacet
  facet normal 0.812737 0.582631 0
    outer loop
      vertex 20.3584 -39.6752 0
      vertex 20.1014 -39.3167 -16.41
      vertex 20.1014 -39.3167 0
    endloop
  endfacet
  facet normal 0.812737 0.582631 0
    outer loop
      vertex 20.1014 -39.3167 -16.41
      vertex 20.3584 -39.6752 0
      vertex 20.3584 -39.6752 -16.41
    endloop
  endfacet
  facet normal -0.729961 0.683489 0
    outer loop
      vertex 23.5335 -39.8834 -16.41
      vertex 23.835 -39.5614 0
      vertex 23.835 -39.5614 -16.41
    endloop
  endfacet
  facet normal -0.729961 0.683489 0
    outer loop
      vertex 23.835 -39.5614 0
      vertex 23.5335 -39.8834 -16.41
      vertex 23.5335 -39.8834 0
    endloop
  endfacet
  facet normal -0.582481 0.812844 0
    outer loop
      vertex 23.5335 -39.8834 -16.41
      vertex 23.175 -40.1403 0
      vertex 23.5335 -39.8834 0
    endloop
  endfacet
  facet normal -0.582481 0.812844 0
    outer loop
      vertex 23.175 -40.1403 0
      vertex 23.5335 -39.8834 -16.41
      vertex 23.175 -40.1403 -16.41
    endloop
  endfacet
  facet normal 0.683722 0.729742 -0
    outer loop
      vertex 20.6803 -39.9768 -16.41
      vertex 20.3584 -39.6752 0
      vertex 20.6803 -39.9768 0
    endloop
  endfacet
  facet normal 0.683722 0.729742 0
    outer loop
      vertex 20.3584 -39.6752 0
      vertex 20.6803 -39.9768 -16.41
      vertex 20.3584 -39.6752 -16.41
    endloop
  endfacet
  facet normal 0.729855 -0.683602 0
    outer loop
      vertex 20.265 -36.822 0
      vertex 20.5665 -36.5001 -16.41
      vertex 20.5665 -36.5001 0
    endloop
  endfacet
  facet normal 0.729855 -0.683602 0
    outer loop
      vertex 20.5665 -36.5001 -16.41
      vertex 20.265 -36.822 0
      vertex 20.265 -36.822 -16.41
    endloop
  endfacet
  facet normal 0.162818 0.986656 -0
    outer loop
      vertex 21.9028 -40.4369 -16.41
      vertex 21.4677 -40.3651 0
      vertex 21.9028 -40.4369 0
    endloop
  endfacet
  facet normal 0.162818 0.986656 0
    outer loop
      vertex 21.4677 -40.3651 0
      vertex 21.9028 -40.4369 -16.41
      vertex 21.4677 -40.3651 -16.41
    endloop
  endfacet
  facet normal -0.849079 0.528266 0
    outer loop
      vertex 23.835 -39.5614 -16.41
      vertex 24.068 -39.1869 0
      vertex 24.068 -39.1869 -16.41
    endloop
  endfacet
  facet normal -0.849079 0.528266 0
    outer loop
      vertex 24.068 -39.1869 0
      vertex 23.835 -39.5614 -16.41
      vertex 23.835 -39.5614 0
    endloop
  endfacet
  facet normal -0.986626 0.163002 0
    outer loop
      vertex 24.2233 -38.7741 -16.41
      vertex 24.2952 -38.3389 0
      vertex 24.2952 -38.3389 -16.41
    endloop
  endfacet
  facet normal -0.986626 0.163002 0
    outer loop
      vertex 24.2952 -38.3389 0
      vertex 24.2233 -38.7741 -16.41
      vertex 24.2233 -38.7741 0
    endloop
  endfacet
  facet normal -0.97385 -0.227194 0
    outer loop
      vertex 24.2808 -37.898 -16.41
      vertex 24.1806 -37.4685 0
      vertex 24.1806 -37.4685 -16.41
    endloop
  endfacet
  facet normal -0.97385 -0.227194 0
    outer loop
      vertex 24.1806 -37.4685 0
      vertex 24.2808 -37.898 -16.41
      vertex 24.2808 -37.898 0
    endloop
  endfacet
  facet normal 0.849142 -0.528164 0
    outer loop
      vertex 20.032 -37.1966 0
      vertex 20.265 -36.822 -16.41
      vertex 20.265 -36.822 0
    endloop
  endfacet
  facet normal 0.849142 -0.528164 0
    outer loop
      vertex 20.265 -36.822 -16.41
      vertex 20.032 -37.1966 0
      vertex 20.032 -37.1966 -16.41
    endloop
  endfacet
  facet normal -0.935956 0.352117 0
    outer loop
      vertex 24.068 -39.1869 -16.41
      vertex 24.2233 -38.7741 0
      vertex 24.2233 -38.7741 -16.41
    endloop
  endfacet
  facet normal -0.935956 0.352117 0
    outer loop
      vertex 24.2233 -38.7741 0
      vertex 24.068 -39.1869 -16.41
      vertex 24.068 -39.1869 0
    endloop
  endfacet
  facet normal -0.910909 -0.412607 0
    outer loop
      vertex 24.1806 -37.4685 -16.41
      vertex 23.9986 -37.0667 0
      vertex 23.9986 -37.0667 -16.41
    endloop
  endfacet
  facet normal -0.910909 -0.412607 0
    outer loop
      vertex 23.9986 -37.0667 0
      vertex 24.1806 -37.4685 -16.41
      vertex 24.1806 -37.4685 0
    endloop
  endfacet
  facet normal -0.683602 -0.729855 0
    outer loop
      vertex 23.4197 -36.4067 -16.41
      vertex 23.7416 -36.7082 0
      vertex 23.4197 -36.4067 0
    endloop
  endfacet
  facet normal -0.683602 -0.729855 -0
    outer loop
      vertex 23.7416 -36.7082 0
      vertex 23.4197 -36.4067 -16.41
      vertex 23.7416 -36.7082 -16.41
    endloop
  endfacet
  facet normal 0.986626 -0.163002 0
    outer loop
      vertex 19.8048 -38.0446 0
      vertex 19.8767 -37.6094 -16.41
      vertex 19.8767 -37.6094 0
    endloop
  endfacet
  facet normal 0.986626 -0.163002 0
    outer loop
      vertex 19.8767 -37.6094 -16.41
      vertex 19.8048 -38.0446 0
      vertex 19.8048 -38.0446 -16.41
    endloop
  endfacet
  facet normal -0.999467 -0.0326431 0
    outer loop
      vertex 24.2952 -38.3389 -16.41
      vertex 24.2808 -37.898 0
      vertex 24.2808 -37.898 -16.41
    endloop
  endfacet
  facet normal -0.999467 -0.0326431 0
    outer loop
      vertex 24.2808 -37.898 0
      vertex 24.2952 -38.3389 -16.41
      vertex 24.2952 -38.3389 0
    endloop
  endfacet
  facet normal 0.412795 -0.910824 0
    outer loop
      vertex 20.925 -36.2432 -16.41
      vertex 21.3268 -36.0611 0
      vertex 20.925 -36.2432 0
    endloop
  endfacet
  facet normal 0.412795 -0.910824 0
    outer loop
      vertex 21.3268 -36.0611 0
      vertex 20.925 -36.2432 -16.41
      vertex 21.3268 -36.0611 -16.41
    endloop
  endfacet
  facet normal -0.0326431 0.999467 0
    outer loop
      vertex 22.3437 -40.4225 -16.41
      vertex 21.9028 -40.4369 0
      vertex 22.3437 -40.4225 0
    endloop
  endfacet
  facet normal -0.0326431 0.999467 0
    outer loop
      vertex 21.9028 -40.4369 0
      vertex 22.3437 -40.4225 -16.41
      vertex 21.9028 -40.4369 -16.41
    endloop
  endfacet
  facet normal 0.528 0.849244 -0
    outer loop
      vertex 21.0549 -40.2097 -16.41
      vertex 20.6803 -39.9768 0
      vertex 21.0549 -40.2097 0
    endloop
  endfacet
  facet normal 0.528 0.849244 0
    outer loop
      vertex 20.6803 -39.9768 0
      vertex 21.0549 -40.2097 -16.41
      vertex 20.6803 -39.9768 -16.41
    endloop
  endfacet
  facet normal -0.352316 -0.935881 0
    outer loop
      vertex 22.6323 -36.0184 -16.41
      vertex 23.0451 -36.1738 0
      vertex 22.6323 -36.0184 0
    endloop
  endfacet
  facet normal -0.352316 -0.935881 -0
    outer loop
      vertex 23.0451 -36.1738 0
      vertex 22.6323 -36.0184 -16.41
      vertex 23.0451 -36.1738 -16.41
    endloop
  endfacet
  facet normal -0.528 -0.849244 0
    outer loop
      vertex 23.0451 -36.1738 -16.41
      vertex 23.4197 -36.4067 0
      vertex 23.0451 -36.1738 0
    endloop
  endfacet
  facet normal -0.528 -0.849244 -0
    outer loop
      vertex 23.4197 -36.4067 0
      vertex 23.0451 -36.1738 -16.41
      vertex 23.4197 -36.4067 -16.41
    endloop
  endfacet
  facet normal 0.999459 0.032877 0
    outer loop
      vertex 19.8193 -38.4854 0
      vertex 19.8048 -38.0446 -16.41
      vertex 19.8048 -38.0446 0
    endloop
  endfacet
  facet normal 0.999459 0.032877 0
    outer loop
      vertex 19.8048 -38.0446 -16.41
      vertex 19.8193 -38.4854 0
      vertex 19.8193 -38.4854 -16.41
    endloop
  endfacet
  facet normal 0.226979 -0.9739 0
    outer loop
      vertex 21.3268 -36.0611 -16.41
      vertex 21.7563 -35.961 0
      vertex 21.3268 -36.0611 0
    endloop
  endfacet
  facet normal 0.226979 -0.9739 0
    outer loop
      vertex 21.7563 -35.961 0
      vertex 21.3268 -36.0611 -16.41
      vertex 21.7563 -35.961 -16.41
    endloop
  endfacet
  facet normal -0.227194 0.97385 0
    outer loop
      vertex 22.7732 -40.3223 -16.41
      vertex 22.3437 -40.4225 0
      vertex 22.7732 -40.3223 0
    endloop
  endfacet
  facet normal -0.227194 0.97385 0
    outer loop
      vertex 22.3437 -40.4225 0
      vertex 22.7732 -40.3223 -16.41
      vertex 22.3437 -40.4225 -16.41
    endloop
  endfacet
  facet normal -0.812737 -0.582631 0
    outer loop
      vertex 23.9986 -37.0667 -16.41
      vertex 23.7416 -36.7082 0
      vertex 23.7416 -36.7082 -16.41
    endloop
  endfacet
  facet normal -0.812737 -0.582631 0
    outer loop
      vertex 23.7416 -36.7082 0
      vertex 23.9986 -37.0667 -16.41
      vertex 23.9986 -37.0667 0
    endloop
  endfacet
  facet normal -0.163038 -0.98662 0
    outer loop
      vertex 22.1972 -35.9465 -16.41
      vertex 22.6323 -36.0184 0
      vertex 22.1972 -35.9465 0
    endloop
  endfacet
  facet normal -0.163038 -0.98662 -0
    outer loop
      vertex 22.6323 -36.0184 0
      vertex 22.1972 -35.9465 -16.41
      vertex 22.6323 -36.0184 -16.41
    endloop
  endfacet
  facet normal -0.412607 0.910909 0
    outer loop
      vertex 23.175 -40.1403 -16.41
      vertex 22.7732 -40.3223 0
      vertex 23.175 -40.1403 0
    endloop
  endfacet
  facet normal -0.412607 0.910909 0
    outer loop
      vertex 22.7732 -40.3223 0
      vertex 23.175 -40.1403 -16.41
      vertex 22.7732 -40.3223 -16.41
    endloop
  endfacet
  facet normal 0.935956 -0.352117 0
    outer loop
      vertex 19.8767 -37.6094 0
      vertex 20.032 -37.1966 -16.41
      vertex 20.032 -37.1966 0
    endloop
  endfacet
  facet normal 0.935956 -0.352117 0
    outer loop
      vertex 20.032 -37.1966 -16.41
      vertex 19.8767 -37.6094 0
      vertex 19.8767 -37.6094 -16.41
    endloop
  endfacet
  facet normal 0.352316 0.935881 -0
    outer loop
      vertex 21.4677 -40.3651 -16.41
      vertex 21.0549 -40.2097 0
      vertex 21.4677 -40.3651 0
    endloop
  endfacet
  facet normal 0.352316 0.935881 0
    outer loop
      vertex 21.0549 -40.2097 0
      vertex 21.4677 -40.3651 -16.41
      vertex 21.0549 -40.2097 -16.41
    endloop
  endfacet
  facet normal 0.582481 -0.812844 0
    outer loop
      vertex 20.5665 -36.5001 -16.41
      vertex 20.925 -36.2432 0
      vertex 20.5665 -36.5001 0
    endloop
  endfacet
  facet normal 0.582481 -0.812844 0
    outer loop
      vertex 20.925 -36.2432 0
      vertex 20.5665 -36.5001 -16.41
      vertex 20.925 -36.2432 -16.41
    endloop
  endfacet
  facet normal 0.910871 0.412692 0
    outer loop
      vertex 20.1014 -39.3167 0
      vertex 19.9194 -38.915 -16.41
      vertex 19.9194 -38.915 0
    endloop
  endfacet
  facet normal 0.910871 0.412692 0
    outer loop
      vertex 19.9194 -38.915 -16.41
      vertex 20.1014 -39.3167 0
      vertex 20.1014 -39.3167 -16.41
    endloop
  endfacet
  facet normal 0.973911 0.226929 0
    outer loop
      vertex 19.9194 -38.915 0
      vertex 19.8193 -38.4854 -16.41
      vertex 19.8193 -38.4854 0
    endloop
  endfacet
  facet normal 0.973911 0.226929 0
    outer loop
      vertex 19.8193 -38.4854 -16.41
      vertex 19.9194 -38.915 0
      vertex 19.9194 -38.915 -16.41
    endloop
  endfacet
  facet normal 0.866018 0.500014 0
    outer loop
      vertex 19.9543 -41.8216 -16.41
      vertex 17.8585 -38.1917 -20
      vertex 17.8585 -38.1917 -16.41
    endloop
  endfacet
  facet normal 0.866018 0.500014 0
    outer loop
      vertex 17.8585 -38.1917 -20
      vertex 19.9543 -41.8216 -16.41
      vertex 19.9543 -41.8216 -20
    endloop
  endfacet
  facet normal 0 1 -0
    outer loop
      vertex 24.1457 -41.8216 -20
      vertex 19.9543 -41.8216 -16.41
      vertex 24.1457 -41.8216 -16.41
    endloop
  endfacet
  facet normal 0 1 0
    outer loop
      vertex 19.9543 -41.8216 -16.41
      vertex 24.1457 -41.8216 -20
      vertex 19.9543 -41.8216 -20
    endloop
  endfacet
  facet normal -0.866018 -0.500014 0
    outer loop
      vertex 26.2415 -38.1917 -20
      vertex 24.1457 -34.5618 -16.41
      vertex 24.1457 -34.5618 -20
    endloop
  endfacet
  facet normal -0.866018 -0.500014 0
    outer loop
      vertex 24.1457 -34.5618 -16.41
      vertex 26.2415 -38.1917 -20
      vertex 26.2415 -38.1917 -16.41
    endloop
  endfacet
  facet normal -0.866018 0.500014 0
    outer loop
      vertex 24.1457 -41.8216 -20
      vertex 26.2415 -38.1917 -16.41
      vertex 26.2415 -38.1917 -20
    endloop
  endfacet
  facet normal -0.866018 0.500014 0
    outer loop
      vertex 26.2415 -38.1917 -16.41
      vertex 24.1457 -41.8216 -20
      vertex 24.1457 -41.8216 -16.41
    endloop
  endfacet
  facet normal 0 -1 0
    outer loop
      vertex 19.9543 -34.5618 -20
      vertex 24.1457 -34.5618 -16.41
      vertex 19.9543 -34.5618 -16.41
    endloop
  endfacet
  facet normal 0 -1 -0
    outer loop
      vertex 24.1457 -34.5618 -16.41
      vertex 19.9543 -34.5618 -20
      vertex 24.1457 -34.5618 -20
    endloop
  endfacet
  facet normal 0.866018 -0.500014 0
    outer loop
      vertex 17.8585 -38.1917 -16.41
      vertex 19.9543 -34.5618 -20
      vertex 19.9543 -34.5618 -16.41
    endloop
  endfacet
  facet normal 0.866018 -0.500014 0
    outer loop
      vertex 19.9543 -34.5618 -20
      vertex 17.8585 -38.1917 -16.41
      vertex 17.8585 -38.1917 -20
    endloop
  endfacet
  facet normal 0 0 -1
    outer loop
      vertex 26.2415 -38.1917 -16.41
      vertex 24.2233 -38.7741 -16.41
      vertex 24.2952 -38.3389 -16.41
    endloop
  endfacet
  facet normal 0 0 -1
    outer loop
      vertex 24.068 -39.1869 -16.41
      vertex 26.2415 -38.1917 -16.41
      vertex 24.1457 -41.8216 -16.41
    endloop
  endfacet
  facet normal 0 0 -1
    outer loop
      vertex 26.2415 -38.1917 -16.41
      vertex 24.068 -39.1869 -16.41
      vertex 24.2233 -38.7741 -16.41
    endloop
  endfacet
  facet normal 0 0 -1
    outer loop
      vertex 24.1457 -41.8216 -16.41
      vertex 23.835 -39.5614 -16.41
      vertex 24.068 -39.1869 -16.41
    endloop
  endfacet
  facet normal 0 0 -1
    outer loop
      vertex 24.1457 -41.8216 -16.41
      vertex 23.5335 -39.8834 -16.41
      vertex 23.835 -39.5614 -16.41
    endloop
  endfacet
  facet normal 0 0 -1
    outer loop
      vertex 24.1457 -41.8216 -16.41
      vertex 23.175 -40.1403 -16.41
      vertex 23.5335 -39.8834 -16.41
    endloop
  endfacet
  facet normal 0 0 -1
    outer loop
      vertex 24.1457 -41.8216 -16.41
      vertex 22.7732 -40.3223 -16.41
      vertex 23.175 -40.1403 -16.41
    endloop
  endfacet
  facet normal 0 0 -1
    outer loop
      vertex 24.1457 -41.8216 -16.41
      vertex 22.3437 -40.4225 -16.41
      vertex 22.7732 -40.3223 -16.41
    endloop
  endfacet
  facet normal 0 0 -1
    outer loop
      vertex 24.1457 -41.8216 -16.41
      vertex 21.9028 -40.4369 -16.41
      vertex 22.3437 -40.4225 -16.41
    endloop
  endfacet
  facet normal 0 0 -1
    outer loop
      vertex 19.9543 -41.8216 -16.41
      vertex 21.9028 -40.4369 -16.41
      vertex 24.1457 -41.8216 -16.41
    endloop
  endfacet
  facet normal -0 0 -1
    outer loop
      vertex 21.9028 -40.4369 -16.41
      vertex 19.9543 -41.8216 -16.41
      vertex 21.4677 -40.3651 -16.41
    endloop
  endfacet
  facet normal -0 0 -1
    outer loop
      vertex 21.4677 -40.3651 -16.41
      vertex 19.9543 -41.8216 -16.41
      vertex 21.0549 -40.2097 -16.41
    endloop
  endfacet
  facet normal 0 0 -1
    outer loop
      vertex 19.9543 -41.8216 -16.41
      vertex 20.6803 -39.9768 -16.41
      vertex 21.0549 -40.2097 -16.41
    endloop
  endfacet
  facet normal 0 0 -1
    outer loop
      vertex 19.9543 -41.8216 -16.41
      vertex 20.3584 -39.6752 -16.41
      vertex 20.6803 -39.9768 -16.41
    endloop
  endfacet
  facet normal 0 0 -1
    outer loop
      vertex 19.9543 -41.8216 -16.41
      vertex 20.1014 -39.3167 -16.41
      vertex 20.3584 -39.6752 -16.41
    endloop
  endfacet
  facet normal 0 0 -1
    outer loop
      vertex 17.8585 -38.1917 -16.41
      vertex 20.1014 -39.3167 -16.41
      vertex 19.9543 -41.8216 -16.41
    endloop
  endfacet
  facet normal 0 0 -1
    outer loop
      vertex 20.1014 -39.3167 -16.41
      vertex 17.8585 -38.1917 -16.41
      vertex 19.9194 -38.915 -16.41
    endloop
  endfacet
  facet normal 0 0 -1
    outer loop
      vertex 19.8193 -38.4854 -16.41
      vertex 17.8585 -38.1917 -16.41
      vertex 19.8048 -38.0446 -16.41
    endloop
  endfacet
  facet normal 0 0 -1
    outer loop
      vertex 19.9194 -38.915 -16.41
      vertex 17.8585 -38.1917 -16.41
      vertex 19.8193 -38.4854 -16.41
    endloop
  endfacet
  facet normal 0 0 -1
    outer loop
      vertex 24.2808 -37.898 -16.41
      vertex 26.2415 -38.1917 -16.41
      vertex 24.2952 -38.3389 -16.41
    endloop
  endfacet
  facet normal 0 0 -1
    outer loop
      vertex 24.1806 -37.4685 -16.41
      vertex 26.2415 -38.1917 -16.41
      vertex 24.2808 -37.898 -16.41
    endloop
  endfacet
  facet normal 0 0 -1
    outer loop
      vertex 23.9986 -37.0667 -16.41
      vertex 26.2415 -38.1917 -16.41
      vertex 24.1806 -37.4685 -16.41
    endloop
  endfacet
  facet normal 0 0 -1
    outer loop
      vertex 26.2415 -38.1917 -16.41
      vertex 23.9986 -37.0667 -16.41
      vertex 24.1457 -34.5618 -16.41
    endloop
  endfacet
  facet normal 0 0 -1
    outer loop
      vertex 23.7416 -36.7082 -16.41
      vertex 24.1457 -34.5618 -16.41
      vertex 23.9986 -37.0667 -16.41
    endloop
  endfacet
  facet normal 0 0 -1
    outer loop
      vertex 23.4197 -36.4067 -16.41
      vertex 24.1457 -34.5618 -16.41
      vertex 23.7416 -36.7082 -16.41
    endloop
  endfacet
  facet normal 0 0 -1
    outer loop
      vertex 23.0451 -36.1738 -16.41
      vertex 24.1457 -34.5618 -16.41
      vertex 23.4197 -36.4067 -16.41
    endloop
  endfacet
  facet normal 0 0 -1
    outer loop
      vertex 22.6323 -36.0184 -16.41
      vertex 24.1457 -34.5618 -16.41
      vertex 23.0451 -36.1738 -16.41
    endloop
  endfacet
  facet normal 0 0 -1
    outer loop
      vertex 22.1972 -35.9465 -16.41
      vertex 24.1457 -34.5618 -16.41
      vertex 22.6323 -36.0184 -16.41
    endloop
  endfacet
  facet normal 0 0 -1
    outer loop
      vertex 19.9543 -34.5618 -16.41
      vertex 22.1972 -35.9465 -16.41
      vertex 21.7563 -35.961 -16.41
    endloop
  endfacet
  facet normal 0 0 -1
    outer loop
      vertex 19.9543 -34.5618 -16.41
      vertex 21.7563 -35.961 -16.41
      vertex 21.3268 -36.0611 -16.41
    endloop
  endfacet
  facet normal 0 0 -1
    outer loop
      vertex 19.9543 -34.5618 -16.41
      vertex 21.3268 -36.0611 -16.41
      vertex 20.925 -36.2432 -16.41
    endloop
  endfacet
  facet normal 0 0 -1
    outer loop
      vertex 22.1972 -35.9465 -16.41
      vertex 19.9543 -34.5618 -16.41
      vertex 24.1457 -34.5618 -16.41
    endloop
  endfacet
  facet normal 0 0 -1
    outer loop
      vertex 20.5665 -36.5001 -16.41
      vertex 19.9543 -34.5618 -16.41
      vertex 20.925 -36.2432 -16.41
    endloop
  endfacet
  facet normal 0 0 -1
    outer loop
      vertex 20.265 -36.822 -16.41
      vertex 19.9543 -34.5618 -16.41
      vertex 20.5665 -36.5001 -16.41
    endloop
  endfacet
  facet normal 0 0 -1
    outer loop
      vertex 20.032 -37.1966 -16.41
      vertex 19.9543 -34.5618 -16.41
      vertex 20.265 -36.822 -16.41
    endloop
  endfacet
  facet normal 0 0 -1
    outer loop
      vertex 17.8585 -38.1917 -16.41
      vertex 20.032 -37.1966 -16.41
      vertex 19.8767 -37.6094 -16.41
    endloop
  endfacet
  facet normal 0 0 -1
    outer loop
      vertex 17.8585 -38.1917 -16.41
      vertex 19.8767 -37.6094 -16.41
      vertex 19.8048 -38.0446 -16.41
    endloop
  endfacet
  facet normal -0 0 -1
    outer loop
      vertex 20.032 -37.1966 -16.41
      vertex 17.8585 -38.1917 -16.41
      vertex 19.9543 -34.5618 -16.41
    endloop
  endfacet
  facet normal -0.634421 -0.772988 0
    outer loop
      vertex 18.8716 24.594 -17
      vertex 20.4397 23.307 14
      vertex 18.8716 24.594 14
    endloop
  endfacet
  facet normal -0.634421 -0.772988 -0
    outer loop
      vertex 20.4397 23.307 14
      vertex 18.8716 24.594 -17
      vertex 20.4397 23.307 -17
    endloop
  endfacet
  facet normal -0.999465 -0.0327098 0
    outer loop
      vertex 30.9336 2.0275 -17
      vertex 30.9345 2 -13.4641
      vertex 30.9336 2.0275 -13.4457
    endloop
  endfacet
  facet normal -0.999462 -0.0327989 -6.94248e-07
    outer loop
      vertex 30.9336 2.0275 -17
      vertex 30.9499 1.53073 -13.6955
      vertex 30.9345 2 -13.4641
    endloop
  endfacet
  facet normal -0.999466 -0.0326856 1.63566e-05
    outer loop
      vertex 30.9336 2.0275 -17
      vertex 30.9661 1.03528 -13.8637
      vertex 30.9499 1.53073 -13.6955
    endloop
  endfacet
  facet normal -0.999465 -0.0327208 5.21354e-06
    outer loop
      vertex 30.9336 2.0275 -17
      vertex 30.9829 0.522104 -13.9658
      vertex 30.9661 1.03528 -13.8637
    endloop
  endfacet
  facet normal -0.999464 -0.0327321 -4.13378e-07
    outer loop
      vertex 31 0 -17
      vertex 30.9829 0.522104 -13.9658
      vertex 30.9336 2.0275 -17
    endloop
  endfacet
  facet normal -0.999464 -0.0327345 0
    outer loop
      vertex 30.9829 0.522104 -13.9658
      vertex 31 0 -17
      vertex 31 0 -14
    endloop
  endfacet
  facet normal -0.999465 -0.0327098 0
    outer loop
      vertex 30.9345 2 -6.5359
      vertex 30.9336 2.0275 14
      vertex 30.9336 2.0275 -6.55427
    endloop
  endfacet
  facet normal -0.999462 -0.0327992 1.19916e-07
    outer loop
      vertex 30.9499 1.53073 -6.30448
      vertex 30.9336 2.0275 14
      vertex 30.9345 2 -6.5359
    endloop
  endfacet
  facet normal -0.999466 -0.032681 -2.7748e-06
    outer loop
      vertex 30.9661 1.03528 -6.1363
      vertex 30.9336 2.0275 14
      vertex 30.9499 1.53073 -6.30448
    endloop
  endfacet
  facet normal -0.999465 -0.0327199 -8.54761e-07
    outer loop
      vertex 30.9829 0.522104 -6.03422
      vertex 30.9336 2.0275 14
      vertex 30.9661 1.03528 -6.1363
    endloop
  endfacet
  facet normal -0.999464 -0.0327345 2.4193e-07
    outer loop
      vertex 31 0 -6
      vertex 30.9336 2.0275 14
      vertex 30.9829 0.522104 -6.03422
    endloop
  endfacet
  facet normal -0.999464 -0.0327321 0
    outer loop
      vertex 30.9336 2.0275 14
      vertex 31 0 -6
      vertex 31 0 14
    endloop
  endfacet
  facet normal -0.995103 -0.0988442 0
    outer loop
      vertex 30.7348 4.04631 -17
      vertex 30.7394 4 -10
      vertex 30.7348 4.04631 14
    endloop
  endfacet
  facet normal -0.995357 -0.0962514 1.73203e-05
    outer loop
      vertex 30.7348 4.04631 -17
      vertex 30.7427 3.96578 -10.5221
      vertex 30.7394 4 -10
    endloop
  endfacet
  facet normal -0.995146 -0.0984124 -9.80285e-06
    outer loop
      vertex 30.7348 4.04631 -17
      vertex 30.7528 3.8637 -11.0353
      vertex 30.7427 3.96578 -10.5221
    endloop
  endfacet
  facet normal -0.995218 -0.097678 1.28997e-05
    outer loop
      vertex 30.7348 4.04631 -17
      vertex 30.7693 3.69552 -11.5307
      vertex 30.7528 3.8637 -11.0353
    endloop
  endfacet
  facet normal -0.995184 -0.0980279 -9.75611e-06
    outer loop
      vertex 30.7348 4.04631 -17
      vertex 30.7921 3.4641 -12
      vertex 30.7693 3.69552 -11.5307
    endloop
  endfacet
  facet normal -0.995166 -0.0982072 -3.08396e-05
    outer loop
      vertex 30.7348 4.04631 -17
      vertex 30.8208 3.17341 -12.435
      vertex 30.7921 3.4641 -12
    endloop
  endfacet
  facet normal -0.995202 -0.0978406 3.9933e-05
    outer loop
      vertex 30.7348 4.04631 -17
      vertex 30.8547 2.82843 -12.8284
      vertex 30.8208 3.17341 -12.435
    endloop
  endfacet
  facet normal -0.995175 -0.0981194 -4.22376e-05
    outer loop
      vertex 30.7348 4.04631 -17
      vertex 30.8935 2.43505 -13.1734
      vertex 30.8547 2.82843 -12.8284
    endloop
  endfacet
  facet normal -0.995186 -0.0979998 -0
    outer loop
      vertex 30.9336 2.0275 -13.4457
      vertex 30.7348 4.04631 -17
      vertex 30.9336 2.0275 -17
    endloop
  endfacet
  facet normal -0.995192 -0.097942 3.31979e-05
    outer loop
      vertex 30.7348 4.04631 -17
      vertex 30.9336 2.0275 -13.4457
      vertex 30.8935 2.43505 -13.1734
    endloop
  endfacet
  facet normal -0.995374 -0.0960712 -5.40271e-06
    outer loop
      vertex 30.7427 3.96578 -9.47789
      vertex 30.7348 4.04631 14
      vertex 30.7394 4 -10
    endloop
  endfacet
  facet normal -0.995142 -0.0984472 2.82507e-06
    outer loop
      vertex 30.7528 3.8637 -8.96472
      vertex 30.7348 4.04631 14
      vertex 30.7427 3.96578 -9.47789
    endloop
  endfacet
  facet normal -0.995221 -0.0976508 -3.56903e-06
    outer loop
      vertex 30.7693 3.69552 -8.46927
      vertex 30.7348 4.04631 14
      vertex 30.7528 3.8637 -8.96472
    endloop
  endfacet
  facet normal -0.995182 -0.0980422 2.60128e-06
    outer loop
      vertex 30.7921 3.4641 -8
      vertex 30.7348 4.04631 14
      vertex 30.7693 3.69552 -8.46927
    endloop
  endfacet
  facet normal -0.995163 -0.0982412 7.91673e-06
    outer loop
      vertex 30.8208 3.17341 -7.56495
      vertex 30.7348 4.04631 14
      vertex 30.7921 3.4641 -8
    endloop
  endfacet
  facet normal -0.995205 -0.0978066 -9.84227e-06
    outer loop
      vertex 30.8547 2.82843 -7.17157
      vertex 30.7348 4.04631 14
      vertex 30.8208 3.17341 -7.56495
    endloop
  endfacet
  facet normal -0.995172 -0.0981474 9.95125e-06
    outer loop
      vertex 30.8935 2.43505 -6.82659
      vertex 30.7348 4.04631 14
      vertex 30.8547 2.82843 -7.17157
    endloop
  endfacet
  facet normal -0.995194 -0.0979249 -7.43152e-06
    outer loop
      vertex 30.9336 2.0275 -6.55427
      vertex 30.7348 4.04631 14
      vertex 30.8935 2.43505 -6.82659
    endloop
  endfacet
  facet normal -0.995186 -0.0979998 0
    outer loop
      vertex 30.7348 4.04631 14
      vertex 30.9336 2.0275 -6.55427
      vertex 30.9336 2.0275 14
    endloop
  endfacet
  facet normal 0.935918 -0.352218 0
    outer loop
      vertex -29.3548 9.96462 14
      vertex -28.6403 11.8632 -17
      vertex -28.6403 11.8632 14
    endloop
  endfacet
  facet normal 0.935918 -0.352218 0
    outer loop
      vertex -28.6403 11.8632 -17
      vertex -29.3548 9.96462 14
      vertex -29.3548 9.96462 -17
    endloop
  endfacet
  facet normal -0.471399 0.88192 0
    outer loop
      vertex 15.5 -26.8468 -17
      vertex 13.7109 -27.8031 14
      vertex 15.5 -26.8468 14
    endloop
  endfacet
  facet normal -0.471399 0.88192 0
    outer loop
      vertex 13.7109 -27.8031 14
      vertex 15.5 -26.8468 -17
      vertex 13.7109 -27.8031 -17
    endloop
  endfacet
  facet normal -0.528052 0.849212 0
    outer loop
      vertex 17.2227 -25.7756 -17
      vertex 15.5 -26.8468 14
      vertex 17.2227 -25.7756 14
    endloop
  endfacet
  facet normal -0.528052 0.849212 0
    outer loop
      vertex 15.5 -26.8468 14
      vertex 17.2227 -25.7756 -17
      vertex 15.5 -26.8468 -17
    endloop
  endfacet
  facet normal -0.88192 -0.471399 0
    outer loop
      vertex 27.8031 13.7109 -17
      vertex 26.8468 15.5 14
      vertex 26.8468 15.5 -17
    endloop
  endfacet
  facet normal -0.88192 -0.471399 0
    outer loop
      vertex 26.8468 15.5 14
      vertex 27.8031 13.7109 -17
      vertex 27.8031 13.7109 14
    endloop
  endfacet
  facet normal 0.352218 0.935918 -0
    outer loop
      vertex -9.96462 -29.3548 -17
      vertex -11.8632 -28.6403 14
      vertex -9.96462 -29.3548 14
    endloop
  endfacet
  facet normal 0.352218 0.935918 0
    outer loop
      vertex -11.8632 -28.6403 14
      vertex -9.96462 -29.3548 -17
      vertex -11.8632 -28.6403 -17
    endloop
  endfacet
  facet normal 0.0327321 -0.999464 0
    outer loop
      vertex -2.0275 30.9336 -17
      vertex 0 31 14
      vertex -2.0275 30.9336 14
    endloop
  endfacet
  facet normal 0.0327321 -0.999464 0
    outer loop
      vertex 0 31 14
      vertex -2.0275 30.9336 -17
      vertex 0 31 -17
    endloop
  endfacet
  facet normal -0.0327321 0.999464 0
    outer loop
      vertex 2.0275 -30.9336 -17
      vertex 0 -31 14
      vertex 2.0275 -30.9336 14
    endloop
  endfacet
  facet normal -0.0327321 0.999464 0
    outer loop
      vertex 0 -31 14
      vertex 2.0275 -30.9336 -17
      vertex 0 -31 -17
    endloop
  endfacet
  facet normal 0.812843 0.582483 0
    outer loop
      vertex -24.594 -18.8716 14
      vertex -25.7756 -17.2227 -17
      vertex -25.7756 -17.2227 14
    endloop
  endfacet
  facet normal 0.812843 0.582483 0
    outer loop
      vertex -25.7756 -17.2227 -17
      vertex -24.594 -18.8716 14
      vertex -24.594 -18.8716 -17
    endloop
  endfacet
  facet normal -0.2903 -0.956936 0
    outer loop
      vertex 8.02339 29.9437 -17
      vertex 9.96462 29.3548 14
      vertex 8.02339 29.9437 14
    endloop
  endfacet
  facet normal -0.2903 -0.956936 -0
    outer loop
      vertex 9.96462 29.3548 14
      vertex 8.02339 29.9437 -17
      vertex 9.96462 29.3548 -17
    endloop
  endfacet
  facet normal -0.88192 0.471399 0
    outer loop
      vertex 26.8468 -15.5 -17
      vertex 27.8031 -13.7109 14
      vertex 27.8031 -13.7109 -17
    endloop
  endfacet
  facet normal -0.88192 0.471399 0
    outer loop
      vertex 27.8031 -13.7109 14
      vertex 26.8468 -15.5 -17
      vertex 26.8468 -15.5 14
    endloop
  endfacet
  facet normal 0.634421 -0.772988 0
    outer loop
      vertex -20.4397 23.307 -17
      vertex -18.8716 24.594 14
      vertex -20.4397 23.307 14
    endloop
  endfacet
  facet normal 0.634421 -0.772988 0
    outer loop
      vertex -18.8716 24.594 14
      vertex -20.4397 23.307 -17
      vertex -18.8716 24.594 -17
    endloop
  endfacet
  facet normal 0.999464 0.0327321 0
    outer loop
      vertex -30.9336 -2.0275 14
      vertex -31 0 -17
      vertex -31 0 14
    endloop
  endfacet
  facet normal 0.999464 0.0327321 0
    outer loop
      vertex -31 0 -17
      vertex -30.9336 -2.0275 14
      vertex -30.9336 -2.0275 -17
    endloop
  endfacet
  facet normal -0.412714 -0.91086 0
    outer loop
      vertex 11.8632 28.6403 -17
      vertex 13.7109 27.8031 14
      vertex 11.8632 28.6403 14
    endloop
  endfacet
  facet normal -0.412714 -0.91086 -0
    outer loop
      vertex 13.7109 27.8031 14
      vertex 11.8632 28.6403 -17
      vertex 13.7109 27.8031 -17
    endloop
  endfacet
  facet normal -0.986639 -0.162921 0
    outer loop
      vertex 30.7348 4.04631 -17
      vertex 30.4043 6.0478 14
      vertex 30.4043 6.0478 -17
    endloop
  endfacet
  facet normal -0.986639 -0.162921 0
    outer loop
      vertex 30.4043 6.0478 14
      vertex 30.7348 4.04631 -17
      vertex 30.7348 4.04631 14
    endloop
  endfacet
  facet normal -0.956936 -0.2903 0
    outer loop
      vertex 29.9437 8.02339 -17
      vertex 29.3548 9.96462 14
      vertex 29.3548 9.96462 -17
    endloop
  endfacet
  facet normal -0.956936 -0.2903 0
    outer loop
      vertex 29.3548 9.96462 14
      vertex 29.9437 8.02339 -17
      vertex 29.9437 8.02339 14
    endloop
  endfacet
  facet normal -0.162921 0.986639 0
    outer loop
      vertex 6.0478 -30.4043 -17
      vertex 4.04631 -30.7348 14
      vertex 6.0478 -30.4043 14
    endloop
  endfacet
  facet normal -0.162921 0.986639 0
    outer loop
      vertex 4.04631 -30.7348 14
      vertex 6.0478 -30.4043 -17
      vertex 4.04631 -30.7348 -17
    endloop
  endfacet
  facet normal 0.995186 -0.0979998 0
    outer loop
      vertex -30.9336 2.0275 14
      vertex -30.7348 4.04631 -17
      vertex -30.7348 4.04631 14
    endloop
  endfacet
  facet normal 0.995186 -0.0979998 0
    outer loop
      vertex -30.7348 4.04631 -17
      vertex -30.9336 2.0275 14
      vertex -30.9336 2.0275 -17
    endloop
  endfacet
  facet normal 0.162921 0.986639 -0
    outer loop
      vertex -4.04631 -30.7348 -17
      vertex -6.0478 -30.4043 14
      vertex -4.04631 -30.7348 14
    endloop
  endfacet
  facet normal 0.162921 0.986639 0
    outer loop
      vertex -6.0478 -30.4043 14
      vertex -4.04631 -30.7348 -17
      vertex -6.0478 -30.4043 -17
    endloop
  endfacet
  facet normal 0.935918 0.352218 0
    outer loop
      vertex -28.6403 -11.8632 14
      vertex -29.3548 -9.96462 -17
      vertex -29.3548 -9.96462 14
    endloop
  endfacet
  facet normal 0.935918 0.352218 0
    outer loop
      vertex -29.3548 -9.96462 -17
      vertex -28.6403 -11.8632 14
      vertex -28.6403 -11.8632 -17
    endloop
  endfacet
  facet normal -0.935918 -0.352218 0
    outer loop
      vertex 29.3548 9.96462 -17
      vertex 28.6403 11.8632 14
      vertex 28.6403 11.8632 -17
    endloop
  endfacet
  facet normal -0.935918 -0.352218 0
    outer loop
      vertex 28.6403 11.8632 14
      vertex 29.3548 9.96462 -17
      vertex 29.3548 9.96462 14
    endloop
  endfacet
  facet normal -0.227056 -0.973882 0
    outer loop
      vertex 6.0478 30.4043 -17
      vertex 8.02339 29.9437 14
      vertex 6.0478 30.4043 14
    endloop
  endfacet
  facet normal -0.227056 -0.973882 -0
    outer loop
      vertex 8.02339 29.9437 14
      vertex 6.0478 30.4043 -17
      vertex 8.02339 29.9437 -17
    endloop
  endfacet
  facet normal 0.634421 0.772988 -0
    outer loop
      vertex -18.8716 -24.594 -17
      vertex -20.4397 -23.307 14
      vertex -18.8716 -24.594 14
    endloop
  endfacet
  facet normal 0.634421 0.772988 0
    outer loop
      vertex -20.4397 -23.307 14
      vertex -18.8716 -24.594 -17
      vertex -20.4397 -23.307 -17
    endloop
  endfacet
  facet normal -0.162921 -0.986639 0
    outer loop
      vertex 4.04631 30.7348 -17
      vertex 6.0478 30.4043 14
      vertex 4.04631 30.7348 14
    endloop
  endfacet
  facet normal -0.162921 -0.986639 -0
    outer loop
      vertex 6.0478 30.4043 14
      vertex 4.04631 30.7348 -17
      vertex 6.0478 30.4043 -17
    endloop
  endfacet
  facet normal 0.729872 -0.683584 0
    outer loop
      vertex -23.307 20.4397 14
      vertex -21.9203 21.9203 -17
      vertex -21.9203 21.9203 14
    endloop
  endfacet
  facet normal 0.729872 -0.683584 0
    outer loop
      vertex -21.9203 21.9203 -17
      vertex -23.307 20.4397 14
      vertex -23.307 20.4397 -17
    endloop
  endfacet
  facet normal -0.999464 0.0327345 0
    outer loop
      vertex 31 0 -17
      vertex 30.9829 -0.522104 -13.9658
      vertex 31 0 -14
    endloop
  endfacet
  facet normal -0.999464 0.0327321 -4.13378e-07
    outer loop
      vertex 30.9336 -2.0275 -17
      vertex 30.9829 -0.522104 -13.9658
      vertex 31 0 -17
    endloop
  endfacet
  facet normal -0.999465 0.0327208 5.21354e-06
    outer loop
      vertex 30.9829 -0.522104 -13.9658
      vertex 30.9336 -2.0275 -17
      vertex 30.9661 -1.03528 -13.8637
    endloop
  endfacet
  facet normal -0.999466 0.0326856 1.63566e-05
    outer loop
      vertex 30.9661 -1.03528 -13.8637
      vertex 30.9336 -2.0275 -17
      vertex 30.9499 -1.53073 -13.6955
    endloop
  endfacet
  facet normal -0.999462 0.0327989 -6.94248e-07
    outer loop
      vertex 30.9499 -1.53073 -13.6955
      vertex 30.9336 -2.0275 -17
      vertex 30.9345 -2 -13.4641
    endloop
  endfacet
  facet normal -0.999465 0.0327098 0
    outer loop
      vertex 30.9345 -2 -13.4641
      vertex 30.9336 -2.0275 -17
      vertex 30.9336 -2.0275 -13.4457
    endloop
  endfacet
  facet normal -0.999464 0.0327345 0
    outer loop
      vertex 30.9829 -0.522104 -6.03422
      vertex 31 0 14
      vertex 31 0 -6
    endloop
  endfacet
  facet normal -0.999465 0.0327199 -8.54761e-07
    outer loop
      vertex 30.9336 -2.0275 14
      vertex 30.9829 -0.522104 -6.03422
      vertex 30.9661 -1.03528 -6.1363
    endloop
  endfacet
  facet normal -0.999466 0.032681 -2.7748e-06
    outer loop
      vertex 30.9336 -2.0275 14
      vertex 30.9661 -1.03528 -6.1363
      vertex 30.9499 -1.53073 -6.30448
    endloop
  endfacet
  facet normal -0.999462 0.0327992 1.19916e-07
    outer loop
      vertex 30.9336 -2.0275 14
      vertex 30.9499 -1.53073 -6.30448
      vertex 30.9345 -2 -6.5359
    endloop
  endfacet
  facet normal -0.999465 0.0327098 0
    outer loop
      vertex 30.9336 -2.0275 14
      vertex 30.9345 -2 -6.5359
      vertex 30.9336 -2.0275 -6.55427
    endloop
  endfacet
  facet normal -0.999464 0.0327321 6.26065e-08
    outer loop
      vertex 30.9829 -0.522104 -6.03422
      vertex 30.9336 -2.0275 14
      vertex 31 0 14
    endloop
  endfacet
  facet normal 0.412714 0.91086 -0
    outer loop
      vertex -11.8632 -28.6403 -17
      vertex -13.7109 -27.8031 14
      vertex -11.8632 -28.6403 14
    endloop
  endfacet
  facet normal 0.412714 0.91086 0
    outer loop
      vertex -13.7109 -27.8031 14
      vertex -11.8632 -28.6403 -17
      vertex -13.7109 -27.8031 -17
    endloop
  endfacet
  facet normal 0.471399 -0.88192 0
    outer loop
      vertex -15.5 26.8468 -17
      vertex -13.7109 27.8031 14
      vertex -15.5 26.8468 14
    endloop
  endfacet
  facet normal 0.471399 -0.88192 0
    outer loop
      vertex -13.7109 27.8031 14
      vertex -15.5 26.8468 -17
      vertex -13.7109 27.8031 -17
    endloop
  endfacet
  facet normal -0.0979998 0.995186 0
    outer loop
      vertex 4.04631 -30.7348 -17
      vertex 2.0275 -30.9336 14
      vertex 4.04631 -30.7348 14
    endloop
  endfacet
  facet normal -0.0979998 0.995186 0
    outer loop
      vertex 2.0275 -30.9336 14
      vertex 4.04631 -30.7348 -17
      vertex 2.0275 -30.9336 -17
    endloop
  endfacet
  facet normal 0.986639 -0.162921 0
    outer loop
      vertex -30.7348 4.04631 14
      vertex -30.4043 6.0478 -17
      vertex -30.4043 6.0478 14
    endloop
  endfacet
  facet normal 0.986639 -0.162921 0
    outer loop
      vertex -30.4043 6.0478 -17
      vertex -30.7348 4.04631 14
      vertex -30.7348 4.04631 -17
    endloop
  endfacet
  facet normal 0.88192 0.471399 0
    outer loop
      vertex -26.8468 -15.5 14
      vertex -27.8031 -13.7109 -17
      vertex -27.8031 -13.7109 14
    endloop
  endfacet
  facet normal 0.88192 0.471399 0
    outer loop
      vertex -27.8031 -13.7109 -17
      vertex -26.8468 -15.5 14
      vertex -26.8468 -15.5 -17
    endloop
  endfacet
  facet normal 0.582483 -0.812843 0
    outer loop
      vertex -18.8716 24.594 -17
      vertex -17.2227 25.7756 14
      vertex -18.8716 24.594 14
    endloop
  endfacet
  facet normal 0.582483 -0.812843 0
    outer loop
      vertex -17.2227 25.7756 14
      vertex -18.8716 24.594 -17
      vertex -17.2227 25.7756 -17
    endloop
  endfacet
  facet normal -0.2903 0.956936 0
    outer loop
      vertex 9.96462 -29.3548 -17
      vertex 8.02339 -29.9437 14
      vertex 9.96462 -29.3548 14
    endloop
  endfacet
  facet normal -0.2903 0.956936 0
    outer loop
      vertex 8.02339 -29.9437 14
      vertex 9.96462 -29.3548 -17
      vertex 8.02339 -29.9437 -17
    endloop
  endfacet
  facet normal -0.986639 0.162921 0
    outer loop
      vertex 30.4043 -6.0478 -17
      vertex 30.7348 -4.04631 14
      vertex 30.7348 -4.04631 -17
    endloop
  endfacet
  facet normal -0.986639 0.162921 0
    outer loop
      vertex 30.7348 -4.04631 14
      vertex 30.4043 -6.0478 -17
      vertex 30.4043 -6.0478 14
    endloop
  endfacet
  facet normal 0.956936 -0.2903 0
    outer loop
      vertex -29.9437 8.02339 14
      vertex -29.3548 9.96462 -17
      vertex -29.3548 9.96462 14
    endloop
  endfacet
  facet normal 0.956936 -0.2903 0
    outer loop
      vertex -29.3548 9.96462 -17
      vertex -29.9437 8.02339 14
      vertex -29.9437 8.02339 -17
    endloop
  endfacet
  facet normal 0.995186 0.0979998 0
    outer loop
      vertex -30.7348 -4.04631 14
      vertex -30.9336 -2.0275 -17
      vertex -30.9336 -2.0275 14
    endloop
  endfacet
  facet normal 0.995186 0.0979998 0
    outer loop
      vertex -30.9336 -2.0275 -17
      vertex -30.7348 -4.04631 14
      vertex -30.7348 -4.04631 -17
    endloop
  endfacet
  facet normal 0.812843 -0.582483 0
    outer loop
      vertex -25.7756 17.2227 14
      vertex -24.594 18.8716 -17
      vertex -24.594 18.8716 14
    endloop
  endfacet
  facet normal 0.812843 -0.582483 0
    outer loop
      vertex -24.594 18.8716 -17
      vertex -25.7756 17.2227 14
      vertex -25.7756 17.2227 -17
    endloop
  endfacet
  facet normal 0.227056 -0.973882 0
    outer loop
      vertex -8.02339 29.9437 -17
      vertex -6.0478 30.4043 14
      vertex -8.02339 29.9437 14
    endloop
  endfacet
  facet normal 0.227056 -0.973882 0
    outer loop
      vertex -6.0478 30.4043 14
      vertex -8.02339 29.9437 -17
      vertex -6.0478 30.4043 -17
    endloop
  endfacet
  facet normal -0.91086 -0.412714 0
    outer loop
      vertex 28.6403 11.8632 -17
      vertex 27.8031 13.7109 14
      vertex 27.8031 13.7109 -17
    endloop
  endfacet
  facet normal -0.91086 -0.412714 0
    outer loop
      vertex 27.8031 13.7109 14
      vertex 28.6403 11.8632 -17
      vertex 28.6403 11.8632 14
    endloop
  endfacet
  facet normal 0.729872 0.683584 0
    outer loop
      vertex -21.9203 -21.9203 14
      vertex -23.307 -20.4397 -17
      vertex -23.307 -20.4397 14
    endloop
  endfacet
  facet normal 0.729872 0.683584 0
    outer loop
      vertex -23.307 -20.4397 -17
      vertex -21.9203 -21.9203 14
      vertex -21.9203 -21.9203 -17
    endloop
  endfacet
  facet normal -0.935918 0.352218 0
    outer loop
      vertex 28.6403 -11.8632 -17
      vertex 29.3548 -9.96462 14
      vertex 29.3548 -9.96462 -17
    endloop
  endfacet
  facet normal -0.935918 0.352218 0
    outer loop
      vertex 29.3548 -9.96462 14
      vertex 28.6403 -11.8632 -17
      vertex 28.6403 -11.8632 14
    endloop
  endfacet
  facet normal -0.812843 -0.582483 0
    outer loop
      vertex 25.7756 17.2227 -17
      vertex 24.594 18.8716 14
      vertex 24.594 18.8716 -17
    endloop
  endfacet
  facet normal -0.812843 -0.582483 0
    outer loop
      vertex 24.594 18.8716 14
      vertex 25.7756 17.2227 -17
      vertex 25.7756 17.2227 14
    endloop
  endfacet
  facet normal -0.91086 0.412714 0
    outer loop
      vertex 27.8031 -13.7109 -17
      vertex 28.6403 -11.8632 14
      vertex 28.6403 -11.8632 -17
    endloop
  endfacet
  facet normal -0.91086 0.412714 0
    outer loop
      vertex 28.6403 -11.8632 14
      vertex 27.8031 -13.7109 -17
      vertex 27.8031 -13.7109 14
    endloop
  endfacet
  facet normal -0.227056 0.973882 0
    outer loop
      vertex 8.02339 -29.9437 -17
      vertex 6.0478 -30.4043 14
      vertex 8.02339 -29.9437 14
    endloop
  endfacet
  facet normal -0.227056 0.973882 0
    outer loop
      vertex 6.0478 -30.4043 14
      vertex 8.02339 -29.9437 -17
      vertex 6.0478 -30.4043 -17
    endloop
  endfacet
  facet normal -0.812843 0.582483 0
    outer loop
      vertex 24.594 -18.8716 -17
      vertex 25.7756 -17.2227 14
      vertex 25.7756 -17.2227 -17
    endloop
  endfacet
  facet normal -0.812843 0.582483 0
    outer loop
      vertex 25.7756 -17.2227 14
      vertex 24.594 -18.8716 -17
      vertex 24.594 -18.8716 14
    endloop
  endfacet
  facet normal -0.849212 -0.528052 0
    outer loop
      vertex 26.8468 15.5 -17
      vertex 25.7756 17.2227 14
      vertex 25.7756 17.2227 -17
    endloop
  endfacet
  facet normal -0.849212 -0.528052 0
    outer loop
      vertex 25.7756 17.2227 14
      vertex 26.8468 15.5 -17
      vertex 26.8468 15.5 14
    endloop
  endfacet
  facet normal -0.528052 -0.849212 0
    outer loop
      vertex 15.5 26.8468 -17
      vertex 17.2227 25.7756 14
      vertex 15.5 26.8468 14
    endloop
  endfacet
  facet normal -0.528052 -0.849212 -0
    outer loop
      vertex 17.2227 25.7756 14
      vertex 15.5 26.8468 -17
      vertex 17.2227 25.7756 -17
    endloop
  endfacet
  facet normal 0.999464 -0.0327321 0
    outer loop
      vertex -31 0 14
      vertex -30.9336 2.0275 -17
      vertex -30.9336 2.0275 14
    endloop
  endfacet
  facet normal 0.999464 -0.0327321 0
    outer loop
      vertex -30.9336 2.0275 -17
      vertex -31 0 14
      vertex -31 0 -17
    endloop
  endfacet
  facet normal -0.582483 -0.812843 0
    outer loop
      vertex 17.2227 25.7756 -17
      vertex 18.8716 24.594 14
      vertex 17.2227 25.7756 14
    endloop
  endfacet
  facet normal -0.582483 -0.812843 -0
    outer loop
      vertex 18.8716 24.594 14
      vertex 17.2227 25.7756 -17
      vertex 18.8716 24.594 -17
    endloop
  endfacet
  facet normal 0.0979998 -0.995186 0
    outer loop
      vertex -4.04631 30.7348 -17
      vertex -2.0275 30.9336 14
      vertex -4.04631 30.7348 14
    endloop
  endfacet
  facet normal 0.0979998 -0.995186 0
    outer loop
      vertex -2.0275 30.9336 14
      vertex -4.04631 30.7348 -17
      vertex -2.0275 30.9336 -17
    endloop
  endfacet
  facet normal 0.0979998 0.995186 -0
    outer loop
      vertex -2.0275 -30.9336 -17
      vertex -4.04631 -30.7348 14
      vertex -2.0275 -30.9336 14
    endloop
  endfacet
  facet normal 0.0979998 0.995186 0
    outer loop
      vertex -4.04631 -30.7348 14
      vertex -2.0275 -30.9336 -17
      vertex -4.04631 -30.7348 -17
    endloop
  endfacet
  facet normal -0.471399 -0.88192 0
    outer loop
      vertex 13.7109 27.8031 -17
      vertex 15.5 26.8468 14
      vertex 13.7109 27.8031 14
    endloop
  endfacet
  facet normal -0.471399 -0.88192 -0
    outer loop
      vertex 15.5 26.8468 14
      vertex 13.7109 27.8031 -17
      vertex 15.5 26.8468 -17
    endloop
  endfacet
  facet normal 0.986639 0.162921 0
    outer loop
      vertex -30.4043 -6.0478 14
      vertex -30.7348 -4.04631 -17
      vertex -30.7348 -4.04631 14
    endloop
  endfacet
  facet normal 0.986639 0.162921 0
    outer loop
      vertex -30.7348 -4.04631 -17
      vertex -30.4043 -6.0478 14
      vertex -30.4043 -6.0478 -17
    endloop
  endfacet
  facet normal -0.973882 -0.227056 0
    outer loop
      vertex 30.4043 6.0478 -17
      vertex 29.9437 8.02339 14
      vertex 29.9437 8.02339 -17
    endloop
  endfacet
  facet normal -0.973882 -0.227056 0
    outer loop
      vertex 29.9437 8.02339 14
      vertex 30.4043 6.0478 -17
      vertex 30.4043 6.0478 14
    endloop
  endfacet
  facet normal 0.2903 -0.956936 0
    outer loop
      vertex -9.96462 29.3548 -17
      vertex -8.02339 29.9437 14
      vertex -9.96462 29.3548 14
    endloop
  endfacet
  facet normal 0.2903 -0.956936 0
    outer loop
      vertex -8.02339 29.9437 14
      vertex -9.96462 29.3548 -17
      vertex -8.02339 29.9437 -17
    endloop
  endfacet
  facet normal -0.582483 0.812843 0
    outer loop
      vertex 18.8716 -24.594 -17
      vertex 17.2227 -25.7756 14
      vertex 18.8716 -24.594 14
    endloop
  endfacet
  facet normal -0.582483 0.812843 0
    outer loop
      vertex 17.2227 -25.7756 14
      vertex 18.8716 -24.594 -17
      vertex 17.2227 -25.7756 -17
    endloop
  endfacet
  facet normal 0.88192 -0.471399 0
    outer loop
      vertex -27.8031 13.7109 14
      vertex -26.8468 15.5 -17
      vertex -26.8468 15.5 14
    endloop
  endfacet
  facet normal 0.88192 -0.471399 0
    outer loop
      vertex -26.8468 15.5 -17
      vertex -27.8031 13.7109 14
      vertex -27.8031 13.7109 -17
    endloop
  endfacet
  facet normal -0.683584 0.729872 0
    outer loop
      vertex 21.9203 -21.9203 -17
      vertex 20.4397 -23.307 14
      vertex 21.9203 -21.9203 14
    endloop
  endfacet
  facet normal -0.683584 0.729872 0
    outer loop
      vertex 20.4397 -23.307 14
      vertex 21.9203 -21.9203 -17
      vertex 20.4397 -23.307 -17
    endloop
  endfacet
  facet normal 0.973882 -0.227056 0
    outer loop
      vertex -30.4043 6.0478 14
      vertex -29.9437 8.02339 -17
      vertex -29.9437 8.02339 14
    endloop
  endfacet
  facet normal 0.973882 -0.227056 0
    outer loop
      vertex -29.9437 8.02339 -17
      vertex -30.4043 6.0478 14
      vertex -30.4043 6.0478 -17
    endloop
  endfacet
  facet normal 0.352218 -0.935918 0
    outer loop
      vertex -11.8632 28.6403 -17
      vertex -9.96462 29.3548 14
      vertex -11.8632 28.6403 14
    endloop
  endfacet
  facet normal 0.352218 -0.935918 0
    outer loop
      vertex -9.96462 29.3548 14
      vertex -11.8632 28.6403 -17
      vertex -9.96462 29.3548 -17
    endloop
  endfacet
  facet normal 0.162921 -0.986639 0
    outer loop
      vertex -6.0478 30.4043 -17
      vertex -4.04631 30.7348 14
      vertex -6.0478 30.4043 14
    endloop
  endfacet
  facet normal 0.162921 -0.986639 0
    outer loop
      vertex -4.04631 30.7348 14
      vertex -6.0478 30.4043 -17
      vertex -4.04631 30.7348 -17
    endloop
  endfacet
  facet normal 0.772988 -0.634421 0
    outer loop
      vertex -24.594 18.8716 14
      vertex -23.307 20.4397 -17
      vertex -23.307 20.4397 14
    endloop
  endfacet
  facet normal 0.772988 -0.634421 0
    outer loop
      vertex -23.307 20.4397 -17
      vertex -24.594 18.8716 14
      vertex -24.594 18.8716 -17
    endloop
  endfacet
  facet normal -0.729872 0.683584 0
    outer loop
      vertex 21.9203 -21.9203 -17
      vertex 23.307 -20.4397 14
      vertex 23.307 -20.4397 -17
    endloop
  endfacet
  facet normal -0.729872 0.683584 0
    outer loop
      vertex 23.307 -20.4397 14
      vertex 21.9203 -21.9203 -17
      vertex 21.9203 -21.9203 14
    endloop
  endfacet
  facet normal 0.683584 -0.729872 0
    outer loop
      vertex -21.9203 21.9203 -17
      vertex -20.4397 23.307 14
      vertex -21.9203 21.9203 14
    endloop
  endfacet
  facet normal 0.683584 -0.729872 0
    outer loop
      vertex -20.4397 23.307 14
      vertex -21.9203 21.9203 -17
      vertex -20.4397 23.307 -17
    endloop
  endfacet
  facet normal 0.582483 0.812843 -0
    outer loop
      vertex -17.2227 -25.7756 -17
      vertex -18.8716 -24.594 14
      vertex -17.2227 -25.7756 14
    endloop
  endfacet
  facet normal 0.582483 0.812843 0
    outer loop
      vertex -18.8716 -24.594 14
      vertex -17.2227 -25.7756 -17
      vertex -18.8716 -24.594 -17
    endloop
  endfacet
  facet normal -0.352218 0.935918 0
    outer loop
      vertex 11.8632 -28.6403 -17
      vertex 9.96462 -29.3548 14
      vertex 11.8632 -28.6403 14
    endloop
  endfacet
  facet normal -0.352218 0.935918 0
    outer loop
      vertex 9.96462 -29.3548 14
      vertex 11.8632 -28.6403 -17
      vertex 9.96462 -29.3548 -17
    endloop
  endfacet
  facet normal -0.849212 0.528052 0
    outer loop
      vertex 25.7756 -17.2227 -17
      vertex 26.8468 -15.5 14
      vertex 26.8468 -15.5 -17
    endloop
  endfacet
  facet normal -0.849212 0.528052 0
    outer loop
      vertex 26.8468 -15.5 14
      vertex 25.7756 -17.2227 -17
      vertex 25.7756 -17.2227 14
    endloop
  endfacet
  facet normal 0.528052 -0.849212 0
    outer loop
      vertex -17.2227 25.7756 -17
      vertex -15.5 26.8468 14
      vertex -17.2227 25.7756 14
    endloop
  endfacet
  facet normal 0.528052 -0.849212 0
    outer loop
      vertex -15.5 26.8468 14
      vertex -17.2227 25.7756 -17
      vertex -15.5 26.8468 -17
    endloop
  endfacet
  facet normal -0.683584 -0.729872 0
    outer loop
      vertex 20.4397 23.307 -17
      vertex 21.9203 21.9203 14
      vertex 20.4397 23.307 14
    endloop
  endfacet
  facet normal -0.683584 -0.729872 -0
    outer loop
      vertex 21.9203 21.9203 14
      vertex 20.4397 23.307 -17
      vertex 21.9203 21.9203 -17
    endloop
  endfacet
  facet normal -0.0327321 -0.999464 0
    outer loop
      vertex 0 31 -17
      vertex 2.0275 30.9336 14
      vertex 0 31 14
    endloop
  endfacet
  facet normal -0.0327321 -0.999464 -0
    outer loop
      vertex 2.0275 30.9336 14
      vertex 0 31 -17
      vertex 2.0275 30.9336 -17
    endloop
  endfacet
  facet normal 0.772988 0.634421 0
    outer loop
      vertex -23.307 -20.4397 14
      vertex -24.594 -18.8716 -17
      vertex -24.594 -18.8716 14
    endloop
  endfacet
  facet normal 0.772988 0.634421 0
    outer loop
      vertex -24.594 -18.8716 -17
      vertex -23.307 -20.4397 14
      vertex -23.307 -20.4397 -17
    endloop
  endfacet
  facet normal -0.995186 0.0979998 0
    outer loop
      vertex 30.7348 -4.04631 -17
      vertex 30.9336 -2.0275 -13.4457
      vertex 30.9336 -2.0275 -17
    endloop
  endfacet
  facet normal -0.995192 0.097942 3.31979e-05
    outer loop
      vertex 30.9336 -2.0275 -13.4457
      vertex 30.7348 -4.04631 -17
      vertex 30.8935 -2.43505 -13.1734
    endloop
  endfacet
  facet normal -0.995175 0.0981194 -4.22376e-05
    outer loop
      vertex 30.8935 -2.43505 -13.1734
      vertex 30.7348 -4.04631 -17
      vertex 30.8547 -2.82843 -12.8284
    endloop
  endfacet
  facet normal -0.995202 0.0978406 3.9933e-05
    outer loop
      vertex 30.8547 -2.82843 -12.8284
      vertex 30.7348 -4.04631 -17
      vertex 30.8208 -3.17341 -12.435
    endloop
  endfacet
  facet normal -0.995166 0.0982072 -3.08396e-05
    outer loop
      vertex 30.8208 -3.17341 -12.435
      vertex 30.7348 -4.04631 -17
      vertex 30.7921 -3.4641 -12
    endloop
  endfacet
  facet normal -0.995184 0.0980279 -9.75611e-06
    outer loop
      vertex 30.7921 -3.4641 -12
      vertex 30.7348 -4.04631 -17
      vertex 30.7693 -3.69552 -11.5307
    endloop
  endfacet
  facet normal -0.995357 0.0962514 1.73203e-05
    outer loop
      vertex 30.7427 -3.96578 -10.5221
      vertex 30.7348 -4.04631 -17
      vertex 30.7394 -4 -10
    endloop
  endfacet
  facet normal -0.995146 0.0984124 -9.80285e-06
    outer loop
      vertex 30.7528 -3.8637 -11.0353
      vertex 30.7348 -4.04631 -17
      vertex 30.7427 -3.96578 -10.5221
    endloop
  endfacet
  facet normal -0.995218 0.097678 1.28997e-05
    outer loop
      vertex 30.7693 -3.69552 -11.5307
      vertex 30.7348 -4.04631 -17
      vertex 30.7528 -3.8637 -11.0353
    endloop
  endfacet
  facet normal -0.995194 0.0979249 -7.43152e-06
    outer loop
      vertex 30.7348 -4.04631 14
      vertex 30.9336 -2.0275 -6.55427
      vertex 30.8935 -2.43505 -6.82659
    endloop
  endfacet
  facet normal -0.995172 0.0981474 9.95125e-06
    outer loop
      vertex 30.7348 -4.04631 14
      vertex 30.8935 -2.43505 -6.82659
      vertex 30.8547 -2.82843 -7.17157
    endloop
  endfacet
  facet normal -0.995205 0.0978066 -9.84227e-06
    outer loop
      vertex 30.7348 -4.04631 14
      vertex 30.8547 -2.82843 -7.17157
      vertex 30.8208 -3.17341 -7.56495
    endloop
  endfacet
  facet normal -0.995163 0.0982412 7.91673e-06
    outer loop
      vertex 30.7348 -4.04631 14
      vertex 30.8208 -3.17341 -7.56495
      vertex 30.7921 -3.4641 -8
    endloop
  endfacet
  facet normal -0.995182 0.0980422 2.60128e-06
    outer loop
      vertex 30.7348 -4.04631 14
      vertex 30.7921 -3.4641 -8
      vertex 30.7693 -3.69552 -8.46927
    endloop
  endfacet
  facet normal -0.995221 0.0976508 -3.56903e-06
    outer loop
      vertex 30.7348 -4.04631 14
      vertex 30.7693 -3.69552 -8.46927
      vertex 30.7528 -3.8637 -8.96472
    endloop
  endfacet
  facet normal -0.995142 0.0984472 2.82507e-06
    outer loop
      vertex 30.7348 -4.04631 14
      vertex 30.7528 -3.8637 -8.96472
      vertex 30.7427 -3.96578 -9.47789
    endloop
  endfacet
  facet normal -0.995186 0.0979998 0
    outer loop
      vertex 30.9336 -2.0275 -6.55427
      vertex 30.7348 -4.04631 14
      vertex 30.9336 -2.0275 14
    endloop
  endfacet
  facet normal -0.995374 0.0960712 -5.40271e-06
    outer loop
      vertex 30.7394 -4 -10
      vertex 30.7348 -4.04631 14
      vertex 30.7427 -3.96578 -9.47789
    endloop
  endfacet
  facet normal -0.995103 0.0988442 0
    outer loop
      vertex 30.7348 -4.04631 14
      vertex 30.7394 -4 -10
      vertex 30.7348 -4.04631 -17
    endloop
  endfacet
  facet normal -0.729872 -0.683584 0
    outer loop
      vertex 23.307 20.4397 -17
      vertex 21.9203 21.9203 14
      vertex 21.9203 21.9203 -17
    endloop
  endfacet
  facet normal -0.729872 -0.683584 0
    outer loop
      vertex 21.9203 21.9203 14
      vertex 23.307 20.4397 -17
      vertex 23.307 20.4397 14
    endloop
  endfacet
  facet normal 0 0 1
    outer loop
      vertex 5 0 -17
      vertex 31 0 -17
      vertex 30.9336 2.0275 -17
    endloop
  endfacet
  facet normal 0 0 1
    outer loop
      vertex 4.98929 0.327015 -17
      vertex 30.9336 2.0275 -17
      vertex 30.7348 4.04631 -17
    endloop
  endfacet
  facet normal 0 0 1
    outer loop
      vertex 31 0 -17
      vertex 5 0 -17
      vertex 30.9336 -2.0275 -17
    endloop
  endfacet
  facet normal 0 0 1
    outer loop
      vertex 4.95722 0.652631 -17
      vertex 30.7348 4.04631 -17
      vertex 30.4043 6.0478 -17
    endloop
  endfacet
  facet normal -0 0 1
    outer loop
      vertex 4.98929 -0.327015 -17
      vertex 30.9336 -2.0275 -17
      vertex 5 0 -17
    endloop
  endfacet
  facet normal 0 0 1
    outer loop
      vertex 4.90393 0.975451 -17
      vertex 30.4043 6.0478 -17
      vertex 29.9437 8.02339 -17
    endloop
  endfacet
  facet normal 0 0 1
    outer loop
      vertex 30.9336 -2.0275 -17
      vertex 4.98929 -0.327015 -17
      vertex 30.7348 -4.04631 -17
    endloop
  endfacet
  facet normal 0 0 1
    outer loop
      vertex 4.82963 1.2941 -17
      vertex 29.9437 8.02339 -17
      vertex 29.3548 9.96462 -17
    endloop
  endfacet
  facet normal -0 0 1
    outer loop
      vertex 4.95722 -0.652631 -17
      vertex 30.7348 -4.04631 -17
      vertex 4.98929 -0.327015 -17
    endloop
  endfacet
  facet normal 0 0 1
    outer loop
      vertex 4.73465 1.6072 -17
      vertex 29.3548 9.96462 -17
      vertex 28.6403 11.8632 -17
    endloop
  endfacet
  facet normal 0 0 1
    outer loop
      vertex 30.7348 -4.04631 -17
      vertex 4.95722 -0.652631 -17
      vertex 30.4043 -6.0478 -17
    endloop
  endfacet
  facet normal 0 0 1
    outer loop
      vertex 4.6194 1.91342 -17
      vertex 28.6403 11.8632 -17
      vertex 27.8031 13.7109 -17
    endloop
  endfacet
  facet normal -0 0 1
    outer loop
      vertex 4.90393 -0.975451 -17
      vertex 30.4043 -6.0478 -17
      vertex 4.95722 -0.652631 -17
    endloop
  endfacet
  facet normal 0 0 1
    outer loop
      vertex 4.48436 2.21144 -17
      vertex 27.8031 13.7109 -17
      vertex 26.8468 15.5 -17
    endloop
  endfacet
  facet normal 0 0 1
    outer loop
      vertex 30.4043 -6.0478 -17
      vertex 4.90393 -0.975451 -17
      vertex 29.9437 -8.02339 -17
    endloop
  endfacet
  facet normal 0 0 1
    outer loop
      vertex 4.33013 2.5 -17
      vertex 26.8468 15.5 -17
      vertex 25.7756 17.2227 -17
    endloop
  endfacet
  facet normal -0 0 1
    outer loop
      vertex 4.82963 -1.2941 -17
      vertex 29.9437 -8.02339 -17
      vertex 4.90393 -0.975451 -17
    endloop
  endfacet
  facet normal 0 0 1
    outer loop
      vertex 4.15735 2.77785 -17
      vertex 25.7756 17.2227 -17
      vertex 24.594 18.8716 -17
    endloop
  endfacet
  facet normal 0 0 1
    outer loop
      vertex 29.9437 -8.02339 -17
      vertex 4.82963 -1.2941 -17
      vertex 29.3548 -9.96462 -17
    endloop
  endfacet
  facet normal 0 0 1
    outer loop
      vertex 3.96677 3.04381 -17
      vertex 24.594 18.8716 -17
      vertex 23.307 20.4397 -17
    endloop
  endfacet
  facet normal -0 0 1
    outer loop
      vertex 4.73465 -1.6072 -17
      vertex 29.3548 -9.96462 -17
      vertex 4.82963 -1.2941 -17
    endloop
  endfacet
  facet normal 0 0 1
    outer loop
      vertex 3.7592 3.29673 -17
      vertex 23.307 20.4397 -17
      vertex 21.9203 21.9203 -17
    endloop
  endfacet
  facet normal 0 0 1
    outer loop
      vertex 29.3548 -9.96462 -17
      vertex 4.73465 -1.6072 -17
      vertex 28.6403 -11.8632 -17
    endloop
  endfacet
  facet normal 0 0 1
    outer loop
      vertex 3.53553 3.53553 -17
      vertex 21.9203 21.9203 -17
      vertex 20.4397 23.307 -17
    endloop
  endfacet
  facet normal -0 0 1
    outer loop
      vertex 4.6194 -1.91342 -17
      vertex 28.6403 -11.8632 -17
      vertex 4.73465 -1.6072 -17
    endloop
  endfacet
  facet normal 0 0 1
    outer loop
      vertex 3.29673 3.7592 -17
      vertex 20.4397 23.307 -17
      vertex 18.8716 24.594 -17
    endloop
  endfacet
  facet normal 0 0 1
    outer loop
      vertex 28.6403 -11.8632 -17
      vertex 4.6194 -1.91342 -17
      vertex 27.8031 -13.7109 -17
    endloop
  endfacet
  facet normal 0 0 1
    outer loop
      vertex 3.04381 3.96677 -17
      vertex 18.8716 24.594 -17
      vertex 17.2227 25.7756 -17
    endloop
  endfacet
  facet normal -0 0 1
    outer loop
      vertex 4.48436 -2.21144 -17
      vertex 27.8031 -13.7109 -17
      vertex 4.6194 -1.91342 -17
    endloop
  endfacet
  facet normal 0 0 1
    outer loop
      vertex 2.77785 4.15735 -17
      vertex 17.2227 25.7756 -17
      vertex 15.5 26.8468 -17
    endloop
  endfacet
  facet normal 0 0 1
    outer loop
      vertex 27.8031 -13.7109 -17
      vertex 4.48436 -2.21144 -17
      vertex 26.8468 -15.5 -17
    endloop
  endfacet
  facet normal 0 0 1
    outer loop
      vertex 2.5 4.33013 -17
      vertex 15.5 26.8468 -17
      vertex 13.7109 27.8031 -17
    endloop
  endfacet
  facet normal -0 0 1
    outer loop
      vertex 4.33013 -2.5 -17
      vertex 26.8468 -15.5 -17
      vertex 4.48436 -2.21144 -17
    endloop
  endfacet
  facet normal 0 0 1
    outer loop
      vertex 2.21144 4.48436 -17
      vertex 13.7109 27.8031 -17
      vertex 11.8632 28.6403 -17
    endloop
  endfacet
  facet normal 0 0 1
    outer loop
      vertex 26.8468 -15.5 -17
      vertex 4.33013 -2.5 -17
      vertex 25.7756 -17.2227 -17
    endloop
  endfacet
  facet normal 0 0 1
    outer loop
      vertex 1.91342 4.6194 -17
      vertex 11.8632 28.6403 -17
      vertex 9.96462 29.3548 -17
    endloop
  endfacet
  facet normal -0 0 1
    outer loop
      vertex 4.15735 -2.77785 -17
      vertex 25.7756 -17.2227 -17
      vertex 4.33013 -2.5 -17
    endloop
  endfacet
  facet normal 0 0 1
    outer loop
      vertex 1.6072 4.73465 -17
      vertex 9.96462 29.3548 -17
      vertex 8.02339 29.9437 -17
    endloop
  endfacet
  facet normal 0 0 1
    outer loop
      vertex 25.7756 -17.2227 -17
      vertex 4.15735 -2.77785 -17
      vertex 24.594 -18.8716 -17
    endloop
  endfacet
  facet normal 0 0 1
    outer loop
      vertex 1.2941 4.82963 -17
      vertex 8.02339 29.9437 -17
      vertex 6.0478 30.4043 -17
    endloop
  endfacet
  facet normal -0 0 1
    outer loop
      vertex 3.96677 -3.04381 -17
      vertex 24.594 -18.8716 -17
      vertex 4.15735 -2.77785 -17
    endloop
  endfacet
  facet normal 0 0 1
    outer loop
      vertex 24.594 -18.8716 -17
      vertex 3.96677 -3.04381 -17
      vertex 23.307 -20.4397 -17
    endloop
  endfacet
  facet normal 0 0 1
    outer loop
      vertex 30.9336 2.0275 -17
      vertex 4.98929 0.327015 -17
      vertex 5 0 -17
    endloop
  endfacet
  facet normal 0 0 1
    outer loop
      vertex 30.7348 4.04631 -17
      vertex 4.95722 0.652631 -17
      vertex 4.98929 0.327015 -17
    endloop
  endfacet
  facet normal 0 0 1
    outer loop
      vertex 30.4043 6.0478 -17
      vertex 4.90393 0.975451 -17
      vertex 4.95722 0.652631 -17
    endloop
  endfacet
  facet normal 0 0 1
    outer loop
      vertex 29.9437 8.02339 -17
      vertex 4.82963 1.2941 -17
      vertex 4.90393 0.975451 -17
    endloop
  endfacet
  facet normal 0 0 1
    outer loop
      vertex 29.3548 9.96462 -17
      vertex 4.73465 1.6072 -17
      vertex 4.82963 1.2941 -17
    endloop
  endfacet
  facet normal 0 0 1
    outer loop
      vertex 28.6403 11.8632 -17
      vertex 4.6194 1.91342 -17
      vertex 4.73465 1.6072 -17
    endloop
  endfacet
  facet normal 0 0 1
    outer loop
      vertex 27.8031 13.7109 -17
      vertex 4.48436 2.21144 -17
      vertex 4.6194 1.91342 -17
    endloop
  endfacet
  facet normal 0 0 1
    outer loop
      vertex 26.8468 15.5 -17
      vertex 4.33013 2.5 -17
      vertex 4.48436 2.21144 -17
    endloop
  endfacet
  facet normal 0 0 1
    outer loop
      vertex 25.7756 17.2227 -17
      vertex 4.15735 2.77785 -17
      vertex 4.33013 2.5 -17
    endloop
  endfacet
  facet normal 0 0 1
    outer loop
      vertex 0.975451 4.90393 -17
      vertex 6.0478 30.4043 -17
      vertex 4.04631 30.7348 -17
    endloop
  endfacet
  facet normal 0 0 1
    outer loop
      vertex 24.594 18.8716 -17
      vertex 3.96677 3.04381 -17
      vertex 4.15735 2.77785 -17
    endloop
  endfacet
  facet normal 0 0 1
    outer loop
      vertex 23.307 20.4397 -17
      vertex 3.7592 3.29673 -17
      vertex 3.96677 3.04381 -17
    endloop
  endfacet
  facet normal 0 0 1
    outer loop
      vertex 21.9203 21.9203 -17
      vertex 3.53553 3.53553 -17
      vertex 3.7592 3.29673 -17
    endloop
  endfacet
  facet normal 0 0 1
    outer loop
      vertex 20.4397 23.307 -17
      vertex 3.29673 3.7592 -17
      vertex 3.53553 3.53553 -17
    endloop
  endfacet
  facet normal 0 0 1
    outer loop
      vertex 18.8716 24.594 -17
      vertex 3.04381 3.96677 -17
      vertex 3.29673 3.7592 -17
    endloop
  endfacet
  facet normal 0 0 1
    outer loop
      vertex 17.2227 25.7756 -17
      vertex 2.77785 4.15735 -17
      vertex 3.04381 3.96677 -17
    endloop
  endfacet
  facet normal 0 0 1
    outer loop
      vertex 15.5 26.8468 -17
      vertex 2.5 4.33013 -17
      vertex 2.77785 4.15735 -17
    endloop
  endfacet
  facet normal 0 0 1
    outer loop
      vertex 13.7109 27.8031 -17
      vertex 2.21144 4.48436 -17
      vertex 2.5 4.33013 -17
    endloop
  endfacet
  facet normal 0 0 1
    outer loop
      vertex 0.652631 4.95722 -17
      vertex 4.04631 30.7348 -17
      vertex 2.0275 30.9336 -17
    endloop
  endfacet
  facet normal 0 0 1
    outer loop
      vertex 11.8632 28.6403 -17
      vertex 1.91342 4.6194 -17
      vertex 2.21144 4.48436 -17
    endloop
  endfacet
  facet normal 0 0 1
    outer loop
      vertex 9.96462 29.3548 -17
      vertex 1.6072 4.73465 -17
      vertex 1.91342 4.6194 -17
    endloop
  endfacet
  facet normal 0 0 1
    outer loop
      vertex 8.02339 29.9437 -17
      vertex 1.2941 4.82963 -17
      vertex 1.6072 4.73465 -17
    endloop
  endfacet
  facet normal 0 0 1
    outer loop
      vertex 6.0478 30.4043 -17
      vertex 0.975451 4.90393 -17
      vertex 1.2941 4.82963 -17
    endloop
  endfacet
  facet normal 0 0 1
    outer loop
      vertex 4.04631 30.7348 -17
      vertex 0.652631 4.95722 -17
      vertex 0.975451 4.90393 -17
    endloop
  endfacet
  facet normal 0 0 1
    outer loop
      vertex 2.0275 30.9336 -17
      vertex 0.327015 4.98929 -17
      vertex 0.652631 4.95722 -17
    endloop
  endfacet
  facet normal 0 0 1
    outer loop
      vertex 0 31 -17
      vertex 0.327015 4.98929 -17
      vertex 2.0275 30.9336 -17
    endloop
  endfacet
  facet normal 0 0 1
    outer loop
      vertex 0 31 -17
      vertex 0 5 -17
      vertex 0.327015 4.98929 -17
    endloop
  endfacet
  facet normal 0 0 1
    outer loop
      vertex 0 31 -17
      vertex -0.327015 4.98929 -17
      vertex 0 5 -17
    endloop
  endfacet
  facet normal -0 0 1
    outer loop
      vertex -2.0275 30.9336 -17
      vertex -0.327015 4.98929 -17
      vertex 0 31 -17
    endloop
  endfacet
  facet normal 0 0 1
    outer loop
      vertex -0.327015 4.98929 -17
      vertex -2.0275 30.9336 -17
      vertex -0.652631 4.95722 -17
    endloop
  endfacet
  facet normal -0 0 1
    outer loop
      vertex -4.04631 30.7348 -17
      vertex -0.652631 4.95722 -17
      vertex -2.0275 30.9336 -17
    endloop
  endfacet
  facet normal 0 0 1
    outer loop
      vertex -0.652631 4.95722 -17
      vertex -4.04631 30.7348 -17
      vertex -0.975451 4.90393 -17
    endloop
  endfacet
  facet normal -0 0 1
    outer loop
      vertex -6.0478 30.4043 -17
      vertex -0.975451 4.90393 -17
      vertex -4.04631 30.7348 -17
    endloop
  endfacet
  facet normal 0 0 1
    outer loop
      vertex -0.975451 4.90393 -17
      vertex -6.0478 30.4043 -17
      vertex -1.2941 4.82963 -17
    endloop
  endfacet
  facet normal -0 0 1
    outer loop
      vertex -8.02339 29.9437 -17
      vertex -1.2941 4.82963 -17
      vertex -6.0478 30.4043 -17
    endloop
  endfacet
  facet normal 0 0 1
    outer loop
      vertex -1.2941 4.82963 -17
      vertex -8.02339 29.9437 -17
      vertex -1.6072 4.73465 -17
    endloop
  endfacet
  facet normal -0 0 1
    outer loop
      vertex -9.96462 29.3548 -17
      vertex -1.6072 4.73465 -17
      vertex -8.02339 29.9437 -17
    endloop
  endfacet
  facet normal 0 0 1
    outer loop
      vertex -1.6072 4.73465 -17
      vertex -9.96462 29.3548 -17
      vertex -1.91342 4.6194 -17
    endloop
  endfacet
  facet normal -0 0 1
    outer loop
      vertex -11.8632 28.6403 -17
      vertex -1.91342 4.6194 -17
      vertex -9.96462 29.3548 -17
    endloop
  endfacet
  facet normal 0 0 1
    outer loop
      vertex -1.91342 4.6194 -17
      vertex -11.8632 28.6403 -17
      vertex -2.21144 4.48436 -17
    endloop
  endfacet
  facet normal -0 0 1
    outer loop
      vertex -13.7109 27.8031 -17
      vertex -2.21144 4.48436 -17
      vertex -11.8632 28.6403 -17
    endloop
  endfacet
  facet normal 0 0 1
    outer loop
      vertex -2.21144 4.48436 -17
      vertex -13.7109 27.8031 -17
      vertex -2.5 4.33013 -17
    endloop
  endfacet
  facet normal -0 0 1
    outer loop
      vertex -15.5 26.8468 -17
      vertex -2.5 4.33013 -17
      vertex -13.7109 27.8031 -17
    endloop
  endfacet
  facet normal 0 0 1
    outer loop
      vertex -2.5 4.33013 -17
      vertex -15.5 26.8468 -17
      vertex -2.77785 4.15735 -17
    endloop
  endfacet
  facet normal -0 0 1
    outer loop
      vertex -17.2227 25.7756 -17
      vertex -2.77785 4.15735 -17
      vertex -15.5 26.8468 -17
    endloop
  endfacet
  facet normal 0 0 1
    outer loop
      vertex -2.77785 4.15735 -17
      vertex -17.2227 25.7756 -17
      vertex -3.04381 3.96677 -17
    endloop
  endfacet
  facet normal -0 0 1
    outer loop
      vertex -18.8716 24.594 -17
      vertex -3.04381 3.96677 -17
      vertex -17.2227 25.7756 -17
    endloop
  endfacet
  facet normal 0 0 1
    outer loop
      vertex -3.04381 3.96677 -17
      vertex -18.8716 24.594 -17
      vertex -3.29673 3.7592 -17
    endloop
  endfacet
  facet normal -0 0 1
    outer loop
      vertex -20.4397 23.307 -17
      vertex -3.29673 3.7592 -17
      vertex -18.8716 24.594 -17
    endloop
  endfacet
  facet normal 0 0 1
    outer loop
      vertex -3.29673 3.7592 -17
      vertex -20.4397 23.307 -17
      vertex -3.53553 3.53553 -17
    endloop
  endfacet
  facet normal -0 0 1
    outer loop
      vertex -21.9203 21.9203 -17
      vertex -3.53553 3.53553 -17
      vertex -20.4397 23.307 -17
    endloop
  endfacet
  facet normal 0 0 1
    outer loop
      vertex -3.53553 3.53553 -17
      vertex -21.9203 21.9203 -17
      vertex -3.7592 3.29673 -17
    endloop
  endfacet
  facet normal -0 0 1
    outer loop
      vertex -23.307 20.4397 -17
      vertex -3.7592 3.29673 -17
      vertex -21.9203 21.9203 -17
    endloop
  endfacet
  facet normal 0 0 1
    outer loop
      vertex -3.7592 3.29673 -17
      vertex -23.307 20.4397 -17
      vertex -3.96677 3.04381 -17
    endloop
  endfacet
  facet normal -0 0 1
    outer loop
      vertex 3.7592 -3.29673 -17
      vertex 23.307 -20.4397 -17
      vertex 3.96677 -3.04381 -17
    endloop
  endfacet
  facet normal 0 0 1
    outer loop
      vertex 23.307 -20.4397 -17
      vertex 3.7592 -3.29673 -17
      vertex 21.9203 -21.9203 -17
    endloop
  endfacet
  facet normal -0 0 1
    outer loop
      vertex 3.53553 -3.53553 -17
      vertex 21.9203 -21.9203 -17
      vertex 3.7592 -3.29673 -17
    endloop
  endfacet
  facet normal 0 0 1
    outer loop
      vertex 21.9203 -21.9203 -17
      vertex 3.53553 -3.53553 -17
      vertex 20.4397 -23.307 -17
    endloop
  endfacet
  facet normal -0 0 1
    outer loop
      vertex 3.29673 -3.7592 -17
      vertex 20.4397 -23.307 -17
      vertex 3.53553 -3.53553 -17
    endloop
  endfacet
  facet normal 0 0 1
    outer loop
      vertex 20.4397 -23.307 -17
      vertex 3.29673 -3.7592 -17
      vertex 18.8716 -24.594 -17
    endloop
  endfacet
  facet normal -0 0 1
    outer loop
      vertex 3.04381 -3.96677 -17
      vertex 18.8716 -24.594 -17
      vertex 3.29673 -3.7592 -17
    endloop
  endfacet
  facet normal 0 0 1
    outer loop
      vertex 18.8716 -24.594 -17
      vertex 3.04381 -3.96677 -17
      vertex 17.2227 -25.7756 -17
    endloop
  endfacet
  facet normal -0 0 1
    outer loop
      vertex 2.77785 -4.15735 -17
      vertex 17.2227 -25.7756 -17
      vertex 3.04381 -3.96677 -17
    endloop
  endfacet
  facet normal 0 0 1
    outer loop
      vertex 17.2227 -25.7756 -17
      vertex 2.77785 -4.15735 -17
      vertex 15.5 -26.8468 -17
    endloop
  endfacet
  facet normal -0 0 1
    outer loop
      vertex 2.5 -4.33013 -17
      vertex 15.5 -26.8468 -17
      vertex 2.77785 -4.15735 -17
    endloop
  endfacet
  facet normal 0 0 1
    outer loop
      vertex 15.5 -26.8468 -17
      vertex 2.5 -4.33013 -17
      vertex 13.7109 -27.8031 -17
    endloop
  endfacet
  facet normal -0 0 1
    outer loop
      vertex 2.21144 -4.48436 -17
      vertex 13.7109 -27.8031 -17
      vertex 2.5 -4.33013 -17
    endloop
  endfacet
  facet normal 0 0 1
    outer loop
      vertex 13.7109 -27.8031 -17
      vertex 2.21144 -4.48436 -17
      vertex 11.8632 -28.6403 -17
    endloop
  endfacet
  facet normal -0 0 1
    outer loop
      vertex 1.91342 -4.6194 -17
      vertex 11.8632 -28.6403 -17
      vertex 2.21144 -4.48436 -17
    endloop
  endfacet
  facet normal 0 0 1
    outer loop
      vertex 11.8632 -28.6403 -17
      vertex 1.91342 -4.6194 -17
      vertex 9.96462 -29.3548 -17
    endloop
  endfacet
  facet normal -0 0 1
    outer loop
      vertex 1.6072 -4.73465 -17
      vertex 9.96462 -29.3548 -17
      vertex 1.91342 -4.6194 -17
    endloop
  endfacet
  facet normal 0 0 1
    outer loop
      vertex 9.96462 -29.3548 -17
      vertex 1.6072 -4.73465 -17
      vertex 8.02339 -29.9437 -17
    endloop
  endfacet
  facet normal -0 0 1
    outer loop
      vertex 1.2941 -4.82963 -17
      vertex 8.02339 -29.9437 -17
      vertex 1.6072 -4.73465 -17
    endloop
  endfacet
  facet normal 0 0 1
    outer loop
      vertex 8.02339 -29.9437 -17
      vertex 1.2941 -4.82963 -17
      vertex 6.0478 -30.4043 -17
    endloop
  endfacet
  facet normal -0 0 1
    outer loop
      vertex 0.975451 -4.90393 -17
      vertex 6.0478 -30.4043 -17
      vertex 1.2941 -4.82963 -17
    endloop
  endfacet
  facet normal 0 0 1
    outer loop
      vertex 6.0478 -30.4043 -17
      vertex 0.975451 -4.90393 -17
      vertex 4.04631 -30.7348 -17
    endloop
  endfacet
  facet normal -0 0 1
    outer loop
      vertex 0.652631 -4.95722 -17
      vertex 4.04631 -30.7348 -17
      vertex 0.975451 -4.90393 -17
    endloop
  endfacet
  facet normal 0 0 1
    outer loop
      vertex 4.04631 -30.7348 -17
      vertex 0.652631 -4.95722 -17
      vertex 2.0275 -30.9336 -17
    endloop
  endfacet
  facet normal -0 0 1
    outer loop
      vertex 0.327015 -4.98929 -17
      vertex 2.0275 -30.9336 -17
      vertex 0.652631 -4.95722 -17
    endloop
  endfacet
  facet normal -0 0 1
    outer loop
      vertex 0 -5 -17
      vertex 2.0275 -30.9336 -17
      vertex 0.327015 -4.98929 -17
    endloop
  endfacet
  facet normal 0 0 1
    outer loop
      vertex 0 -5 -17
      vertex 0 -31 -17
      vertex 2.0275 -30.9336 -17
    endloop
  endfacet
  facet normal 0 0 1
    outer loop
      vertex -0.327015 -4.98929 -17
      vertex 0 -31 -17
      vertex 0 -5 -17
    endloop
  endfacet
  facet normal 0 0 1
    outer loop
      vertex -2.0275 -30.9336 -17
      vertex -0.327015 -4.98929 -17
      vertex -0.652631 -4.95722 -17
    endloop
  endfacet
  facet normal 0 0 1
    outer loop
      vertex -4.04631 -30.7348 -17
      vertex -0.652631 -4.95722 -17
      vertex -0.975451 -4.90393 -17
    endloop
  endfacet
  facet normal 0 0 1
    outer loop
      vertex -6.0478 -30.4043 -17
      vertex -0.975451 -4.90393 -17
      vertex -1.2941 -4.82963 -17
    endloop
  endfacet
  facet normal 0 0 1
    outer loop
      vertex -8.02339 -29.9437 -17
      vertex -1.2941 -4.82963 -17
      vertex -1.6072 -4.73465 -17
    endloop
  endfacet
  facet normal 0 0 1
    outer loop
      vertex -9.96462 -29.3548 -17
      vertex -1.6072 -4.73465 -17
      vertex -1.91342 -4.6194 -17
    endloop
  endfacet
  facet normal 0 0 1
    outer loop
      vertex -0.327015 -4.98929 -17
      vertex -2.0275 -30.9336 -17
      vertex 0 -31 -17
    endloop
  endfacet
  facet normal 0 0 1
    outer loop
      vertex -11.8632 -28.6403 -17
      vertex -1.91342 -4.6194 -17
      vertex -2.21144 -4.48436 -17
    endloop
  endfacet
  facet normal 0 0 1
    outer loop
      vertex -13.7109 -27.8031 -17
      vertex -2.21144 -4.48436 -17
      vertex -2.5 -4.33013 -17
    endloop
  endfacet
  facet normal 0 0 1
    outer loop
      vertex -15.5 -26.8468 -17
      vertex -2.5 -4.33013 -17
      vertex -2.77785 -4.15735 -17
    endloop
  endfacet
  facet normal 0 0 1
    outer loop
      vertex -17.2227 -25.7756 -17
      vertex -2.77785 -4.15735 -17
      vertex -3.04381 -3.96677 -17
    endloop
  endfacet
  facet normal 0 0 1
    outer loop
      vertex -18.8716 -24.594 -17
      vertex -3.04381 -3.96677 -17
      vertex -3.29673 -3.7592 -17
    endloop
  endfacet
  facet normal 0 0 1
    outer loop
      vertex -20.4397 -23.307 -17
      vertex -3.29673 -3.7592 -17
      vertex -3.53553 -3.53553 -17
    endloop
  endfacet
  facet normal 0 0 1
    outer loop
      vertex -21.9203 -21.9203 -17
      vertex -3.53553 -3.53553 -17
      vertex -3.7592 -3.29673 -17
    endloop
  endfacet
  facet normal 0 0 1
    outer loop
      vertex -23.307 -20.4397 -17
      vertex -3.7592 -3.29673 -17
      vertex -3.96677 -3.04381 -17
    endloop
  endfacet
  facet normal 0 0 1
    outer loop
      vertex -0.652631 -4.95722 -17
      vertex -4.04631 -30.7348 -17
      vertex -2.0275 -30.9336 -17
    endloop
  endfacet
  facet normal 0 0 1
    outer loop
      vertex -24.594 -18.8716 -17
      vertex -3.96677 -3.04381 -17
      vertex -4.15735 -2.77785 -17
    endloop
  endfacet
  facet normal 0 0 1
    outer loop
      vertex -25.7756 -17.2227 -17
      vertex -4.15735 -2.77785 -17
      vertex -4.33013 -2.5 -17
    endloop
  endfacet
  facet normal 0 0 1
    outer loop
      vertex -26.8468 -15.5 -17
      vertex -4.33013 -2.5 -17
      vertex -4.48436 -2.21144 -17
    endloop
  endfacet
  facet normal 0 0 1
    outer loop
      vertex -27.8031 -13.7109 -17
      vertex -4.48436 -2.21144 -17
      vertex -4.6194 -1.91342 -17
    endloop
  endfacet
  facet normal 0 0 1
    outer loop
      vertex -28.6403 -11.8632 -17
      vertex -4.6194 -1.91342 -17
      vertex -4.73465 -1.6072 -17
    endloop
  endfacet
  facet normal 0 0 1
    outer loop
      vertex -29.3548 -9.96462 -17
      vertex -4.73465 -1.6072 -17
      vertex -4.82963 -1.2941 -17
    endloop
  endfacet
  facet normal 0 0 1
    outer loop
      vertex -29.9437 -8.02339 -17
      vertex -4.82963 -1.2941 -17
      vertex -4.90393 -0.975451 -17
    endloop
  endfacet
  facet normal 0 0 1
    outer loop
      vertex -30.4043 -6.0478 -17
      vertex -4.90393 -0.975451 -17
      vertex -4.95722 -0.652631 -17
    endloop
  endfacet
  facet normal 0 0 1
    outer loop
      vertex -30.7348 -4.04631 -17
      vertex -4.95722 -0.652631 -17
      vertex -4.98929 -0.327015 -17
    endloop
  endfacet
  facet normal 0 0 1
    outer loop
      vertex -30.9336 -2.0275 -17
      vertex -4.98929 -0.327015 -17
      vertex -5 0 -17
    endloop
  endfacet
  facet normal -0 0 1
    outer loop
      vertex -24.594 18.8716 -17
      vertex -3.96677 3.04381 -17
      vertex -23.307 20.4397 -17
    endloop
  endfacet
  facet normal 0 0 1
    outer loop
      vertex -0.975451 -4.90393 -17
      vertex -6.0478 -30.4043 -17
      vertex -4.04631 -30.7348 -17
    endloop
  endfacet
  facet normal 0 0 1
    outer loop
      vertex -3.96677 3.04381 -17
      vertex -24.594 18.8716 -17
      vertex -4.15735 2.77785 -17
    endloop
  endfacet
  facet normal 0 0 1
    outer loop
      vertex -1.2941 -4.82963 -17
      vertex -8.02339 -29.9437 -17
      vertex -6.0478 -30.4043 -17
    endloop
  endfacet
  facet normal -0 0 1
    outer loop
      vertex -25.7756 17.2227 -17
      vertex -4.15735 2.77785 -17
      vertex -24.594 18.8716 -17
    endloop
  endfacet
  facet normal 0 0 1
    outer loop
      vertex -1.6072 -4.73465 -17
      vertex -9.96462 -29.3548 -17
      vertex -8.02339 -29.9437 -17
    endloop
  endfacet
  facet normal 0 0 1
    outer loop
      vertex -4.15735 2.77785 -17
      vertex -25.7756 17.2227 -17
      vertex -4.33013 2.5 -17
    endloop
  endfacet
  facet normal 0 0 1
    outer loop
      vertex -1.91342 -4.6194 -17
      vertex -11.8632 -28.6403 -17
      vertex -9.96462 -29.3548 -17
    endloop
  endfacet
  facet normal -0 0 1
    outer loop
      vertex -26.8468 15.5 -17
      vertex -4.33013 2.5 -17
      vertex -25.7756 17.2227 -17
    endloop
  endfacet
  facet normal 0 0 1
    outer loop
      vertex -2.21144 -4.48436 -17
      vertex -13.7109 -27.8031 -17
      vertex -11.8632 -28.6403 -17
    endloop
  endfacet
  facet normal 0 0 1
    outer loop
      vertex -4.33013 2.5 -17
      vertex -26.8468 15.5 -17
      vertex -4.48436 2.21144 -17
    endloop
  endfacet
  facet normal 0 0 1
    outer loop
      vertex -2.5 -4.33013 -17
      vertex -15.5 -26.8468 -17
      vertex -13.7109 -27.8031 -17
    endloop
  endfacet
  facet normal -0 0 1
    outer loop
      vertex -27.8031 13.7109 -17
      vertex -4.48436 2.21144 -17
      vertex -26.8468 15.5 -17
    endloop
  endfacet
  facet normal 0 0 1
    outer loop
      vertex -2.77785 -4.15735 -17
      vertex -17.2227 -25.7756 -17
      vertex -15.5 -26.8468 -17
    endloop
  endfacet
  facet normal 0 0 1
    outer loop
      vertex -4.48436 2.21144 -17
      vertex -27.8031 13.7109 -17
      vertex -4.6194 1.91342 -17
    endloop
  endfacet
  facet normal 0 0 1
    outer loop
      vertex -3.04381 -3.96677 -17
      vertex -18.8716 -24.594 -17
      vertex -17.2227 -25.7756 -17
    endloop
  endfacet
  facet normal -0 0 1
    outer loop
      vertex -28.6403 11.8632 -17
      vertex -4.6194 1.91342 -17
      vertex -27.8031 13.7109 -17
    endloop
  endfacet
  facet normal 0 0 1
    outer loop
      vertex -3.29673 -3.7592 -17
      vertex -20.4397 -23.307 -17
      vertex -18.8716 -24.594 -17
    endloop
  endfacet
  facet normal 0 0 1
    outer loop
      vertex -4.6194 1.91342 -17
      vertex -28.6403 11.8632 -17
      vertex -4.73465 1.6072 -17
    endloop
  endfacet
  facet normal 0 0 1
    outer loop
      vertex -3.53553 -3.53553 -17
      vertex -21.9203 -21.9203 -17
      vertex -20.4397 -23.307 -17
    endloop
  endfacet
  facet normal -0 0 1
    outer loop
      vertex -29.3548 9.96462 -17
      vertex -4.73465 1.6072 -17
      vertex -28.6403 11.8632 -17
    endloop
  endfacet
  facet normal 0 0 1
    outer loop
      vertex -3.7592 -3.29673 -17
      vertex -23.307 -20.4397 -17
      vertex -21.9203 -21.9203 -17
    endloop
  endfacet
  facet normal 0 0 1
    outer loop
      vertex -4.73465 1.6072 -17
      vertex -29.3548 9.96462 -17
      vertex -4.82963 1.2941 -17
    endloop
  endfacet
  facet normal 0 0 1
    outer loop
      vertex -3.96677 -3.04381 -17
      vertex -24.594 -18.8716 -17
      vertex -23.307 -20.4397 -17
    endloop
  endfacet
  facet normal -0 0 1
    outer loop
      vertex -29.9437 8.02339 -17
      vertex -4.82963 1.2941 -17
      vertex -29.3548 9.96462 -17
    endloop
  endfacet
  facet normal 0 0 1
    outer loop
      vertex -4.15735 -2.77785 -17
      vertex -25.7756 -17.2227 -17
      vertex -24.594 -18.8716 -17
    endloop
  endfacet
  facet normal 0 0 1
    outer loop
      vertex -4.82963 1.2941 -17
      vertex -29.9437 8.02339 -17
      vertex -4.90393 0.975451 -17
    endloop
  endfacet
  facet normal 0 0 1
    outer loop
      vertex -4.33013 -2.5 -17
      vertex -26.8468 -15.5 -17
      vertex -25.7756 -17.2227 -17
    endloop
  endfacet
  facet normal -0 0 1
    outer loop
      vertex -30.4043 6.0478 -17
      vertex -4.90393 0.975451 -17
      vertex -29.9437 8.02339 -17
    endloop
  endfacet
  facet normal 0 0 1
    outer loop
      vertex -4.48436 -2.21144 -17
      vertex -27.8031 -13.7109 -17
      vertex -26.8468 -15.5 -17
    endloop
  endfacet
  facet normal 0 0 1
    outer loop
      vertex -4.90393 0.975451 -17
      vertex -30.4043 6.0478 -17
      vertex -4.95722 0.652631 -17
    endloop
  endfacet
  facet normal 0 0 1
    outer loop
      vertex -4.6194 -1.91342 -17
      vertex -28.6403 -11.8632 -17
      vertex -27.8031 -13.7109 -17
    endloop
  endfacet
  facet normal -0 0 1
    outer loop
      vertex -30.7348 4.04631 -17
      vertex -4.95722 0.652631 -17
      vertex -30.4043 6.0478 -17
    endloop
  endfacet
  facet normal 0 0 1
    outer loop
      vertex -4.73465 -1.6072 -17
      vertex -29.3548 -9.96462 -17
      vertex -28.6403 -11.8632 -17
    endloop
  endfacet
  facet normal 0 0 1
    outer loop
      vertex -4.95722 0.652631 -17
      vertex -30.7348 4.04631 -17
      vertex -4.98929 0.327015 -17
    endloop
  endfacet
  facet normal 0 0 1
    outer loop
      vertex -4.82963 -1.2941 -17
      vertex -29.9437 -8.02339 -17
      vertex -29.3548 -9.96462 -17
    endloop
  endfacet
  facet normal -0 0 1
    outer loop
      vertex -30.9336 2.0275 -17
      vertex -4.98929 0.327015 -17
      vertex -30.7348 4.04631 -17
    endloop
  endfacet
  facet normal 0 0 1
    outer loop
      vertex -4.90393 -0.975451 -17
      vertex -30.4043 -6.0478 -17
      vertex -29.9437 -8.02339 -17
    endloop
  endfacet
  facet normal 0 0 1
    outer loop
      vertex -4.98929 0.327015 -17
      vertex -30.9336 2.0275 -17
      vertex -5 0 -17
    endloop
  endfacet
  facet normal 0 0 1
    outer loop
      vertex -4.95722 -0.652631 -17
      vertex -30.7348 -4.04631 -17
      vertex -30.4043 -6.0478 -17
    endloop
  endfacet
  facet normal 0 0 1
    outer loop
      vertex -31 0 -17
      vertex -5 0 -17
      vertex -30.9336 2.0275 -17
    endloop
  endfacet
  facet normal 0 0 1
    outer loop
      vertex -4.98929 -0.327015 -17
      vertex -30.9336 -2.0275 -17
      vertex -30.7348 -4.04631 -17
    endloop
  endfacet
  facet normal 0 0 1
    outer loop
      vertex -5 0 -17
      vertex -31 0 -17
      vertex -30.9336 -2.0275 -17
    endloop
  endfacet
  facet normal 0.849212 0.528052 0
    outer loop
      vertex -25.7756 -17.2227 14
      vertex -26.8468 -15.5 -17
      vertex -26.8468 -15.5 14
    endloop
  endfacet
  facet normal 0.849212 0.528052 0
    outer loop
      vertex -26.8468 -15.5 -17
      vertex -25.7756 -17.2227 14
      vertex -25.7756 -17.2227 -17
    endloop
  endfacet
  facet normal 0.0327321 0.999464 -0
    outer loop
      vertex 0 -31 -17
      vertex -2.0275 -30.9336 14
      vertex 0 -31 14
    endloop
  endfacet
  facet normal 0.0327321 0.999464 0
    outer loop
      vertex -2.0275 -30.9336 14
      vertex 0 -31 -17
      vertex -2.0275 -30.9336 -17
    endloop
  endfacet
  facet normal 0.412714 -0.91086 0
    outer loop
      vertex -13.7109 27.8031 -17
      vertex -11.8632 28.6403 14
      vertex -13.7109 27.8031 14
    endloop
  endfacet
  facet normal 0.412714 -0.91086 0
    outer loop
      vertex -11.8632 28.6403 14
      vertex -13.7109 27.8031 -17
      vertex -11.8632 28.6403 -17
    endloop
  endfacet
  facet normal 0.849212 -0.528052 0
    outer loop
      vertex -26.8468 15.5 14
      vertex -25.7756 17.2227 -17
      vertex -25.7756 17.2227 14
    endloop
  endfacet
  facet normal 0.849212 -0.528052 0
    outer loop
      vertex -25.7756 17.2227 -17
      vertex -26.8468 15.5 14
      vertex -26.8468 15.5 -17
    endloop
  endfacet
  facet normal 0.973882 0.227056 0
    outer loop
      vertex -29.9437 -8.02339 14
      vertex -30.4043 -6.0478 -17
      vertex -30.4043 -6.0478 14
    endloop
  endfacet
  facet normal 0.973882 0.227056 0
    outer loop
      vertex -30.4043 -6.0478 -17
      vertex -29.9437 -8.02339 14
      vertex -29.9437 -8.02339 -17
    endloop
  endfacet
  facet normal -0.412714 0.91086 0
    outer loop
      vertex 13.7109 -27.8031 -17
      vertex 11.8632 -28.6403 14
      vertex 13.7109 -27.8031 14
    endloop
  endfacet
  facet normal -0.412714 0.91086 0
    outer loop
      vertex 11.8632 -28.6403 14
      vertex 13.7109 -27.8031 -17
      vertex 11.8632 -28.6403 -17
    endloop
  endfacet
  facet normal -0.772988 -0.634421 0
    outer loop
      vertex 24.594 18.8716 -17
      vertex 23.307 20.4397 14
      vertex 23.307 20.4397 -17
    endloop
  endfacet
  facet normal -0.772988 -0.634421 0
    outer loop
      vertex 23.307 20.4397 14
      vertex 24.594 18.8716 -17
      vertex 24.594 18.8716 14
    endloop
  endfacet
  facet normal -0.0979998 -0.995186 0
    outer loop
      vertex 2.0275 30.9336 -17
      vertex 4.04631 30.7348 14
      vertex 2.0275 30.9336 14
    endloop
  endfacet
  facet normal -0.0979998 -0.995186 -0
    outer loop
      vertex 4.04631 30.7348 14
      vertex 2.0275 30.9336 -17
      vertex 4.04631 30.7348 -17
    endloop
  endfacet
  facet normal -0.772988 0.634421 0
    outer loop
      vertex 23.307 -20.4397 -17
      vertex 24.594 -18.8716 14
      vertex 24.594 -18.8716 -17
    endloop
  endfacet
  facet normal -0.772988 0.634421 0
    outer loop
      vertex 24.594 -18.8716 14
      vertex 23.307 -20.4397 -17
      vertex 23.307 -20.4397 14
    endloop
  endfacet
  facet normal -0.352218 -0.935918 0
    outer loop
      vertex 9.96462 29.3548 -17
      vertex 11.8632 28.6403 14
      vertex 9.96462 29.3548 14
    endloop
  endfacet
  facet normal -0.352218 -0.935918 -0
    outer loop
      vertex 11.8632 28.6403 14
      vertex 9.96462 29.3548 -17
      vertex 11.8632 28.6403 -17
    endloop
  endfacet
  facet normal 0.227056 0.973882 -0
    outer loop
      vertex -6.0478 -30.4043 -17
      vertex -8.02339 -29.9437 14
      vertex -6.0478 -30.4043 14
    endloop
  endfacet
  facet normal 0.227056 0.973882 0
    outer loop
      vertex -8.02339 -29.9437 14
      vertex -6.0478 -30.4043 -17
      vertex -8.02339 -29.9437 -17
    endloop
  endfacet
  facet normal 0.528052 0.849212 -0
    outer loop
      vertex -15.5 -26.8468 -17
      vertex -17.2227 -25.7756 14
      vertex -15.5 -26.8468 14
    endloop
  endfacet
  facet normal 0.528052 0.849212 0
    outer loop
      vertex -17.2227 -25.7756 14
      vertex -15.5 -26.8468 -17
      vertex -17.2227 -25.7756 -17
    endloop
  endfacet
  facet normal 0.91086 -0.412714 0
    outer loop
      vertex -28.6403 11.8632 14
      vertex -27.8031 13.7109 -17
      vertex -27.8031 13.7109 14
    endloop
  endfacet
  facet normal 0.91086 -0.412714 0
    outer loop
      vertex -27.8031 13.7109 -17
      vertex -28.6403 11.8632 14
      vertex -28.6403 11.8632 -17
    endloop
  endfacet
  facet normal -0.973882 0.227056 0
    outer loop
      vertex 29.9437 -8.02339 -17
      vertex 30.4043 -6.0478 14
      vertex 30.4043 -6.0478 -17
    endloop
  endfacet
  facet normal -0.973882 0.227056 0
    outer loop
      vertex 30.4043 -6.0478 14
      vertex 29.9437 -8.02339 -17
      vertex 29.9437 -8.02339 14
    endloop
  endfacet
  facet normal -0.634421 0.772988 0
    outer loop
      vertex 20.4397 -23.307 -17
      vertex 18.8716 -24.594 14
      vertex 20.4397 -23.307 14
    endloop
  endfacet
  facet normal -0.634421 0.772988 0
    outer loop
      vertex 18.8716 -24.594 14
      vertex 20.4397 -23.307 -17
      vertex 18.8716 -24.594 -17
    endloop
  endfacet
  facet normal 0.956936 0.2903 0
    outer loop
      vertex -29.3548 -9.96462 14
      vertex -29.9437 -8.02339 -17
      vertex -29.9437 -8.02339 14
    endloop
  endfacet
  facet normal 0.956936 0.2903 0
    outer loop
      vertex -29.9437 -8.02339 -17
      vertex -29.3548 -9.96462 14
      vertex -29.3548 -9.96462 -17
    endloop
  endfacet
  facet normal -0.956936 0.2903 0
    outer loop
      vertex 29.3548 -9.96462 -17
      vertex 29.9437 -8.02339 14
      vertex 29.9437 -8.02339 -17
    endloop
  endfacet
  facet normal -0.956936 0.2903 0
    outer loop
      vertex 29.9437 -8.02339 14
      vertex 29.3548 -9.96462 -17
      vertex 29.3548 -9.96462 14
    endloop
  endfacet
  facet normal 0.91086 0.412714 0
    outer loop
      vertex -27.8031 -13.7109 14
      vertex -28.6403 -11.8632 -17
      vertex -28.6403 -11.8632 14
    endloop
  endfacet
  facet normal 0.91086 0.412714 0
    outer loop
      vertex -28.6403 -11.8632 -17
      vertex -27.8031 -13.7109 14
      vertex -27.8031 -13.7109 -17
    endloop
  endfacet
  facet normal 0.2903 0.956936 -0
    outer loop
      vertex -8.02339 -29.9437 -17
      vertex -9.96462 -29.3548 14
      vertex -8.02339 -29.9437 14
    endloop
  endfacet
  facet normal 0.2903 0.956936 0
    outer loop
      vertex -9.96462 -29.3548 14
      vertex -8.02339 -29.9437 -17
      vertex -9.96462 -29.3548 -17
    endloop
  endfacet
  facet normal 0.683584 0.729872 -0
    outer loop
      vertex -20.4397 -23.307 -17
      vertex -21.9203 -21.9203 14
      vertex -20.4397 -23.307 14
    endloop
  endfacet
  facet normal 0.683584 0.729872 0
    outer loop
      vertex -21.9203 -21.9203 14
      vertex -20.4397 -23.307 -17
      vertex -21.9203 -21.9203 -17
    endloop
  endfacet
  facet normal 0.471399 0.88192 -0
    outer loop
      vertex -13.7109 -27.8031 -17
      vertex -15.5 -26.8468 14
      vertex -13.7109 -27.8031 14
    endloop
  endfacet
  facet normal 0.471399 0.88192 0
    outer loop
      vertex -15.5 -26.8468 14
      vertex -13.7109 -27.8031 -17
      vertex -15.5 -26.8468 -17
    endloop
  endfacet
  facet normal -0.995186 -0.0980033 0
    outer loop
      vertex 34.9001 2.28747 14
      vertex 34.6758 4.56515 190
      vertex 34.6758 4.56515 14
    endloop
  endfacet
  facet normal -0.995186 -0.0980033 0
    outer loop
      vertex 34.6758 4.56515 190
      vertex 34.9001 2.28747 14
      vertex 34.9001 2.28747 190
    endloop
  endfacet
  facet normal -0.999464 -0.0327261 0
    outer loop
      vertex 34.975 0 14
      vertex 34.9001 2.28747 190
      vertex 34.9001 2.28747 14
    endloop
  endfacet
  facet normal -0.999464 -0.0327261 0
    outer loop
      vertex 34.9001 2.28747 190
      vertex 34.975 0 14
      vertex 34.975 0 190
    endloop
  endfacet
  facet normal -0.986645 -0.162887 0
    outer loop
      vertex 34.6758 4.56515 14
      vertex 34.303 6.82328 190
      vertex 34.303 6.82328 14
    endloop
  endfacet
  facet normal -0.986645 -0.162887 0
    outer loop
      vertex 34.303 6.82328 190
      vertex 34.6758 4.56515 14
      vertex 34.6758 4.56515 190
    endloop
  endfacet
  facet normal 0.528034 0.849223 -0
    outer loop
      vertex -17.4875 -30.2892 14
      vertex -19.4311 -29.0807 190
      vertex -17.4875 -30.2892 190
    endloop
  endfacet
  facet normal 0.528034 0.849223 0
    outer loop
      vertex -19.4311 -29.0807 190
      vertex -17.4875 -30.2892 14
      vertex -19.4311 -29.0807 14
    endloop
  endfacet
  facet normal -0.582515 0.81282 0
    outer loop
      vertex 21.2914 -27.7475 14
      vertex 19.4311 -29.0807 190
      vertex 21.2914 -27.7475 190
    endloop
  endfacet
  facet normal -0.582515 0.81282 0
    outer loop
      vertex 19.4311 -29.0807 190
      vertex 21.2914 -27.7475 14
      vertex 19.4311 -29.0807 14
    endloop
  endfacet
  facet normal 0.77302 0.634382 0
    outer loop
      vertex -26.2956 -23.0606 190
      vertex -27.7475 -21.2914 14
      vertex -27.7475 -21.2914 190
    endloop
  endfacet
  facet normal 0.77302 0.634382 0
    outer loop
      vertex -27.7475 -21.2914 14
      vertex -26.2956 -23.0606 190
      vertex -26.2956 -23.0606 14
    endloop
  endfacet
  facet normal 0.162887 0.986645 -0
    outer loop
      vertex -4.56515 -34.6758 14
      vertex -6.82328 -34.303 190
      vertex -4.56515 -34.6758 190
    endloop
  endfacet
  facet normal 0.162887 0.986645 0
    outer loop
      vertex -6.82328 -34.303 190
      vertex -4.56515 -34.6758 14
      vertex -6.82328 -34.303 14
    endloop
  endfacet
  facet normal -0.93591 -0.352239 0
    outer loop
      vertex 33.1189 11.2423 14
      vertex 32.3127 13.3844 190
      vertex 32.3127 13.3844 14
    endloop
  endfacet
  facet normal -0.93591 -0.352239 0
    outer loop
      vertex 32.3127 13.3844 190
      vertex 33.1189 11.2423 14
      vertex 33.1189 11.2423 190
    endloop
  endfacet
  facet normal -0.973878 -0.227072 0
    outer loop
      vertex 34.303 6.82328 14
      vertex 33.7833 9.0522 190
      vertex 33.7833 9.0522 14
    endloop
  endfacet
  facet normal -0.973878 -0.227072 0
    outer loop
      vertex 33.7833 9.0522 190
      vertex 34.303 6.82328 14
      vertex 34.303 6.82328 190
    endloop
  endfacet
  facet normal -0.995186 0.0980033 0
    outer loop
      vertex 34.6758 -4.56515 14
      vertex 34.9001 -2.28747 190
      vertex 34.9001 -2.28747 14
    endloop
  endfacet
  facet normal -0.995186 0.0980033 0
    outer loop
      vertex 34.9001 -2.28747 190
      vertex 34.6758 -4.56515 14
      vertex 34.6758 -4.56515 190
    endloop
  endfacet
  facet normal -0.471393 -0.881923 0
    outer loop
      vertex 15.469 31.3681 14
      vertex 17.4875 30.2892 190
      vertex 15.469 31.3681 190
    endloop
  endfacet
  facet normal -0.471393 -0.881923 -0
    outer loop
      vertex 17.4875 30.2892 190
      vertex 15.469 31.3681 14
      vertex 17.4875 30.2892 14
    endloop
  endfacet
  facet normal -0.0980033 0.995186 0
    outer loop
      vertex 4.56515 -34.6758 14
      vertex 2.28747 -34.9001 190
      vertex 4.56515 -34.6758 190
    endloop
  endfacet
  facet normal -0.0980033 0.995186 0
    outer loop
      vertex 2.28747 -34.9001 190
      vertex 4.56515 -34.6758 14
      vertex 2.28747 -34.9001 14
    endloop
  endfacet
  facet normal -0.0327261 0.999464 0
    outer loop
      vertex 2.28747 -34.9001 14
      vertex 0 -34.975 190
      vertex 2.28747 -34.9001 190
    endloop
  endfacet
  facet normal -0.0327261 0.999464 0
    outer loop
      vertex 0 -34.975 190
      vertex 2.28747 -34.9001 14
      vertex 0 -34.975 14
    endloop
  endfacet
  facet normal -0.528034 0.849223 0
    outer loop
      vertex 19.4311 -29.0807 14
      vertex 17.4875 -30.2892 190
      vertex 19.4311 -29.0807 190
    endloop
  endfacet
  facet normal -0.528034 0.849223 0
    outer loop
      vertex 17.4875 -30.2892 190
      vertex 19.4311 -29.0807 14
      vertex 17.4875 -30.2892 14
    endloop
  endfacet
  facet normal -0.729885 0.68357 0
    outer loop
      vertex 24.7311 -24.7311 14
      vertex 26.2956 -23.0606 190
      vertex 26.2956 -23.0606 14
    endloop
  endfacet
  facet normal -0.729885 0.68357 0
    outer loop
      vertex 26.2956 -23.0606 190
      vertex 24.7311 -24.7311 14
      vertex 24.7311 -24.7311 190
    endloop
  endfacet
  facet normal 0.471393 -0.881923 0
    outer loop
      vertex -17.4875 30.2892 14
      vertex -15.469 31.3681 190
      vertex -17.4875 30.2892 190
    endloop
  endfacet
  facet normal 0.471393 -0.881923 0
    outer loop
      vertex -15.469 31.3681 190
      vertex -17.4875 30.2892 14
      vertex -15.469 31.3681 14
    endloop
  endfacet
  facet normal -0.77302 -0.634382 0
    outer loop
      vertex 27.7475 21.2914 14
      vertex 26.2956 23.0606 190
      vertex 26.2956 23.0606 14
    endloop
  endfacet
  facet normal -0.77302 -0.634382 0
    outer loop
      vertex 26.2956 23.0606 190
      vertex 27.7475 21.2914 14
      vertex 27.7475 21.2914 190
    endloop
  endfacet
  facet normal -0.290301 -0.956935 0
    outer loop
      vertex 9.0522 33.7833 14
      vertex 11.2423 33.1189 190
      vertex 9.0522 33.7833 190
    endloop
  endfacet
  facet normal -0.290301 -0.956935 -0
    outer loop
      vertex 11.2423 33.1189 190
      vertex 9.0522 33.7833 14
      vertex 11.2423 33.1189 14
    endloop
  endfacet
  facet normal 0.973878 -0.227072 0
    outer loop
      vertex -34.303 6.82328 190
      vertex -33.7833 9.0522 14
      vertex -33.7833 9.0522 190
    endloop
  endfacet
  facet normal 0.973878 -0.227072 0
    outer loop
      vertex -33.7833 9.0522 14
      vertex -34.303 6.82328 190
      vertex -34.303 6.82328 14
    endloop
  endfacet
  facet normal -0.227072 0.973878 0
    outer loop
      vertex 9.0522 -33.7833 14
      vertex 6.82328 -34.303 190
      vertex 9.0522 -33.7833 190
    endloop
  endfacet
  facet normal -0.227072 0.973878 0
    outer loop
      vertex 6.82328 -34.303 190
      vertex 9.0522 -33.7833 14
      vertex 6.82328 -34.303 14
    endloop
  endfacet
  facet normal 0.582515 0.81282 -0
    outer loop
      vertex -19.4311 -29.0807 14
      vertex -21.2914 -27.7475 190
      vertex -19.4311 -29.0807 190
    endloop
  endfacet
  facet normal 0.582515 0.81282 0
    outer loop
      vertex -21.2914 -27.7475 190
      vertex -19.4311 -29.0807 14
      vertex -21.2914 -27.7475 14
    endloop
  endfacet
  facet normal 0.999464 0.0327261 0
    outer loop
      vertex -34.9001 -2.28747 190
      vertex -34.975 0 14
      vertex -34.975 0 190
    endloop
  endfacet
  facet normal 0.999464 0.0327261 0
    outer loop
      vertex -34.975 0 14
      vertex -34.9001 -2.28747 190
      vertex -34.9001 -2.28747 14
    endloop
  endfacet
  facet normal 0.93591 0.352239 0
    outer loop
      vertex -32.3127 -13.3844 190
      vertex -33.1189 -11.2423 14
      vertex -33.1189 -11.2423 190
    endloop
  endfacet
  facet normal 0.93591 0.352239 0
    outer loop
      vertex -33.1189 -11.2423 14
      vertex -32.3127 -13.3844 190
      vertex -32.3127 -13.3844 14
    endloop
  endfacet
  facet normal 0.973878 0.227072 0
    outer loop
      vertex -33.7833 -9.0522 190
      vertex -34.303 -6.82328 14
      vertex -34.303 -6.82328 190
    endloop
  endfacet
  facet normal 0.973878 0.227072 0
    outer loop
      vertex -34.303 -6.82328 14
      vertex -33.7833 -9.0522 190
      vertex -33.7833 -9.0522 14
    endloop
  endfacet
  facet normal -0.81282 -0.582515 0
    outer loop
      vertex 29.0807 19.4311 14
      vertex 27.7475 21.2914 190
      vertex 27.7475 21.2914 14
    endloop
  endfacet
  facet normal -0.81282 -0.582515 0
    outer loop
      vertex 27.7475 21.2914 190
      vertex 29.0807 19.4311 14
      vertex 29.0807 19.4311 190
    endloop
  endfacet
  facet normal 0.910851 -0.412736 0
    outer loop
      vertex -32.3127 13.3844 190
      vertex -31.3681 15.469 14
      vertex -31.3681 15.469 190
    endloop
  endfacet
  facet normal 0.910851 -0.412736 0
    outer loop
      vertex -31.3681 15.469 14
      vertex -32.3127 13.3844 190
      vertex -32.3127 13.3844 14
    endloop
  endfacet
  facet normal -0.412736 0.910851 0
    outer loop
      vertex 15.469 -31.3681 14
      vertex 13.3844 -32.3127 190
      vertex 15.469 -31.3681 190
    endloop
  endfacet
  facet normal -0.412736 0.910851 0
    outer loop
      vertex 13.3844 -32.3127 190
      vertex 15.469 -31.3681 14
      vertex 13.3844 -32.3127 14
    endloop
  endfacet
  facet normal 0.956935 -0.290301 0
    outer loop
      vertex -33.7833 9.0522 190
      vertex -33.1189 11.2423 14
      vertex -33.1189 11.2423 190
    endloop
  endfacet
  facet normal 0.956935 -0.290301 0
    outer loop
      vertex -33.1189 11.2423 14
      vertex -33.7833 9.0522 190
      vertex -33.7833 9.0522 14
    endloop
  endfacet
  facet normal -0.352239 0.93591 0
    outer loop
      vertex 13.3844 -32.3127 14
      vertex 11.2423 -33.1189 190
      vertex 13.3844 -32.3127 190
    endloop
  endfacet
  facet normal -0.352239 0.93591 0
    outer loop
      vertex 11.2423 -33.1189 190
      vertex 13.3844 -32.3127 14
      vertex 11.2423 -33.1189 14
    endloop
  endfacet
  facet normal 0.986645 0.162887 0
    outer loop
      vertex -34.303 -6.82328 190
      vertex -34.6758 -4.56515 14
      vertex -34.6758 -4.56515 190
    endloop
  endfacet
  facet normal 0.986645 0.162887 0
    outer loop
      vertex -34.6758 -4.56515 14
      vertex -34.303 -6.82328 190
      vertex -34.303 -6.82328 14
    endloop
  endfacet
  facet normal 0.956935 0.290301 0
    outer loop
      vertex -33.1189 -11.2423 190
      vertex -33.7833 -9.0522 14
      vertex -33.7833 -9.0522 190
    endloop
  endfacet
  facet normal 0.956935 0.290301 0
    outer loop
      vertex -33.7833 -9.0522 14
      vertex -33.1189 -11.2423 190
      vertex -33.1189 -11.2423 14
    endloop
  endfacet
  facet normal -0.162887 0.986645 0
    outer loop
      vertex 6.82328 -34.303 14
      vertex 4.56515 -34.6758 190
      vertex 6.82328 -34.303 190
    endloop
  endfacet
  facet normal -0.162887 0.986645 0
    outer loop
      vertex 4.56515 -34.6758 190
      vertex 6.82328 -34.303 14
      vertex 4.56515 -34.6758 14
    endloop
  endfacet
  facet normal 0.412736 -0.910851 0
    outer loop
      vertex -15.469 31.3681 14
      vertex -13.3844 32.3127 190
      vertex -15.469 31.3681 190
    endloop
  endfacet
  facet normal 0.412736 -0.910851 0
    outer loop
      vertex -13.3844 32.3127 190
      vertex -15.469 31.3681 14
      vertex -13.3844 32.3127 14
    endloop
  endfacet
  facet normal 0.849223 0.528034 0
    outer loop
      vertex -29.0807 -19.4311 190
      vertex -30.2892 -17.4875 14
      vertex -30.2892 -17.4875 190
    endloop
  endfacet
  facet normal 0.849223 0.528034 0
    outer loop
      vertex -30.2892 -17.4875 14
      vertex -29.0807 -19.4311 190
      vertex -29.0807 -19.4311 14
    endloop
  endfacet
  facet normal 0.729885 -0.68357 0
    outer loop
      vertex -26.2956 23.0606 190
      vertex -24.7311 24.7311 14
      vertex -24.7311 24.7311 190
    endloop
  endfacet
  facet normal 0.729885 -0.68357 0
    outer loop
      vertex -24.7311 24.7311 14
      vertex -26.2956 23.0606 190
      vertex -26.2956 23.0606 14
    endloop
  endfacet
  facet normal 0.162887 -0.986645 0
    outer loop
      vertex -6.82328 34.303 14
      vertex -4.56515 34.6758 190
      vertex -6.82328 34.303 190
    endloop
  endfacet
  facet normal 0.162887 -0.986645 0
    outer loop
      vertex -4.56515 34.6758 190
      vertex -6.82328 34.303 14
      vertex -4.56515 34.6758 14
    endloop
  endfacet
  facet normal -0.528034 -0.849223 0
    outer loop
      vertex 17.4875 30.2892 14
      vertex 19.4311 29.0807 190
      vertex 17.4875 30.2892 190
    endloop
  endfacet
  facet normal -0.528034 -0.849223 -0
    outer loop
      vertex 19.4311 29.0807 190
      vertex 17.4875 30.2892 14
      vertex 19.4311 29.0807 14
    endloop
  endfacet
  facet normal 0.412736 0.910851 -0
    outer loop
      vertex -13.3844 -32.3127 14
      vertex -15.469 -31.3681 190
      vertex -13.3844 -32.3127 190
    endloop
  endfacet
  facet normal 0.412736 0.910851 0
    outer loop
      vertex -15.469 -31.3681 190
      vertex -13.3844 -32.3127 14
      vertex -15.469 -31.3681 14
    endloop
  endfacet
  facet normal 0.849223 -0.528034 0
    outer loop
      vertex -30.2892 17.4875 190
      vertex -29.0807 19.4311 14
      vertex -29.0807 19.4311 190
    endloop
  endfacet
  facet normal 0.849223 -0.528034 0
    outer loop
      vertex -29.0807 19.4311 14
      vertex -30.2892 17.4875 190
      vertex -30.2892 17.4875 14
    endloop
  endfacet
  facet normal 0.290301 -0.956935 0
    outer loop
      vertex -11.2423 33.1189 14
      vertex -9.0522 33.7833 190
      vertex -11.2423 33.1189 190
    endloop
  endfacet
  facet normal 0.290301 -0.956935 0
    outer loop
      vertex -9.0522 33.7833 190
      vertex -11.2423 33.1189 14
      vertex -9.0522 33.7833 14
    endloop
  endfacet
  facet normal -0.471393 0.881923 0
    outer loop
      vertex 17.4875 -30.2892 14
      vertex 15.469 -31.3681 190
      vertex 17.4875 -30.2892 190
    endloop
  endfacet
  facet normal -0.471393 0.881923 0
    outer loop
      vertex 15.469 -31.3681 190
      vertex 17.4875 -30.2892 14
      vertex 15.469 -31.3681 14
    endloop
  endfacet
  facet normal -0.582515 -0.81282 0
    outer loop
      vertex 19.4311 29.0807 14
      vertex 21.2914 27.7475 190
      vertex 19.4311 29.0807 190
    endloop
  endfacet
  facet normal -0.582515 -0.81282 -0
    outer loop
      vertex 21.2914 27.7475 190
      vertex 19.4311 29.0807 14
      vertex 21.2914 27.7475 14
    endloop
  endfacet
  facet normal -0.729885 -0.68357 0
    outer loop
      vertex 26.2956 23.0606 14
      vertex 24.7311 24.7311 190
      vertex 24.7311 24.7311 14
    endloop
  endfacet
  facet normal -0.729885 -0.68357 0
    outer loop
      vertex 24.7311 24.7311 190
      vertex 26.2956 23.0606 14
      vertex 26.2956 23.0606 190
    endloop
  endfacet
  facet normal 0.582515 -0.81282 0
    outer loop
      vertex -21.2914 27.7475 14
      vertex -19.4311 29.0807 190
      vertex -21.2914 27.7475 190
    endloop
  endfacet
  facet normal 0.582515 -0.81282 0
    outer loop
      vertex -19.4311 29.0807 190
      vertex -21.2914 27.7475 14
      vertex -19.4311 29.0807 14
    endloop
  endfacet
  facet normal -0.849223 0.528034 0
    outer loop
      vertex 29.0807 -19.4311 14
      vertex 30.2892 -17.4875 190
      vertex 30.2892 -17.4875 14
    endloop
  endfacet
  facet normal -0.849223 0.528034 0
    outer loop
      vertex 30.2892 -17.4875 190
      vertex 29.0807 -19.4311 14
      vertex 29.0807 -19.4311 190
    endloop
  endfacet
  facet normal 0 0 1
    outer loop
      vertex 31 0 14
      vertex 34.975 0 14
      vertex 34.9001 2.28747 14
    endloop
  endfacet
  facet normal 0 0 1
    outer loop
      vertex 30.9336 2.0275 14
      vertex 34.9001 2.28747 14
      vertex 34.6758 4.56515 14
    endloop
  endfacet
  facet normal 0 0 1
    outer loop
      vertex 34.975 0 14
      vertex 31 0 14
      vertex 34.9001 -2.28747 14
    endloop
  endfacet
  facet normal 0 0 1
    outer loop
      vertex 30.7348 4.04631 14
      vertex 34.6758 4.56515 14
      vertex 34.303 6.82328 14
    endloop
  endfacet
  facet normal -0 0 1
    outer loop
      vertex 30.9336 -2.0275 14
      vertex 34.9001 -2.28747 14
      vertex 31 0 14
    endloop
  endfacet
  facet normal 0 0 1
    outer loop
      vertex 30.4043 6.0478 14
      vertex 34.303 6.82328 14
      vertex 33.7833 9.0522 14
    endloop
  endfacet
  facet normal 0 0 1
    outer loop
      vertex 34.9001 -2.28747 14
      vertex 30.9336 -2.0275 14
      vertex 34.6758 -4.56515 14
    endloop
  endfacet
  facet normal 0 0 1
    outer loop
      vertex 29.9437 8.02339 14
      vertex 33.7833 9.0522 14
      vertex 33.1189 11.2423 14
    endloop
  endfacet
  facet normal -0 0 1
    outer loop
      vertex 30.7348 -4.04631 14
      vertex 34.6758 -4.56515 14
      vertex 30.9336 -2.0275 14
    endloop
  endfacet
  facet normal 0 0 1
    outer loop
      vertex 29.3548 9.96462 14
      vertex 33.1189 11.2423 14
      vertex 32.3127 13.3844 14
    endloop
  endfacet
  facet normal 0 0 1
    outer loop
      vertex 34.6758 -4.56515 14
      vertex 30.7348 -4.04631 14
      vertex 34.303 -6.82328 14
    endloop
  endfacet
  facet normal 0 0 1
    outer loop
      vertex 28.6403 11.8632 14
      vertex 32.3127 13.3844 14
      vertex 31.3681 15.469 14
    endloop
  endfacet
  facet normal -0 0 1
    outer loop
      vertex 30.4043 -6.0478 14
      vertex 34.303 -6.82328 14
      vertex 30.7348 -4.04631 14
    endloop
  endfacet
  facet normal 0 0 1
    outer loop
      vertex 34.303 -6.82328 14
      vertex 30.4043 -6.0478 14
      vertex 33.7833 -9.0522 14
    endloop
  endfacet
  facet normal 0 0 1
    outer loop
      vertex 34.9001 2.28747 14
      vertex 30.9336 2.0275 14
      vertex 31 0 14
    endloop
  endfacet
  facet normal 0 0 1
    outer loop
      vertex 34.6758 4.56515 14
      vertex 30.7348 4.04631 14
      vertex 30.9336 2.0275 14
    endloop
  endfacet
  facet normal 0 0 1
    outer loop
      vertex 34.303 6.82328 14
      vertex 30.4043 6.0478 14
      vertex 30.7348 4.04631 14
    endloop
  endfacet
  facet normal 0 0 1
    outer loop
      vertex 27.8031 13.7109 14
      vertex 31.3681 15.469 14
      vertex 30.2892 17.4875 14
    endloop
  endfacet
  facet normal 0 0 1
    outer loop
      vertex 33.7833 9.0522 14
      vertex 29.9437 8.02339 14
      vertex 30.4043 6.0478 14
    endloop
  endfacet
  facet normal 0 0 1
    outer loop
      vertex 33.1189 11.2423 14
      vertex 29.3548 9.96462 14
      vertex 29.9437 8.02339 14
    endloop
  endfacet
  facet normal 0 0 1
    outer loop
      vertex 26.8468 15.5 14
      vertex 30.2892 17.4875 14
      vertex 29.0807 19.4311 14
    endloop
  endfacet
  facet normal 0 0 1
    outer loop
      vertex 32.3127 13.3844 14
      vertex 28.6403 11.8632 14
      vertex 29.3548 9.96462 14
    endloop
  endfacet
  facet normal 0 0 1
    outer loop
      vertex 31.3681 15.469 14
      vertex 27.8031 13.7109 14
      vertex 28.6403 11.8632 14
    endloop
  endfacet
  facet normal 0 0 1
    outer loop
      vertex 25.7756 17.2227 14
      vertex 29.0807 19.4311 14
      vertex 27.7475 21.2914 14
    endloop
  endfacet
  facet normal 0 0 1
    outer loop
      vertex 30.2892 17.4875 14
      vertex 26.8468 15.5 14
      vertex 27.8031 13.7109 14
    endloop
  endfacet
  facet normal 0 0 1
    outer loop
      vertex 24.594 18.8716 14
      vertex 27.7475 21.2914 14
      vertex 26.2956 23.0606 14
    endloop
  endfacet
  facet normal 0 0 1
    outer loop
      vertex 29.0807 19.4311 14
      vertex 25.7756 17.2227 14
      vertex 26.8468 15.5 14
    endloop
  endfacet
  facet normal 0 0 1
    outer loop
      vertex 23.307 20.4397 14
      vertex 26.2956 23.0606 14
      vertex 24.7311 24.7311 14
    endloop
  endfacet
  facet normal 0 0 1
    outer loop
      vertex 27.7475 21.2914 14
      vertex 24.594 18.8716 14
      vertex 25.7756 17.2227 14
    endloop
  endfacet
  facet normal 0 0 1
    outer loop
      vertex 26.2956 23.0606 14
      vertex 23.307 20.4397 14
      vertex 24.594 18.8716 14
    endloop
  endfacet
  facet normal 0 0 1
    outer loop
      vertex 21.9203 21.9203 14
      vertex 24.7311 24.7311 14
      vertex 23.0606 26.2956 14
    endloop
  endfacet
  facet normal 0 0 1
    outer loop
      vertex 24.7311 24.7311 14
      vertex 21.9203 21.9203 14
      vertex 23.307 20.4397 14
    endloop
  endfacet
  facet normal 0 0 1
    outer loop
      vertex 20.4397 23.307 14
      vertex 23.0606 26.2956 14
      vertex 21.2914 27.7475 14
    endloop
  endfacet
  facet normal 0 0 1
    outer loop
      vertex 23.0606 26.2956 14
      vertex 20.4397 23.307 14
      vertex 21.9203 21.9203 14
    endloop
  endfacet
  facet normal 0 0 1
    outer loop
      vertex 18.8716 24.594 14
      vertex 21.2914 27.7475 14
      vertex 19.4311 29.0807 14
    endloop
  endfacet
  facet normal 0 0 1
    outer loop
      vertex 21.2914 27.7475 14
      vertex 18.8716 24.594 14
      vertex 20.4397 23.307 14
    endloop
  endfacet
  facet normal 0 0 1
    outer loop
      vertex 17.2227 25.7756 14
      vertex 19.4311 29.0807 14
      vertex 17.4875 30.2892 14
    endloop
  endfacet
  facet normal 0 0 1
    outer loop
      vertex 19.4311 29.0807 14
      vertex 17.2227 25.7756 14
      vertex 18.8716 24.594 14
    endloop
  endfacet
  facet normal 0 0 1
    outer loop
      vertex 17.4875 30.2892 14
      vertex 15.5 26.8468 14
      vertex 17.2227 25.7756 14
    endloop
  endfacet
  facet normal 0 0 1
    outer loop
      vertex 15.469 31.3681 14
      vertex 15.5 26.8468 14
      vertex 17.4875 30.2892 14
    endloop
  endfacet
  facet normal 0 0 1
    outer loop
      vertex 15.469 31.3681 14
      vertex 13.7109 27.8031 14
      vertex 15.5 26.8468 14
    endloop
  endfacet
  facet normal 0 0 1
    outer loop
      vertex 13.3844 32.3127 14
      vertex 13.7109 27.8031 14
      vertex 15.469 31.3681 14
    endloop
  endfacet
  facet normal 0 0 1
    outer loop
      vertex 13.3844 32.3127 14
      vertex 11.8632 28.6403 14
      vertex 13.7109 27.8031 14
    endloop
  endfacet
  facet normal 0 0 1
    outer loop
      vertex 11.2423 33.1189 14
      vertex 11.8632 28.6403 14
      vertex 13.3844 32.3127 14
    endloop
  endfacet
  facet normal 0 0 1
    outer loop
      vertex 11.2423 33.1189 14
      vertex 9.96462 29.3548 14
      vertex 11.8632 28.6403 14
    endloop
  endfacet
  facet normal 0 0 1
    outer loop
      vertex 9.0522 33.7833 14
      vertex 9.96462 29.3548 14
      vertex 11.2423 33.1189 14
    endloop
  endfacet
  facet normal 0 0 1
    outer loop
      vertex 9.0522 33.7833 14
      vertex 8.02339 29.9437 14
      vertex 9.96462 29.3548 14
    endloop
  endfacet
  facet normal 0 0 1
    outer loop
      vertex 6.82328 34.303 14
      vertex 8.02339 29.9437 14
      vertex 9.0522 33.7833 14
    endloop
  endfacet
  facet normal 0 0 1
    outer loop
      vertex 6.82328 34.303 14
      vertex 6.0478 30.4043 14
      vertex 8.02339 29.9437 14
    endloop
  endfacet
  facet normal 0 0 1
    outer loop
      vertex 4.56515 34.6758 14
      vertex 6.0478 30.4043 14
      vertex 6.82328 34.303 14
    endloop
  endfacet
  facet normal 0 0 1
    outer loop
      vertex 4.56515 34.6758 14
      vertex 4.04631 30.7348 14
      vertex 6.0478 30.4043 14
    endloop
  endfacet
  facet normal 0 0 1
    outer loop
      vertex 2.28747 34.9001 14
      vertex 4.04631 30.7348 14
      vertex 4.56515 34.6758 14
    endloop
  endfacet
  facet normal 0 0 1
    outer loop
      vertex 2.28747 34.9001 14
      vertex 2.0275 30.9336 14
      vertex 4.04631 30.7348 14
    endloop
  endfacet
  facet normal 0 0 1
    outer loop
      vertex 0 34.975 14
      vertex 2.0275 30.9336 14
      vertex 2.28747 34.9001 14
    endloop
  endfacet
  facet normal 0 0 1
    outer loop
      vertex 0 34.975 14
      vertex 0 31 14
      vertex 2.0275 30.9336 14
    endloop
  endfacet
  facet normal 0 0 1
    outer loop
      vertex 0 34.975 14
      vertex -2.0275 30.9336 14
      vertex 0 31 14
    endloop
  endfacet
  facet normal -0 0 1
    outer loop
      vertex -2.28747 34.9001 14
      vertex -2.0275 30.9336 14
      vertex 0 34.975 14
    endloop
  endfacet
  facet normal 0 0 1
    outer loop
      vertex -2.28747 34.9001 14
      vertex -4.04631 30.7348 14
      vertex -2.0275 30.9336 14
    endloop
  endfacet
  facet normal -0 0 1
    outer loop
      vertex -4.56515 34.6758 14
      vertex -4.04631 30.7348 14
      vertex -2.28747 34.9001 14
    endloop
  endfacet
  facet normal 0 0 1
    outer loop
      vertex -4.56515 34.6758 14
      vertex -6.0478 30.4043 14
      vertex -4.04631 30.7348 14
    endloop
  endfacet
  facet normal -0 0 1
    outer loop
      vertex -6.82328 34.303 14
      vertex -6.0478 30.4043 14
      vertex -4.56515 34.6758 14
    endloop
  endfacet
  facet normal 0 0 1
    outer loop
      vertex -6.82328 34.303 14
      vertex -8.02339 29.9437 14
      vertex -6.0478 30.4043 14
    endloop
  endfacet
  facet normal -0 0 1
    outer loop
      vertex -9.0522 33.7833 14
      vertex -8.02339 29.9437 14
      vertex -6.82328 34.303 14
    endloop
  endfacet
  facet normal 0 0 1
    outer loop
      vertex -9.0522 33.7833 14
      vertex -9.96462 29.3548 14
      vertex -8.02339 29.9437 14
    endloop
  endfacet
  facet normal -0 0 1
    outer loop
      vertex -11.2423 33.1189 14
      vertex -9.96462 29.3548 14
      vertex -9.0522 33.7833 14
    endloop
  endfacet
  facet normal 0 0 1
    outer loop
      vertex -11.2423 33.1189 14
      vertex -11.8632 28.6403 14
      vertex -9.96462 29.3548 14
    endloop
  endfacet
  facet normal -0 0 1
    outer loop
      vertex -13.3844 32.3127 14
      vertex -11.8632 28.6403 14
      vertex -11.2423 33.1189 14
    endloop
  endfacet
  facet normal 0 0 1
    outer loop
      vertex -13.3844 32.3127 14
      vertex -13.7109 27.8031 14
      vertex -11.8632 28.6403 14
    endloop
  endfacet
  facet normal -0 0 1
    outer loop
      vertex -15.469 31.3681 14
      vertex -13.7109 27.8031 14
      vertex -13.3844 32.3127 14
    endloop
  endfacet
  facet normal 0 0 1
    outer loop
      vertex -15.469 31.3681 14
      vertex -15.5 26.8468 14
      vertex -13.7109 27.8031 14
    endloop
  endfacet
  facet normal -0 0 1
    outer loop
      vertex -17.4875 30.2892 14
      vertex -15.5 26.8468 14
      vertex -15.469 31.3681 14
    endloop
  endfacet
  facet normal 0 0 1
    outer loop
      vertex -15.5 26.8468 14
      vertex -17.4875 30.2892 14
      vertex -17.2227 25.7756 14
    endloop
  endfacet
  facet normal -0 0 1
    outer loop
      vertex -19.4311 29.0807 14
      vertex -17.2227 25.7756 14
      vertex -17.4875 30.2892 14
    endloop
  endfacet
  facet normal 0 0 1
    outer loop
      vertex -17.2227 25.7756 14
      vertex -19.4311 29.0807 14
      vertex -18.8716 24.594 14
    endloop
  endfacet
  facet normal -0 0 1
    outer loop
      vertex -21.2914 27.7475 14
      vertex -18.8716 24.594 14
      vertex -19.4311 29.0807 14
    endloop
  endfacet
  facet normal 0 0 1
    outer loop
      vertex -18.8716 24.594 14
      vertex -21.2914 27.7475 14
      vertex -20.4397 23.307 14
    endloop
  endfacet
  facet normal -0 0 1
    outer loop
      vertex -23.0606 26.2956 14
      vertex -20.4397 23.307 14
      vertex -21.2914 27.7475 14
    endloop
  endfacet
  facet normal 0 0 1
    outer loop
      vertex -20.4397 23.307 14
      vertex -23.0606 26.2956 14
      vertex -21.9203 21.9203 14
    endloop
  endfacet
  facet normal -0 0 1
    outer loop
      vertex -24.7311 24.7311 14
      vertex -21.9203 21.9203 14
      vertex -23.0606 26.2956 14
    endloop
  endfacet
  facet normal 0 0 1
    outer loop
      vertex -21.9203 21.9203 14
      vertex -24.7311 24.7311 14
      vertex -23.307 20.4397 14
    endloop
  endfacet
  facet normal -0 0 1
    outer loop
      vertex -26.2956 23.0606 14
      vertex -23.307 20.4397 14
      vertex -24.7311 24.7311 14
    endloop
  endfacet
  facet normal 0 0 1
    outer loop
      vertex -23.307 20.4397 14
      vertex -26.2956 23.0606 14
      vertex -24.594 18.8716 14
    endloop
  endfacet
  facet normal -0 0 1
    outer loop
      vertex -27.7475 21.2914 14
      vertex -24.594 18.8716 14
      vertex -26.2956 23.0606 14
    endloop
  endfacet
  facet normal 0 0 1
    outer loop
      vertex -24.594 18.8716 14
      vertex -27.7475 21.2914 14
      vertex -25.7756 17.2227 14
    endloop
  endfacet
  facet normal -0 0 1
    outer loop
      vertex -29.0807 19.4311 14
      vertex -25.7756 17.2227 14
      vertex -27.7475 21.2914 14
    endloop
  endfacet
  facet normal 0 0 1
    outer loop
      vertex -25.7756 17.2227 14
      vertex -29.0807 19.4311 14
      vertex -26.8468 15.5 14
    endloop
  endfacet
  facet normal -0 0 1
    outer loop
      vertex -30.2892 17.4875 14
      vertex -26.8468 15.5 14
      vertex -29.0807 19.4311 14
    endloop
  endfacet
  facet normal 0 0 1
    outer loop
      vertex -26.8468 15.5 14
      vertex -30.2892 17.4875 14
      vertex -27.8031 13.7109 14
    endloop
  endfacet
  facet normal -0 0 1
    outer loop
      vertex -31.3681 15.469 14
      vertex -27.8031 13.7109 14
      vertex -30.2892 17.4875 14
    endloop
  endfacet
  facet normal 0 0 1
    outer loop
      vertex -27.8031 13.7109 14
      vertex -31.3681 15.469 14
      vertex -28.6403 11.8632 14
    endloop
  endfacet
  facet normal -0 0 1
    outer loop
      vertex -32.3127 13.3844 14
      vertex -28.6403 11.8632 14
      vertex -31.3681 15.469 14
    endloop
  endfacet
  facet normal 0 0 1
    outer loop
      vertex -28.6403 11.8632 14
      vertex -32.3127 13.3844 14
      vertex -29.3548 9.96462 14
    endloop
  endfacet
  facet normal -0 0 1
    outer loop
      vertex -33.1189 11.2423 14
      vertex -29.3548 9.96462 14
      vertex -32.3127 13.3844 14
    endloop
  endfacet
  facet normal 0 0 1
    outer loop
      vertex -29.3548 9.96462 14
      vertex -33.1189 11.2423 14
      vertex -29.9437 8.02339 14
    endloop
  endfacet
  facet normal 0 0 1
    outer loop
      vertex -29.9437 8.02339 14
      vertex -33.7833 9.0522 14
      vertex -30.4043 6.0478 14
    endloop
  endfacet
  facet normal -0 0 1
    outer loop
      vertex -33.7833 9.0522 14
      vertex -29.9437 8.02339 14
      vertex -33.1189 11.2423 14
    endloop
  endfacet
  facet normal -0 0 1
    outer loop
      vertex 29.9437 -8.02339 14
      vertex 33.7833 -9.0522 14
      vertex 30.4043 -6.0478 14
    endloop
  endfacet
  facet normal 0 0 1
    outer loop
      vertex 33.7833 -9.0522 14
      vertex 29.9437 -8.02339 14
      vertex 33.1189 -11.2423 14
    endloop
  endfacet
  facet normal -0 0 1
    outer loop
      vertex 29.3548 -9.96462 14
      vertex 33.1189 -11.2423 14
      vertex 29.9437 -8.02339 14
    endloop
  endfacet
  facet normal 0 0 1
    outer loop
      vertex 33.1189 -11.2423 14
      vertex 29.3548 -9.96462 14
      vertex 32.3127 -13.3844 14
    endloop
  endfacet
  facet normal -0 0 1
    outer loop
      vertex 28.6403 -11.8632 14
      vertex 32.3127 -13.3844 14
      vertex 29.3548 -9.96462 14
    endloop
  endfacet
  facet normal 0 0 1
    outer loop
      vertex 32.3127 -13.3844 14
      vertex 28.6403 -11.8632 14
      vertex 31.3681 -15.469 14
    endloop
  endfacet
  facet normal -0 0 1
    outer loop
      vertex 27.8031 -13.7109 14
      vertex 31.3681 -15.469 14
      vertex 28.6403 -11.8632 14
    endloop
  endfacet
  facet normal 0 0 1
    outer loop
      vertex 31.3681 -15.469 14
      vertex 27.8031 -13.7109 14
      vertex 30.2892 -17.4875 14
    endloop
  endfacet
  facet normal -0 0 1
    outer loop
      vertex 26.8468 -15.5 14
      vertex 30.2892 -17.4875 14
      vertex 27.8031 -13.7109 14
    endloop
  endfacet
  facet normal 0 0 1
    outer loop
      vertex 30.2892 -17.4875 14
      vertex 26.8468 -15.5 14
      vertex 29.0807 -19.4311 14
    endloop
  endfacet
  facet normal -0 0 1
    outer loop
      vertex 25.7756 -17.2227 14
      vertex 29.0807 -19.4311 14
      vertex 26.8468 -15.5 14
    endloop
  endfacet
  facet normal 0 0 1
    outer loop
      vertex 29.0807 -19.4311 14
      vertex 25.7756 -17.2227 14
      vertex 27.7475 -21.2914 14
    endloop
  endfacet
  facet normal -0 0 1
    outer loop
      vertex 24.594 -18.8716 14
      vertex 27.7475 -21.2914 14
      vertex 25.7756 -17.2227 14
    endloop
  endfacet
  facet normal 0 0 1
    outer loop
      vertex 27.7475 -21.2914 14
      vertex 24.594 -18.8716 14
      vertex 26.2956 -23.0606 14
    endloop
  endfacet
  facet normal -0 0 1
    outer loop
      vertex 23.307 -20.4397 14
      vertex 26.2956 -23.0606 14
      vertex 24.594 -18.8716 14
    endloop
  endfacet
  facet normal 0 0 1
    outer loop
      vertex 26.2956 -23.0606 14
      vertex 23.307 -20.4397 14
      vertex 24.7311 -24.7311 14
    endloop
  endfacet
  facet normal -0 0 1
    outer loop
      vertex 21.9203 -21.9203 14
      vertex 24.7311 -24.7311 14
      vertex 23.307 -20.4397 14
    endloop
  endfacet
  facet normal 0 0 1
    outer loop
      vertex 24.7311 -24.7311 14
      vertex 21.9203 -21.9203 14
      vertex 23.0606 -26.2956 14
    endloop
  endfacet
  facet normal -0 0 1
    outer loop
      vertex 20.4397 -23.307 14
      vertex 23.0606 -26.2956 14
      vertex 21.9203 -21.9203 14
    endloop
  endfacet
  facet normal 0 0 1
    outer loop
      vertex 23.0606 -26.2956 14
      vertex 20.4397 -23.307 14
      vertex 21.2914 -27.7475 14
    endloop
  endfacet
  facet normal -0 0 1
    outer loop
      vertex 18.8716 -24.594 14
      vertex 21.2914 -27.7475 14
      vertex 20.4397 -23.307 14
    endloop
  endfacet
  facet normal 0 0 1
    outer loop
      vertex 21.2914 -27.7475 14
      vertex 18.8716 -24.594 14
      vertex 19.4311 -29.0807 14
    endloop
  endfacet
  facet normal -0 0 1
    outer loop
      vertex 17.2227 -25.7756 14
      vertex 19.4311 -29.0807 14
      vertex 18.8716 -24.594 14
    endloop
  endfacet
  facet normal 0 0 1
    outer loop
      vertex 19.4311 -29.0807 14
      vertex 17.2227 -25.7756 14
      vertex 17.4875 -30.2892 14
    endloop
  endfacet
  facet normal -0 0 1
    outer loop
      vertex 15.5 -26.8468 14
      vertex 17.4875 -30.2892 14
      vertex 17.2227 -25.7756 14
    endloop
  endfacet
  facet normal 0 0 1
    outer loop
      vertex 15.5 -26.8468 14
      vertex 15.469 -31.3681 14
      vertex 17.4875 -30.2892 14
    endloop
  endfacet
  facet normal -0 0 1
    outer loop
      vertex 13.7109 -27.8031 14
      vertex 15.469 -31.3681 14
      vertex 15.5 -26.8468 14
    endloop
  endfacet
  facet normal 0 0 1
    outer loop
      vertex 13.7109 -27.8031 14
      vertex 13.3844 -32.3127 14
      vertex 15.469 -31.3681 14
    endloop
  endfacet
  facet normal -0 0 1
    outer loop
      vertex 11.8632 -28.6403 14
      vertex 13.3844 -32.3127 14
      vertex 13.7109 -27.8031 14
    endloop
  endfacet
  facet normal 0 0 1
    outer loop
      vertex 11.8632 -28.6403 14
      vertex 11.2423 -33.1189 14
      vertex 13.3844 -32.3127 14
    endloop
  endfacet
  facet normal -0 0 1
    outer loop
      vertex 9.96462 -29.3548 14
      vertex 11.2423 -33.1189 14
      vertex 11.8632 -28.6403 14
    endloop
  endfacet
  facet normal 0 0 1
    outer loop
      vertex 9.96462 -29.3548 14
      vertex 9.0522 -33.7833 14
      vertex 11.2423 -33.1189 14
    endloop
  endfacet
  facet normal -0 0 1
    outer loop
      vertex 8.02339 -29.9437 14
      vertex 9.0522 -33.7833 14
      vertex 9.96462 -29.3548 14
    endloop
  endfacet
  facet normal 0 0 1
    outer loop
      vertex 8.02339 -29.9437 14
      vertex 6.82328 -34.303 14
      vertex 9.0522 -33.7833 14
    endloop
  endfacet
  facet normal -0 0 1
    outer loop
      vertex 6.0478 -30.4043 14
      vertex 6.82328 -34.303 14
      vertex 8.02339 -29.9437 14
    endloop
  endfacet
  facet normal 0 0 1
    outer loop
      vertex 6.0478 -30.4043 14
      vertex 4.56515 -34.6758 14
      vertex 6.82328 -34.303 14
    endloop
  endfacet
  facet normal -0 0 1
    outer loop
      vertex 4.04631 -30.7348 14
      vertex 4.56515 -34.6758 14
      vertex 6.0478 -30.4043 14
    endloop
  endfacet
  facet normal 0 0 1
    outer loop
      vertex 4.04631 -30.7348 14
      vertex 2.28747 -34.9001 14
      vertex 4.56515 -34.6758 14
    endloop
  endfacet
  facet normal -0 0 1
    outer loop
      vertex 2.0275 -30.9336 14
      vertex 2.28747 -34.9001 14
      vertex 4.04631 -30.7348 14
    endloop
  endfacet
  facet normal -0 0 1
    outer loop
      vertex 0 -31 14
      vertex 2.28747 -34.9001 14
      vertex 2.0275 -30.9336 14
    endloop
  endfacet
  facet normal 0 0 1
    outer loop
      vertex 0 -31 14
      vertex 0 -34.975 14
      vertex 2.28747 -34.9001 14
    endloop
  endfacet
  facet normal 0 0 1
    outer loop
      vertex -2.0275 -30.9336 14
      vertex 0 -34.975 14
      vertex 0 -31 14
    endloop
  endfacet
  facet normal 0 0 1
    outer loop
      vertex -2.0275 -30.9336 14
      vertex -2.28747 -34.9001 14
      vertex 0 -34.975 14
    endloop
  endfacet
  facet normal 0 0 1
    outer loop
      vertex -4.04631 -30.7348 14
      vertex -2.28747 -34.9001 14
      vertex -2.0275 -30.9336 14
    endloop
  endfacet
  facet normal 0 0 1
    outer loop
      vertex -4.04631 -30.7348 14
      vertex -4.56515 -34.6758 14
      vertex -2.28747 -34.9001 14
    endloop
  endfacet
  facet normal 0 0 1
    outer loop
      vertex -6.0478 -30.4043 14
      vertex -4.56515 -34.6758 14
      vertex -4.04631 -30.7348 14
    endloop
  endfacet
  facet normal 0 0 1
    outer loop
      vertex -6.0478 -30.4043 14
      vertex -6.82328 -34.303 14
      vertex -4.56515 -34.6758 14
    endloop
  endfacet
  facet normal 0 0 1
    outer loop
      vertex -8.02339 -29.9437 14
      vertex -6.82328 -34.303 14
      vertex -6.0478 -30.4043 14
    endloop
  endfacet
  facet normal 0 0 1
    outer loop
      vertex -8.02339 -29.9437 14
      vertex -9.0522 -33.7833 14
      vertex -6.82328 -34.303 14
    endloop
  endfacet
  facet normal 0 0 1
    outer loop
      vertex -9.96462 -29.3548 14
      vertex -9.0522 -33.7833 14
      vertex -8.02339 -29.9437 14
    endloop
  endfacet
  facet normal 0 0 1
    outer loop
      vertex -9.96462 -29.3548 14
      vertex -11.2423 -33.1189 14
      vertex -9.0522 -33.7833 14
    endloop
  endfacet
  facet normal 0 0 1
    outer loop
      vertex -11.8632 -28.6403 14
      vertex -11.2423 -33.1189 14
      vertex -9.96462 -29.3548 14
    endloop
  endfacet
  facet normal 0 0 1
    outer loop
      vertex -11.8632 -28.6403 14
      vertex -13.3844 -32.3127 14
      vertex -11.2423 -33.1189 14
    endloop
  endfacet
  facet normal 0 0 1
    outer loop
      vertex -13.7109 -27.8031 14
      vertex -13.3844 -32.3127 14
      vertex -11.8632 -28.6403 14
    endloop
  endfacet
  facet normal 0 0 1
    outer loop
      vertex -13.7109 -27.8031 14
      vertex -15.469 -31.3681 14
      vertex -13.3844 -32.3127 14
    endloop
  endfacet
  facet normal 0 0 1
    outer loop
      vertex -15.5 -26.8468 14
      vertex -15.469 -31.3681 14
      vertex -13.7109 -27.8031 14
    endloop
  endfacet
  facet normal 0 0 1
    outer loop
      vertex -17.4875 -30.2892 14
      vertex -15.5 -26.8468 14
      vertex -17.2227 -25.7756 14
    endloop
  endfacet
  facet normal 0 0 1
    outer loop
      vertex -15.5 -26.8468 14
      vertex -17.4875 -30.2892 14
      vertex -15.469 -31.3681 14
    endloop
  endfacet
  facet normal 0 0 1
    outer loop
      vertex -19.4311 -29.0807 14
      vertex -17.2227 -25.7756 14
      vertex -18.8716 -24.594 14
    endloop
  endfacet
  facet normal 0 0 1
    outer loop
      vertex -17.2227 -25.7756 14
      vertex -19.4311 -29.0807 14
      vertex -17.4875 -30.2892 14
    endloop
  endfacet
  facet normal 0 0 1
    outer loop
      vertex -21.2914 -27.7475 14
      vertex -18.8716 -24.594 14
      vertex -20.4397 -23.307 14
    endloop
  endfacet
  facet normal 0 0 1
    outer loop
      vertex -18.8716 -24.594 14
      vertex -21.2914 -27.7475 14
      vertex -19.4311 -29.0807 14
    endloop
  endfacet
  facet normal 0 0 1
    outer loop
      vertex -23.0606 -26.2956 14
      vertex -20.4397 -23.307 14
      vertex -21.9203 -21.9203 14
    endloop
  endfacet
  facet normal 0 0 1
    outer loop
      vertex -20.4397 -23.307 14
      vertex -23.0606 -26.2956 14
      vertex -21.2914 -27.7475 14
    endloop
  endfacet
  facet normal 0 0 1
    outer loop
      vertex -24.7311 -24.7311 14
      vertex -21.9203 -21.9203 14
      vertex -23.307 -20.4397 14
    endloop
  endfacet
  facet normal 0 0 1
    outer loop
      vertex -26.2956 -23.0606 14
      vertex -23.307 -20.4397 14
      vertex -24.594 -18.8716 14
    endloop
  endfacet
  facet normal 0 0 1
    outer loop
      vertex -21.9203 -21.9203 14
      vertex -24.7311 -24.7311 14
      vertex -23.0606 -26.2956 14
    endloop
  endfacet
  facet normal 0 0 1
    outer loop
      vertex -27.7475 -21.2914 14
      vertex -24.594 -18.8716 14
      vertex -25.7756 -17.2227 14
    endloop
  endfacet
  facet normal 0 0 1
    outer loop
      vertex -23.307 -20.4397 14
      vertex -26.2956 -23.0606 14
      vertex -24.7311 -24.7311 14
    endloop
  endfacet
  facet normal 0 0 1
    outer loop
      vertex -29.0807 -19.4311 14
      vertex -25.7756 -17.2227 14
      vertex -26.8468 -15.5 14
    endloop
  endfacet
  facet normal 0 0 1
    outer loop
      vertex -24.594 -18.8716 14
      vertex -27.7475 -21.2914 14
      vertex -26.2956 -23.0606 14
    endloop
  endfacet
  facet normal 0 0 1
    outer loop
      vertex -30.2892 -17.4875 14
      vertex -26.8468 -15.5 14
      vertex -27.8031 -13.7109 14
    endloop
  endfacet
  facet normal 0 0 1
    outer loop
      vertex -31.3681 -15.469 14
      vertex -27.8031 -13.7109 14
      vertex -28.6403 -11.8632 14
    endloop
  endfacet
  facet normal 0 0 1
    outer loop
      vertex -25.7756 -17.2227 14
      vertex -29.0807 -19.4311 14
      vertex -27.7475 -21.2914 14
    endloop
  endfacet
  facet normal 0 0 1
    outer loop
      vertex -32.3127 -13.3844 14
      vertex -28.6403 -11.8632 14
      vertex -29.3548 -9.96462 14
    endloop
  endfacet
  facet normal 0 0 1
    outer loop
      vertex -33.1189 -11.2423 14
      vertex -29.3548 -9.96462 14
      vertex -29.9437 -8.02339 14
    endloop
  endfacet
  facet normal 0 0 1
    outer loop
      vertex -26.8468 -15.5 14
      vertex -30.2892 -17.4875 14
      vertex -29.0807 -19.4311 14
    endloop
  endfacet
  facet normal 0 0 1
    outer loop
      vertex -33.7833 -9.0522 14
      vertex -29.9437 -8.02339 14
      vertex -30.4043 -6.0478 14
    endloop
  endfacet
  facet normal 0 0 1
    outer loop
      vertex -34.303 -6.82328 14
      vertex -30.4043 -6.0478 14
      vertex -30.7348 -4.04631 14
    endloop
  endfacet
  facet normal 0 0 1
    outer loop
      vertex -34.6758 -4.56515 14
      vertex -30.7348 -4.04631 14
      vertex -30.9336 -2.0275 14
    endloop
  endfacet
  facet normal 0 0 1
    outer loop
      vertex -27.8031 -13.7109 14
      vertex -31.3681 -15.469 14
      vertex -30.2892 -17.4875 14
    endloop
  endfacet
  facet normal 0 0 1
    outer loop
      vertex -34.9001 -2.28747 14
      vertex -30.9336 -2.0275 14
      vertex -31 0 14
    endloop
  endfacet
  facet normal -0 0 1
    outer loop
      vertex -34.303 6.82328 14
      vertex -30.4043 6.0478 14
      vertex -33.7833 9.0522 14
    endloop
  endfacet
  facet normal 0 0 1
    outer loop
      vertex -30.4043 6.0478 14
      vertex -34.303 6.82328 14
      vertex -30.7348 4.04631 14
    endloop
  endfacet
  facet normal 0 0 1
    outer loop
      vertex -28.6403 -11.8632 14
      vertex -32.3127 -13.3844 14
      vertex -31.3681 -15.469 14
    endloop
  endfacet
  facet normal -0 0 1
    outer loop
      vertex -34.6758 4.56515 14
      vertex -30.7348 4.04631 14
      vertex -34.303 6.82328 14
    endloop
  endfacet
  facet normal 0 0 1
    outer loop
      vertex -29.3548 -9.96462 14
      vertex -33.1189 -11.2423 14
      vertex -32.3127 -13.3844 14
    endloop
  endfacet
  facet normal 0 0 1
    outer loop
      vertex -30.7348 4.04631 14
      vertex -34.6758 4.56515 14
      vertex -30.9336 2.0275 14
    endloop
  endfacet
  facet normal 0 0 1
    outer loop
      vertex -29.9437 -8.02339 14
      vertex -33.7833 -9.0522 14
      vertex -33.1189 -11.2423 14
    endloop
  endfacet
  facet normal -0 0 1
    outer loop
      vertex -34.9001 2.28747 14
      vertex -30.9336 2.0275 14
      vertex -34.6758 4.56515 14
    endloop
  endfacet
  facet normal 0 0 1
    outer loop
      vertex -30.4043 -6.0478 14
      vertex -34.303 -6.82328 14
      vertex -33.7833 -9.0522 14
    endloop
  endfacet
  facet normal 0 0 1
    outer loop
      vertex -30.9336 2.0275 14
      vertex -34.9001 2.28747 14
      vertex -31 0 14
    endloop
  endfacet
  facet normal 0 0 1
    outer loop
      vertex -30.7348 -4.04631 14
      vertex -34.6758 -4.56515 14
      vertex -34.303 -6.82328 14
    endloop
  endfacet
  facet normal 0 0 1
    outer loop
      vertex -34.975 0 14
      vertex -31 0 14
      vertex -34.9001 2.28747 14
    endloop
  endfacet
  facet normal 0 0 1
    outer loop
      vertex -30.9336 -2.0275 14
      vertex -34.9001 -2.28747 14
      vertex -34.6758 -4.56515 14
    endloop
  endfacet
  facet normal 0 0 1
    outer loop
      vertex -31 0 14
      vertex -34.975 0 14
      vertex -34.9001 -2.28747 14
    endloop
  endfacet
  facet normal -0.227072 -0.973878 0
    outer loop
      vertex 6.82328 34.303 14
      vertex 9.0522 33.7833 190
      vertex 6.82328 34.303 190
    endloop
  endfacet
  facet normal -0.227072 -0.973878 -0
    outer loop
      vertex 9.0522 33.7833 190
      vertex 6.82328 34.303 14
      vertex 9.0522 33.7833 14
    endloop
  endfacet
  facet normal -0.956935 -0.290301 0
    outer loop
      vertex 33.7833 9.0522 14
      vertex 33.1189 11.2423 190
      vertex 33.1189 11.2423 14
    endloop
  endfacet
  facet normal -0.956935 -0.290301 0
    outer loop
      vertex 33.1189 11.2423 190
      vertex 33.7833 9.0522 14
      vertex 33.7833 9.0522 190
    endloop
  endfacet
  facet normal 0.81282 0.582515 0
    outer loop
      vertex -27.7475 -21.2914 190
      vertex -29.0807 -19.4311 14
      vertex -29.0807 -19.4311 190
    endloop
  endfacet
  facet normal 0.81282 0.582515 0
    outer loop
      vertex -29.0807 -19.4311 14
      vertex -27.7475 -21.2914 190
      vertex -27.7475 -21.2914 14
    endloop
  endfacet
  facet normal -0.910851 -0.412736 0
    outer loop
      vertex 32.3127 13.3844 14
      vertex 31.3681 15.469 190
      vertex 31.3681 15.469 14
    endloop
  endfacet
  facet normal -0.910851 -0.412736 0
    outer loop
      vertex 31.3681 15.469 190
      vertex 32.3127 13.3844 14
      vertex 32.3127 13.3844 190
    endloop
  endfacet
  facet normal -0.973878 0.227072 0
    outer loop
      vertex 33.7833 -9.0522 14
      vertex 34.303 -6.82328 190
      vertex 34.303 -6.82328 14
    endloop
  endfacet
  facet normal -0.973878 0.227072 0
    outer loop
      vertex 34.303 -6.82328 190
      vertex 33.7833 -9.0522 14
      vertex 33.7833 -9.0522 190
    endloop
  endfacet
  facet normal 0.910851 0.412736 0
    outer loop
      vertex -31.3681 -15.469 190
      vertex -32.3127 -13.3844 14
      vertex -32.3127 -13.3844 190
    endloop
  endfacet
  facet normal 0.910851 0.412736 0
    outer loop
      vertex -32.3127 -13.3844 14
      vertex -31.3681 -15.469 190
      vertex -31.3681 -15.469 14
    endloop
  endfacet
  facet normal 0.0327261 0.999464 -0
    outer loop
      vertex 0 -34.975 14
      vertex -2.28747 -34.9001 190
      vertex 0 -34.975 190
    endloop
  endfacet
  facet normal 0.0327261 0.999464 0
    outer loop
      vertex -2.28747 -34.9001 190
      vertex 0 -34.975 14
      vertex -2.28747 -34.9001 14
    endloop
  endfacet
  facet normal 0.68357 -0.729885 0
    outer loop
      vertex -24.7311 24.7311 14
      vertex -23.0606 26.2956 190
      vertex -24.7311 24.7311 190
    endloop
  endfacet
  facet normal 0.68357 -0.729885 0
    outer loop
      vertex -23.0606 26.2956 190
      vertex -24.7311 24.7311 14
      vertex -23.0606 26.2956 14
    endloop
  endfacet
  facet normal -0.68357 -0.729885 0
    outer loop
      vertex 23.0606 26.2956 14
      vertex 24.7311 24.7311 190
      vertex 23.0606 26.2956 190
    endloop
  endfacet
  facet normal -0.68357 -0.729885 -0
    outer loop
      vertex 24.7311 24.7311 190
      vertex 23.0606 26.2956 14
      vertex 24.7311 24.7311 14
    endloop
  endfacet
  facet normal -0.0327261 -0.999464 0
    outer loop
      vertex 0 34.975 14
      vertex 2.28747 34.9001 190
      vertex 0 34.975 190
    endloop
  endfacet
  facet normal -0.0327261 -0.999464 -0
    outer loop
      vertex 2.28747 34.9001 190
      vertex 0 34.975 14
      vertex 2.28747 34.9001 14
    endloop
  endfacet
  facet normal 0.352239 -0.93591 0
    outer loop
      vertex -13.3844 32.3127 14
      vertex -11.2423 33.1189 190
      vertex -13.3844 32.3127 190
    endloop
  endfacet
  facet normal 0.352239 -0.93591 0
    outer loop
      vertex -11.2423 33.1189 190
      vertex -13.3844 32.3127 14
      vertex -11.2423 33.1189 14
    endloop
  endfacet
  facet normal -0.81282 0.582515 0
    outer loop
      vertex 27.7475 -21.2914 14
      vertex 29.0807 -19.4311 190
      vertex 29.0807 -19.4311 14
    endloop
  endfacet
  facet normal -0.81282 0.582515 0
    outer loop
      vertex 29.0807 -19.4311 190
      vertex 27.7475 -21.2914 14
      vertex 27.7475 -21.2914 190
    endloop
  endfacet
  facet normal -0.634382 -0.77302 0
    outer loop
      vertex 21.2914 27.7475 14
      vertex 23.0606 26.2956 190
      vertex 21.2914 27.7475 190
    endloop
  endfacet
  facet normal -0.634382 -0.77302 -0
    outer loop
      vertex 23.0606 26.2956 190
      vertex 21.2914 27.7475 14
      vertex 23.0606 26.2956 14
    endloop
  endfacet
  facet normal 0.0327261 -0.999464 0
    outer loop
      vertex -2.28747 34.9001 14
      vertex 0 34.975 190
      vertex -2.28747 34.9001 190
    endloop
  endfacet
  facet normal 0.0327261 -0.999464 0
    outer loop
      vertex 0 34.975 190
      vertex -2.28747 34.9001 14
      vertex 0 34.975 14
    endloop
  endfacet
  facet normal 0.227072 0.973878 -0
    outer loop
      vertex -6.82328 -34.303 14
      vertex -9.0522 -33.7833 190
      vertex -6.82328 -34.303 190
    endloop
  endfacet
  facet normal 0.227072 0.973878 0
    outer loop
      vertex -9.0522 -33.7833 190
      vertex -6.82328 -34.303 14
      vertex -9.0522 -33.7833 14
    endloop
  endfacet
  facet normal 0.634382 0.77302 -0
    outer loop
      vertex -21.2914 -27.7475 14
      vertex -23.0606 -26.2956 190
      vertex -21.2914 -27.7475 190
    endloop
  endfacet
  facet normal 0.634382 0.77302 0
    outer loop
      vertex -23.0606 -26.2956 190
      vertex -21.2914 -27.7475 14
      vertex -23.0606 -26.2956 14
    endloop
  endfacet
  facet normal -0.910851 0.412736 0
    outer loop
      vertex 31.3681 -15.469 14
      vertex 32.3127 -13.3844 190
      vertex 32.3127 -13.3844 14
    endloop
  endfacet
  facet normal -0.910851 0.412736 0
    outer loop
      vertex 32.3127 -13.3844 190
      vertex 31.3681 -15.469 14
      vertex 31.3681 -15.469 190
    endloop
  endfacet
  facet normal -0.352239 -0.93591 0
    outer loop
      vertex 11.2423 33.1189 14
      vertex 13.3844 32.3127 190
      vertex 11.2423 33.1189 190
    endloop
  endfacet
  facet normal -0.352239 -0.93591 -0
    outer loop
      vertex 13.3844 32.3127 190
      vertex 11.2423 33.1189 14
      vertex 13.3844 32.3127 14
    endloop
  endfacet
  facet normal 0.227072 -0.973878 0
    outer loop
      vertex -9.0522 33.7833 14
      vertex -6.82328 34.303 190
      vertex -9.0522 33.7833 190
    endloop
  endfacet
  facet normal 0.227072 -0.973878 0
    outer loop
      vertex -6.82328 34.303 190
      vertex -9.0522 33.7833 14
      vertex -6.82328 34.303 14
    endloop
  endfacet
  facet normal -0.77302 0.634382 0
    outer loop
      vertex 26.2956 -23.0606 14
      vertex 27.7475 -21.2914 190
      vertex 27.7475 -21.2914 14
    endloop
  endfacet
  facet normal -0.77302 0.634382 0
    outer loop
      vertex 27.7475 -21.2914 190
      vertex 26.2956 -23.0606 14
      vertex 26.2956 -23.0606 190
    endloop
  endfacet
  facet normal 0.729885 0.68357 0
    outer loop
      vertex -24.7311 -24.7311 190
      vertex -26.2956 -23.0606 14
      vertex -26.2956 -23.0606 190
    endloop
  endfacet
  facet normal 0.729885 0.68357 0
    outer loop
      vertex -26.2956 -23.0606 14
      vertex -24.7311 -24.7311 190
      vertex -24.7311 -24.7311 14
    endloop
  endfacet
  facet normal -0.93591 0.352239 0
    outer loop
      vertex 32.3127 -13.3844 14
      vertex 33.1189 -11.2423 190
      vertex 33.1189 -11.2423 14
    endloop
  endfacet
  facet normal -0.93591 0.352239 0
    outer loop
      vertex 33.1189 -11.2423 190
      vertex 32.3127 -13.3844 14
      vertex 32.3127 -13.3844 190
    endloop
  endfacet
  facet normal -0.986645 0.162887 0
    outer loop
      vertex 34.303 -6.82328 14
      vertex 34.6758 -4.56515 190
      vertex 34.6758 -4.56515 14
    endloop
  endfacet
  facet normal -0.986645 0.162887 0
    outer loop
      vertex 34.6758 -4.56515 190
      vertex 34.303 -6.82328 14
      vertex 34.303 -6.82328 190
    endloop
  endfacet
  facet normal -0.849223 -0.528034 0
    outer loop
      vertex 30.2892 17.4875 14
      vertex 29.0807 19.4311 190
      vertex 29.0807 19.4311 14
    endloop
  endfacet
  facet normal -0.849223 -0.528034 0
    outer loop
      vertex 29.0807 19.4311 190
      vertex 30.2892 17.4875 14
      vertex 30.2892 17.4875 190
    endloop
  endfacet
  facet normal -0.881923 0.471393 0
    outer loop
      vertex 30.2892 -17.4875 14
      vertex 31.3681 -15.469 190
      vertex 31.3681 -15.469 14
    endloop
  endfacet
  facet normal -0.881923 0.471393 0
    outer loop
      vertex 31.3681 -15.469 190
      vertex 30.2892 -17.4875 14
      vertex 30.2892 -17.4875 190
    endloop
  endfacet
  facet normal 0.0980033 0.995186 -0
    outer loop
      vertex -2.28747 -34.9001 14
      vertex -4.56515 -34.6758 190
      vertex -2.28747 -34.9001 190
    endloop
  endfacet
  facet normal 0.0980033 0.995186 0
    outer loop
      vertex -4.56515 -34.6758 190
      vertex -2.28747 -34.9001 14
      vertex -4.56515 -34.6758 14
    endloop
  endfacet
  facet normal 0.528034 -0.849223 0
    outer loop
      vertex -19.4311 29.0807 14
      vertex -17.4875 30.2892 190
      vertex -19.4311 29.0807 190
    endloop
  endfacet
  facet normal 0.528034 -0.849223 0
    outer loop
      vertex -17.4875 30.2892 190
      vertex -19.4311 29.0807 14
      vertex -17.4875 30.2892 14
    endloop
  endfacet
  facet normal 0.93591 -0.352239 0
    outer loop
      vertex -33.1189 11.2423 190
      vertex -32.3127 13.3844 14
      vertex -32.3127 13.3844 190
    endloop
  endfacet
  facet normal 0.93591 -0.352239 0
    outer loop
      vertex -32.3127 13.3844 14
      vertex -33.1189 11.2423 190
      vertex -33.1189 11.2423 14
    endloop
  endfacet
  facet normal -0.956935 0.290301 0
    outer loop
      vertex 33.1189 -11.2423 14
      vertex 33.7833 -9.0522 190
      vertex 33.7833 -9.0522 14
    endloop
  endfacet
  facet normal -0.956935 0.290301 0
    outer loop
      vertex 33.7833 -9.0522 190
      vertex 33.1189 -11.2423 14
      vertex 33.1189 -11.2423 190
    endloop
  endfacet
  facet normal 0.81282 -0.582515 0
    outer loop
      vertex -29.0807 19.4311 190
      vertex -27.7475 21.2914 14
      vertex -27.7475 21.2914 190
    endloop
  endfacet
  facet normal 0.81282 -0.582515 0
    outer loop
      vertex -27.7475 21.2914 14
      vertex -29.0807 19.4311 190
      vertex -29.0807 19.4311 14
    endloop
  endfacet
  facet normal 0.77302 -0.634382 0
    outer loop
      vertex -27.7475 21.2914 190
      vertex -26.2956 23.0606 14
      vertex -26.2956 23.0606 190
    endloop
  endfacet
  facet normal 0.77302 -0.634382 0
    outer loop
      vertex -26.2956 23.0606 14
      vertex -27.7475 21.2914 190
      vertex -27.7475 21.2914 14
    endloop
  endfacet
  facet normal -0.412736 -0.910851 0
    outer loop
      vertex 13.3844 32.3127 14
      vertex 15.469 31.3681 190
      vertex 13.3844 32.3127 190
    endloop
  endfacet
  facet normal -0.412736 -0.910851 -0
    outer loop
      vertex 15.469 31.3681 190
      vertex 13.3844 32.3127 14
      vertex 15.469 31.3681 14
    endloop
  endfacet
  facet normal 0.986645 -0.162887 0
    outer loop
      vertex -34.6758 4.56515 190
      vertex -34.303 6.82328 14
      vertex -34.303 6.82328 190
    endloop
  endfacet
  facet normal 0.986645 -0.162887 0
    outer loop
      vertex -34.303 6.82328 14
      vertex -34.6758 4.56515 190
      vertex -34.6758 4.56515 14
    endloop
  endfacet
  facet normal 0.995186 0.0980033 0
    outer loop
      vertex -34.6758 -4.56515 190
      vertex -34.9001 -2.28747 14
      vertex -34.9001 -2.28747 190
    endloop
  endfacet
  facet normal 0.995186 0.0980033 0
    outer loop
      vertex -34.9001 -2.28747 14
      vertex -34.6758 -4.56515 190
      vertex -34.6758 -4.56515 14
    endloop
  endfacet
  facet normal -0.881923 -0.471393 0
    outer loop
      vertex 31.3681 15.469 14
      vertex 30.2892 17.4875 190
      vertex 30.2892 17.4875 14
    endloop
  endfacet
  facet normal -0.881923 -0.471393 0
    outer loop
      vertex 30.2892 17.4875 190
      vertex 31.3681 15.469 14
      vertex 31.3681 15.469 190
    endloop
  endfacet
  facet normal 0.634382 -0.77302 0
    outer loop
      vertex -23.0606 26.2956 14
      vertex -21.2914 27.7475 190
      vertex -23.0606 26.2956 190
    endloop
  endfacet
  facet normal 0.634382 -0.77302 0
    outer loop
      vertex -21.2914 27.7475 190
      vertex -23.0606 26.2956 14
      vertex -21.2914 27.7475 14
    endloop
  endfacet
  facet normal 0.290301 0.956935 -0
    outer loop
      vertex -9.0522 -33.7833 14
      vertex -11.2423 -33.1189 190
      vertex -9.0522 -33.7833 190
    endloop
  endfacet
  facet normal 0.290301 0.956935 0
    outer loop
      vertex -11.2423 -33.1189 190
      vertex -9.0522 -33.7833 14
      vertex -11.2423 -33.1189 14
    endloop
  endfacet
  facet normal 0.881923 0.471393 0
    outer loop
      vertex -30.2892 -17.4875 190
      vertex -31.3681 -15.469 14
      vertex -31.3681 -15.469 190
    endloop
  endfacet
  facet normal 0.881923 0.471393 0
    outer loop
      vertex -31.3681 -15.469 14
      vertex -30.2892 -17.4875 190
      vertex -30.2892 -17.4875 14
    endloop
  endfacet
  facet normal -0.290301 0.956935 0
    outer loop
      vertex 11.2423 -33.1189 14
      vertex 9.0522 -33.7833 190
      vertex 11.2423 -33.1189 190
    endloop
  endfacet
  facet normal -0.290301 0.956935 0
    outer loop
      vertex 9.0522 -33.7833 190
      vertex 11.2423 -33.1189 14
      vertex 9.0522 -33.7833 14
    endloop
  endfacet
  facet normal 0.999464 -0.0327261 0
    outer loop
      vertex -34.975 0 190
      vertex -34.9001 2.28747 14
      vertex -34.9001 2.28747 190
    endloop
  endfacet
  facet normal 0.999464 -0.0327261 0
    outer loop
      vertex -34.9001 2.28747 14
      vertex -34.975 0 190
      vertex -34.975 0 14
    endloop
  endfacet
  facet normal 0.0980033 -0.995186 0
    outer loop
      vertex -4.56515 34.6758 14
      vertex -2.28747 34.9001 190
      vertex -4.56515 34.6758 190
    endloop
  endfacet
  facet normal 0.0980033 -0.995186 0
    outer loop
      vertex -2.28747 34.9001 190
      vertex -4.56515 34.6758 14
      vertex -2.28747 34.9001 14
    endloop
  endfacet
  facet normal 0.352239 0.93591 -0
    outer loop
      vertex -11.2423 -33.1189 14
      vertex -13.3844 -32.3127 190
      vertex -11.2423 -33.1189 190
    endloop
  endfacet
  facet normal 0.352239 0.93591 0
    outer loop
      vertex -13.3844 -32.3127 190
      vertex -11.2423 -33.1189 14
      vertex -13.3844 -32.3127 14
    endloop
  endfacet
  facet normal 0.68357 0.729885 -0
    outer loop
      vertex -23.0606 -26.2956 14
      vertex -24.7311 -24.7311 190
      vertex -23.0606 -26.2956 190
    endloop
  endfacet
  facet normal 0.68357 0.729885 0
    outer loop
      vertex -24.7311 -24.7311 190
      vertex -23.0606 -26.2956 14
      vertex -24.7311 -24.7311 14
    endloop
  endfacet
  facet normal -0.634382 0.77302 0
    outer loop
      vertex 23.0606 -26.2956 14
      vertex 21.2914 -27.7475 190
      vertex 23.0606 -26.2956 190
    endloop
  endfacet
  facet normal -0.634382 0.77302 0
    outer loop
      vertex 21.2914 -27.7475 190
      vertex 23.0606 -26.2956 14
      vertex 21.2914 -27.7475 14
    endloop
  endfacet
  facet normal -0.999464 0.0327261 0
    outer loop
      vertex 34.9001 -2.28747 14
      vertex 34.975 0 190
      vertex 34.975 0 14
    endloop
  endfacet
  facet normal -0.999464 0.0327261 0
    outer loop
      vertex 34.975 0 190
      vertex 34.9001 -2.28747 14
      vertex 34.9001 -2.28747 190
    endloop
  endfacet
  facet normal -0.162887 -0.986645 0
    outer loop
      vertex 4.56515 34.6758 14
      vertex 6.82328 34.303 190
      vertex 4.56515 34.6758 190
    endloop
  endfacet
  facet normal -0.162887 -0.986645 -0
    outer loop
      vertex 6.82328 34.303 190
      vertex 4.56515 34.6758 14
      vertex 6.82328 34.303 14
    endloop
  endfacet
  facet normal -0.0980033 -0.995186 0
    outer loop
      vertex 2.28747 34.9001 14
      vertex 4.56515 34.6758 190
      vertex 2.28747 34.9001 190
    endloop
  endfacet
  facet normal -0.0980033 -0.995186 -0
    outer loop
      vertex 4.56515 34.6758 190
      vertex 2.28747 34.9001 14
      vertex 4.56515 34.6758 14
    endloop
  endfacet
  facet normal 0.881923 -0.471393 0
    outer loop
      vertex -31.3681 15.469 190
      vertex -30.2892 17.4875 14
      vertex -30.2892 17.4875 190
    endloop
  endfacet
  facet normal 0.881923 -0.471393 0
    outer loop
      vertex -30.2892 17.4875 14
      vertex -31.3681 15.469 190
      vertex -31.3681 15.469 14
    endloop
  endfacet
  facet normal -0.68357 0.729885 0
    outer loop
      vertex 24.7311 -24.7311 14
      vertex 23.0606 -26.2956 190
      vertex 24.7311 -24.7311 190
    endloop
  endfacet
  facet normal -0.68357 0.729885 0
    outer loop
      vertex 23.0606 -26.2956 190
      vertex 24.7311 -24.7311 14
      vertex 23.0606 -26.2956 14
    endloop
  endfacet
  facet normal 0.471393 0.881923 -0
    outer loop
      vertex -15.469 -31.3681 14
      vertex -17.4875 -30.2892 190
      vertex -15.469 -31.3681 190
    endloop
  endfacet
  facet normal 0.471393 0.881923 0
    outer loop
      vertex -17.4875 -30.2892 190
      vertex -15.469 -31.3681 14
      vertex -17.4875 -30.2892 14
    endloop
  endfacet
  facet normal 0.995186 -0.0980033 0
    outer loop
      vertex -34.9001 2.28747 190
      vertex -34.6758 4.56515 14
      vertex -34.6758 4.56515 190
    endloop
  endfacet
  facet normal 0.995186 -0.0980033 0
    outer loop
      vertex -34.6758 4.56515 14
      vertex -34.9001 2.28747 190
      vertex -34.9001 2.28747 14
    endloop
  endfacet
  facet normal 0 0.442291 -0.896871
    outer loop
      vertex 77.1 -2 -6.5359
      vertex 30.9499 -1.53073 -6.30448
      vertex 77.1 -1.53073 -6.30448
    endloop
  endfacet
  facet normal 0 0.442291 -0.896871
    outer loop
      vertex 30.9499 -1.53073 -6.30448
      vertex 77.1 -2 -6.5359
      vertex 30.9345 -2 -6.5359
    endloop
  endfacet
  facet normal -0 0.946922 0.321464
    outer loop
      vertex 30.7693 -3.69552 -11.5307
      vertex 77.1 -3.8637 -11.0353
      vertex 77.1 -3.69552 -11.5307
    endloop
  endfacet
  facet normal 0 0.946922 0.321464
    outer loop
      vertex 77.1 -3.8637 -11.0353
      vertex 30.7693 -3.69552 -11.5307
      vertex 30.7528 -3.8637 -11.0353
    endloop
  endfacet
  facet normal 0 -0.321469 0.94692
    outer loop
      vertex 77.1 1.53073 -13.6955
      vertex 30.9661 1.03528 -13.8637
      vertex 77.1 1.03528 -13.8637
    endloop
  endfacet
  facet normal 0 -0.321469 0.94692
    outer loop
      vertex 30.9661 1.03528 -13.8637
      vertex 77.1 1.53073 -13.6955
      vertex 30.9499 1.53073 -13.6955
    endloop
  endfacet
  facet normal -0 0.896883 0.442268
    outer loop
      vertex 30.7921 -3.4641 -12
      vertex 77.1 -3.69552 -11.5307
      vertex 77.1 -3.4641 -12
    endloop
  endfacet
  facet normal 0 0.896883 0.442268
    outer loop
      vertex 77.1 -3.69552 -11.5307
      vertex 30.7921 -3.4641 -12
      vertex 30.7693 -3.69552 -11.5307
    endloop
  endfacet
  facet normal 0 -0.896883 0.442268
    outer loop
      vertex 30.7921 3.4641 -12
      vertex 77.1 3.69552 -11.5307
      vertex 30.7693 3.69552 -11.5307
    endloop
  endfacet
  facet normal 0 -0.896883 0.442268
    outer loop
      vertex 77.1 3.69552 -11.5307
      vertex 30.7921 3.4641 -12
      vertex 77.1 3.4641 -12
    endloop
  endfacet
  facet normal -0 -0.946932 -0.321435
    outer loop
      vertex 77.1 3.8637 -8.96472
      vertex 30.7693 3.69552 -8.46927
      vertex 30.7528 3.8637 -8.96472
    endloop
  endfacet
  facet normal 0 -0.946932 -0.321435
    outer loop
      vertex 30.7693 3.69552 -8.46927
      vertex 77.1 3.8637 -8.96472
      vertex 77.1 3.69552 -8.46927
    endloop
  endfacet
  facet normal 0 -0.0653641 0.997861
    outer loop
      vertex 77.1 0.522104 -13.9658
      vertex 31 0 -14
      vertex 77.1 0 -14
    endloop
  endfacet
  facet normal 0 -0.0653641 0.997861
    outer loop
      vertex 31 0 -14
      vertex 77.1 0.522104 -13.9658
      vertex 30.9829 0.522104 -13.9658
    endloop
  endfacet
  facet normal -0 0.659362 0.751826
    outer loop
      vertex 30.8935 -2.43505 -13.1734
      vertex 77.1 -2.82843 -12.8284
      vertex 77.1 -2.43505 -13.1734
    endloop
  endfacet
  facet normal 0 0.659362 0.751826
    outer loop
      vertex 77.1 -2.82843 -12.8284
      vertex 30.8935 -2.43505 -13.1734
      vertex 30.8547 -2.82843 -12.8284
    endloop
  endfacet
  facet normal 0 -0.555582 0.831462
    outer loop
      vertex 77.1 2.43505 -13.1734
      vertex 30.9345 2 -13.4641
      vertex 77.1 2 -13.4641
    endloop
  endfacet
  facet normal 6.98303e-06 -0.556094 0.831119
    outer loop
      vertex 77.1 2.43505 -13.1734
      vertex 30.9336 2.0275 -13.4457
      vertex 30.9345 2 -13.4641
    endloop
  endfacet
  facet normal 0 -0.555547 0.831485
    outer loop
      vertex 30.9336 2.0275 -13.4457
      vertex 77.1 2.43505 -13.1734
      vertex 30.8935 2.43505 -13.1734
    endloop
  endfacet
  facet normal 0 -0.44226 0.896887
    outer loop
      vertex 77.1 2 -13.4641
      vertex 30.9499 1.53073 -13.6955
      vertex 77.1 1.53073 -13.6955
    endloop
  endfacet
  facet normal 0 -0.44226 0.896887
    outer loop
      vertex 30.9499 1.53073 -13.6955
      vertex 77.1 2 -13.4641
      vertex 30.9345 2 -13.4641
    endloop
  endfacet
  facet normal 0 0.321435 -0.946932
    outer loop
      vertex 77.1 -1.53073 -6.30448
      vertex 30.9661 -1.03528 -6.1363
      vertex 77.1 -1.03528 -6.1363
    endloop
  endfacet
  facet normal 0 0.321435 -0.946932
    outer loop
      vertex 30.9661 -1.03528 -6.1363
      vertex 77.1 -1.53073 -6.30448
      vertex 30.9499 -1.53073 -6.30448
    endloop
  endfacet
  facet normal 0 0.751845 -0.65934
    outer loop
      vertex 77.1 -3.17341 -7.56495
      vertex 30.8547 -2.82843 -7.17157
      vertex 77.1 -2.82843 -7.17157
    endloop
  endfacet
  facet normal 0 0.751845 -0.65934
    outer loop
      vertex 30.8547 -2.82843 -7.17157
      vertex 77.1 -3.17341 -7.56495
      vertex 30.8208 -3.17341 -7.56495
    endloop
  endfacet
  facet normal 0 -0.946922 0.321464
    outer loop
      vertex 30.7693 3.69552 -11.5307
      vertex 77.1 3.8637 -11.0353
      vertex 30.7528 3.8637 -11.0353
    endloop
  endfacet
  facet normal 0 -0.946922 0.321464
    outer loop
      vertex 77.1 3.8637 -11.0353
      vertex 30.7693 3.69552 -11.5307
      vertex 77.1 3.69552 -11.5307
    endloop
  endfacet
  facet normal -0 -0.751845 -0.65934
    outer loop
      vertex 77.1 3.17341 -7.56495
      vertex 30.8547 2.82843 -7.17157
      vertex 30.8208 3.17341 -7.56495
    endloop
  endfacet
  facet normal 0 -0.751845 -0.65934
    outer loop
      vertex 30.8547 2.82843 -7.17157
      vertex 77.1 3.17341 -7.56495
      vertex 77.1 2.82843 -7.17157
    endloop
  endfacet
  facet normal -0 0.321469 0.94692
    outer loop
      vertex 30.9661 -1.03528 -13.8637
      vertex 77.1 -1.53073 -13.6955
      vertex 77.1 -1.03528 -13.8637
    endloop
  endfacet
  facet normal 0 0.321469 0.94692
    outer loop
      vertex 77.1 -1.53073 -13.6955
      vertex 30.9661 -1.03528 -13.8637
      vertex 30.9499 -1.53073 -13.6955
    endloop
  endfacet
  facet normal 0 -0.751861 0.659321
    outer loop
      vertex 30.8547 2.82843 -12.8284
      vertex 77.1 3.17341 -12.435
      vertex 30.8208 3.17341 -12.435
    endloop
  endfacet
  facet normal 0 -0.751861 0.659321
    outer loop
      vertex 77.1 3.17341 -12.435
      vertex 30.8547 2.82843 -12.8284
      vertex 77.1 2.82843 -12.8284
    endloop
  endfacet
  facet normal -0 -0.980784 -0.195098
    outer loop
      vertex 77.1 3.96578 -9.47789
      vertex 30.7528 3.8637 -8.96472
      vertex 30.7427 3.96578 -9.47789
    endloop
  endfacet
  facet normal 0 -0.980784 -0.195098
    outer loop
      vertex 30.7528 3.8637 -8.96472
      vertex 77.1 3.96578 -9.47789
      vertex 77.1 3.8637 -8.96472
    endloop
  endfacet
  facet normal -0 -0.896871 -0.442291
    outer loop
      vertex 77.1 3.69552 -8.46927
      vertex 30.7921 3.4641 -8
      vertex 30.7693 3.69552 -8.46927
    endloop
  endfacet
  facet normal 0 -0.896871 -0.442291
    outer loop
      vertex 30.7921 3.4641 -8
      vertex 77.1 3.69552 -8.46927
      vertex 77.1 3.4641 -8
    endloop
  endfacet
  facet normal 0 0.946932 -0.321435
    outer loop
      vertex 77.1 -3.8637 -8.96472
      vertex 30.7693 -3.69552 -8.46927
      vertex 77.1 -3.69552 -8.46927
    endloop
  endfacet
  facet normal 0 0.946932 -0.321435
    outer loop
      vertex 30.7693 -3.69552 -8.46927
      vertex 77.1 -3.8637 -8.96472
      vertex 30.7528 -3.8637 -8.96472
    endloop
  endfacet
  facet normal -0 0.555582 0.831462
    outer loop
      vertex 30.9345 -2 -13.4641
      vertex 77.1 -2.43505 -13.1734
      vertex 77.1 -2 -13.4641
    endloop
  endfacet
  facet normal 6.98303e-06 0.556094 0.831119
    outer loop
      vertex 30.9336 -2.0275 -13.4457
      vertex 77.1 -2.43505 -13.1734
      vertex 30.9345 -2 -13.4641
    endloop
  endfacet
  facet normal 0 0.555547 0.831485
    outer loop
      vertex 77.1 -2.43505 -13.1734
      vertex 30.9336 -2.0275 -13.4457
      vertex 30.8935 -2.43505 -13.1734
    endloop
  endfacet
  facet normal 0 0.980784 -0.195098
    outer loop
      vertex 77.1 -3.96578 -9.47789
      vertex 30.7528 -3.8637 -8.96472
      vertex 77.1 -3.8637 -8.96472
    endloop
  endfacet
  facet normal 0 0.980784 -0.195098
    outer loop
      vertex 30.7528 -3.8637 -8.96472
      vertex 77.1 -3.96578 -9.47789
      vertex 30.7427 -3.96578 -9.47789
    endloop
  endfacet
  facet normal -0 0.980786 0.195087
    outer loop
      vertex 30.7528 -3.8637 -11.0353
      vertex 77.1 -3.96578 -10.5221
      vertex 77.1 -3.8637 -11.0353
    endloop
  endfacet
  facet normal 0 0.980786 0.195087
    outer loop
      vertex 77.1 -3.96578 -10.5221
      vertex 30.7528 -3.8637 -11.0353
      vertex 30.7427 -3.96578 -10.5221
    endloop
  endfacet
  facet normal -0 0.195133 0.980777
    outer loop
      vertex 30.9829 -0.522104 -13.9658
      vertex 77.1 -1.03528 -13.8637
      vertex 77.1 -0.522104 -13.9658
    endloop
  endfacet
  facet normal 0 0.195133 0.980777
    outer loop
      vertex 77.1 -1.03528 -13.8637
      vertex 30.9829 -0.522104 -13.9658
      vertex 30.9661 -1.03528 -13.8637
    endloop
  endfacet
  facet normal -0 0.831441 0.555613
    outer loop
      vertex 30.8208 -3.17341 -12.435
      vertex 77.1 -3.4641 -12
      vertex 77.1 -3.17341 -12.435
    endloop
  endfacet
  facet normal 0 0.831441 0.555613
    outer loop
      vertex 77.1 -3.4641 -12
      vertex 30.8208 -3.17341 -12.435
      vertex 30.7921 -3.4641 -12
    endloop
  endfacet
  facet normal 0 -0.831441 0.555613
    outer loop
      vertex 30.8208 3.17341 -12.435
      vertex 77.1 3.4641 -12
      vertex 30.7921 3.4641 -12
    endloop
  endfacet
  facet normal 0 -0.831441 0.555613
    outer loop
      vertex 77.1 3.4641 -12
      vertex 30.8208 3.17341 -12.435
      vertex 77.1 3.17341 -12.435
    endloop
  endfacet
  facet normal -0 0.44226 0.896887
    outer loop
      vertex 30.9499 -1.53073 -13.6955
      vertex 77.1 -2 -13.4641
      vertex 77.1 -1.53073 -13.6955
    endloop
  endfacet
  facet normal 0 0.44226 0.896887
    outer loop
      vertex 77.1 -2 -13.4641
      vertex 30.9499 -1.53073 -13.6955
      vertex 30.9345 -2 -13.4641
    endloop
  endfacet
  facet normal -0 -0.831471 -0.555569
    outer loop
      vertex 77.1 3.4641 -8
      vertex 30.8208 3.17341 -7.56495
      vertex 30.7921 3.4641 -8
    endloop
  endfacet
  facet normal 0 -0.831471 -0.555569
    outer loop
      vertex 30.8208 3.17341 -7.56495
      vertex 77.1 3.4641 -8
      vertex 77.1 3.17341 -7.56495
    endloop
  endfacet
  facet normal 0 -0.997859 0.0654027
    outer loop
      vertex 30.7427 3.96578 -10.5221
      vertex 77.1 4 -10
      vertex 30.7394 4 -10
    endloop
  endfacet
  facet normal 0 -0.997859 0.0654027
    outer loop
      vertex 77.1 4 -10
      vertex 30.7427 3.96578 -10.5221
      vertex 77.1 3.96578 -10.5221
    endloop
  endfacet
  facet normal 0 -0.195096 -0.980784
    outer loop
      vertex 30.9829 0.522104 -6.03422
      vertex 77.1 1.03528 -6.1363
      vertex 77.1 0.522104 -6.03422
    endloop
  endfacet
  facet normal -0 -0.195096 -0.980784
    outer loop
      vertex 77.1 1.03528 -6.1363
      vertex 30.9829 0.522104 -6.03422
      vertex 30.9661 1.03528 -6.1363
    endloop
  endfacet
  facet normal 0 -0.659362 0.751826
    outer loop
      vertex 77.1 2.82843 -12.8284
      vertex 30.8935 2.43505 -13.1734
      vertex 77.1 2.43505 -13.1734
    endloop
  endfacet
  facet normal 0 -0.659362 0.751826
    outer loop
      vertex 30.8935 2.43505 -13.1734
      vertex 77.1 2.82843 -12.8284
      vertex 30.8547 2.82843 -12.8284
    endloop
  endfacet
  facet normal 0 -0.0654022 -0.997859
    outer loop
      vertex 31 0 -6
      vertex 77.1 0.522104 -6.03422
      vertex 77.1 0 -6
    endloop
  endfacet
  facet normal -0 -0.0654022 -0.997859
    outer loop
      vertex 77.1 0.522104 -6.03422
      vertex 31 0 -6
      vertex 30.9829 0.522104 -6.03422
    endloop
  endfacet
  facet normal 0 -0.997859 -0.0654014
    outer loop
      vertex 30.7394 4 -10
      vertex 77.1 3.96578 -9.47789
      vertex 30.7427 3.96578 -9.47789
    endloop
  endfacet
  facet normal 0 -0.997859 -0.0654014
    outer loop
      vertex 77.1 3.96578 -9.47789
      vertex 30.7394 4 -10
      vertex 77.1 4 -10
    endloop
  endfacet
  facet normal 0 -0.195133 0.980777
    outer loop
      vertex 77.1 1.03528 -13.8637
      vertex 30.9829 0.522104 -13.9658
      vertex 77.1 0.522104 -13.9658
    endloop
  endfacet
  facet normal 0 -0.195133 0.980777
    outer loop
      vertex 30.9829 0.522104 -13.9658
      vertex 77.1 1.03528 -13.8637
      vertex 30.9661 1.03528 -13.8637
    endloop
  endfacet
  facet normal -0 0.0653641 0.997861
    outer loop
      vertex 31 0 -14
      vertex 77.1 -0.522104 -13.9658
      vertex 77.1 0 -14
    endloop
  endfacet
  facet normal 0 0.0653641 0.997861
    outer loop
      vertex 77.1 -0.522104 -13.9658
      vertex 31 0 -14
      vertex 30.9829 -0.522104 -13.9658
    endloop
  endfacet
  facet normal 0 -0.442291 -0.896871
    outer loop
      vertex 30.9499 1.53073 -6.30448
      vertex 77.1 2 -6.5359
      vertex 77.1 1.53073 -6.30448
    endloop
  endfacet
  facet normal -0 -0.442291 -0.896871
    outer loop
      vertex 77.1 2 -6.5359
      vertex 30.9499 1.53073 -6.30448
      vertex 30.9345 2 -6.5359
    endloop
  endfacet
  facet normal 0 0.997859 -0.0654014
    outer loop
      vertex 77.1 -4 -10
      vertex 30.7427 -3.96578 -9.47789
      vertex 77.1 -3.96578 -9.47789
    endloop
  endfacet
  facet normal 0 0.997859 -0.0654014
    outer loop
      vertex 30.7427 -3.96578 -9.47789
      vertex 77.1 -4 -10
      vertex 30.7394 -4 -10
    endloop
  endfacet
  facet normal 0 -0.321435 -0.946932
    outer loop
      vertex 30.9661 1.03528 -6.1363
      vertex 77.1 1.53073 -6.30448
      vertex 77.1 1.03528 -6.1363
    endloop
  endfacet
  facet normal -0 -0.321435 -0.946932
    outer loop
      vertex 77.1 1.53073 -6.30448
      vertex 30.9661 1.03528 -6.1363
      vertex 30.9499 1.53073 -6.30448
    endloop
  endfacet
  facet normal 0 0.555569 -0.831471
    outer loop
      vertex 77.1 -2.43505 -6.82659
      vertex 30.9345 -2 -6.5359
      vertex 77.1 -2 -6.5359
    endloop
  endfacet
  facet normal -1.3793e-06 0.555468 -0.831538
    outer loop
      vertex 77.1 -2.43505 -6.82659
      vertex 30.9336 -2.0275 -6.55427
      vertex 30.9345 -2 -6.5359
    endloop
  endfacet
  facet normal 0 0.555576 -0.831466
    outer loop
      vertex 30.9336 -2.0275 -6.55427
      vertex 77.1 -2.43505 -6.82659
      vertex 30.8935 -2.43505 -6.82659
    endloop
  endfacet
  facet normal 0 -0.65934 -0.751845
    outer loop
      vertex 30.8935 2.43505 -6.82659
      vertex 77.1 2.82843 -7.17157
      vertex 77.1 2.43505 -6.82659
    endloop
  endfacet
  facet normal -0 -0.65934 -0.751845
    outer loop
      vertex 77.1 2.82843 -7.17157
      vertex 30.8935 2.43505 -6.82659
      vertex 30.8547 2.82843 -7.17157
    endloop
  endfacet
  facet normal 0 0.195096 -0.980784
    outer loop
      vertex 77.1 -1.03528 -6.1363
      vertex 30.9829 -0.522104 -6.03422
      vertex 77.1 -0.522104 -6.03422
    endloop
  endfacet
  facet normal 0 0.195096 -0.980784
    outer loop
      vertex 30.9829 -0.522104 -6.03422
      vertex 77.1 -1.03528 -6.1363
      vertex 30.9661 -1.03528 -6.1363
    endloop
  endfacet
  facet normal 0 -0.980786 0.195087
    outer loop
      vertex 30.7528 3.8637 -11.0353
      vertex 77.1 3.96578 -10.5221
      vertex 30.7427 3.96578 -10.5221
    endloop
  endfacet
  facet normal 0 -0.980786 0.195087
    outer loop
      vertex 77.1 3.96578 -10.5221
      vertex 30.7528 3.8637 -11.0353
      vertex 77.1 3.8637 -11.0353
    endloop
  endfacet
  facet normal 0 0.65934 -0.751845
    outer loop
      vertex 77.1 -2.82843 -7.17157
      vertex 30.8935 -2.43505 -6.82659
      vertex 77.1 -2.43505 -6.82659
    endloop
  endfacet
  facet normal 0 0.65934 -0.751845
    outer loop
      vertex 30.8935 -2.43505 -6.82659
      vertex 77.1 -2.82843 -7.17157
      vertex 30.8547 -2.82843 -7.17157
    endloop
  endfacet
  facet normal 0 0.997859 0.0654027
    outer loop
      vertex 77.1 -3.96578 -10.5221
      vertex 30.7394 -4 -10
      vertex 77.1 -4 -10
    endloop
  endfacet
  facet normal 0 0.997859 0.0654027
    outer loop
      vertex 30.7394 -4 -10
      vertex 77.1 -3.96578 -10.5221
      vertex 30.7427 -3.96578 -10.5221
    endloop
  endfacet
  facet normal 0 0.831471 -0.555569
    outer loop
      vertex 77.1 -3.4641 -8
      vertex 30.8208 -3.17341 -7.56495
      vertex 77.1 -3.17341 -7.56495
    endloop
  endfacet
  facet normal 0 0.831471 -0.555569
    outer loop
      vertex 30.8208 -3.17341 -7.56495
      vertex 77.1 -3.4641 -8
      vertex 30.7921 -3.4641 -8
    endloop
  endfacet
  facet normal 0 -0.555569 -0.831471
    outer loop
      vertex 30.9345 2 -6.5359
      vertex 77.1 2.43505 -6.82659
      vertex 77.1 2 -6.5359
    endloop
  endfacet
  facet normal -1.3793e-06 -0.555468 -0.831538
    outer loop
      vertex 30.9336 2.0275 -6.55427
      vertex 77.1 2.43505 -6.82659
      vertex 30.9345 2 -6.5359
    endloop
  endfacet
  facet normal -0 -0.555576 -0.831466
    outer loop
      vertex 77.1 2.43505 -6.82659
      vertex 30.9336 2.0275 -6.55427
      vertex 30.8935 2.43505 -6.82659
    endloop
  endfacet
  facet normal 0 0.0654022 -0.997859
    outer loop
      vertex 77.1 -0.522104 -6.03422
      vertex 31 0 -6
      vertex 77.1 0 -6
    endloop
  endfacet
  facet normal 0 0.0654022 -0.997859
    outer loop
      vertex 31 0 -6
      vertex 77.1 -0.522104 -6.03422
      vertex 30.9829 -0.522104 -6.03422
    endloop
  endfacet
  facet normal 0 0.896871 -0.442291
    outer loop
      vertex 77.1 -3.69552 -8.46927
      vertex 30.7921 -3.4641 -8
      vertex 77.1 -3.4641 -8
    endloop
  endfacet
  facet normal 0 0.896871 -0.442291
    outer loop
      vertex 30.7921 -3.4641 -8
      vertex 77.1 -3.69552 -8.46927
      vertex 30.7693 -3.69552 -8.46927
    endloop
  endfacet
  facet normal -0 0.751861 0.659321
    outer loop
      vertex 30.8547 -2.82843 -12.8284
      vertex 77.1 -3.17341 -12.435
      vertex 77.1 -2.82843 -12.8284
    endloop
  endfacet
  facet normal 0 0.751861 0.659321
    outer loop
      vertex 77.1 -3.17341 -12.435
      vertex 30.8547 -2.82843 -12.8284
      vertex 30.8208 -3.17341 -12.435
    endloop
  endfacet
  facet normal 0.995185 0.098016 0
    outer loop
      vertex 4.98929 0.327015 13.99
      vertex 4.95722 0.652631 -17
      vertex 4.95722 0.652631 13.99
    endloop
  endfacet
  facet normal 0.995185 0.098016 0
    outer loop
      vertex 4.95722 0.652631 -17
      vertex 4.98929 0.327015 13.99
      vertex 4.98929 0.327015 -17
    endloop
  endfacet
  facet normal 0.999464 0.0327332 0
    outer loop
      vertex 5 0 13.99
      vertex 4.98929 0.327015 -17
      vertex 4.98929 0.327015 13.99
    endloop
  endfacet
  facet normal 0.999464 0.0327332 0
    outer loop
      vertex 4.98929 0.327015 -17
      vertex 5 0 13.99
      vertex 5 0 -17
    endloop
  endfacet
  facet normal 0.227081 -0.973876 0
    outer loop
      vertex 0.975451 -4.90393 -17
      vertex 1.2941 -4.82963 13.99
      vertex 0.975451 -4.90393 13.99
    endloop
  endfacet
  facet normal 0.227081 -0.973876 0
    outer loop
      vertex 1.2941 -4.82963 13.99
      vertex 0.975451 -4.90393 -17
      vertex 1.2941 -4.82963 -17
    endloop
  endfacet
  facet normal -0.6344 0.773005 0
    outer loop
      vertex -3.04381 3.96677 -17
      vertex -3.29673 3.7592 13.99
      vertex -3.04381 3.96677 13.99
    endloop
  endfacet
  facet normal -0.6344 0.773005 0
    outer loop
      vertex -3.29673 3.7592 13.99
      vertex -3.04381 3.96677 -17
      vertex -3.29673 3.7592 -17
    endloop
  endfacet
  facet normal 0.528072 -0.8492 0
    outer loop
      vertex 2.5 -4.33013 -17
      vertex 2.77785 -4.15735 13.99
      vertex 2.5 -4.33013 13.99
    endloop
  endfacet
  facet normal 0.528072 -0.8492 0
    outer loop
      vertex 2.77785 -4.15735 13.99
      vertex 2.5 -4.33013 -17
      vertex 2.77785 -4.15735 -17
    endloop
  endfacet
  facet normal 0.935909 -0.352242 0
    outer loop
      vertex 4.6194 -1.91342 13.99
      vertex 4.73465 -1.6072 -17
      vertex 4.73465 -1.6072 13.99
    endloop
  endfacet
  facet normal 0.935909 -0.352242 0
    outer loop
      vertex 4.73465 -1.6072 -17
      vertex 4.6194 -1.91342 13.99
      vertex 4.6194 -1.91342 -17
    endloop
  endfacet
  facet normal 0.0327332 0.999464 -0
    outer loop
      vertex 0.327015 4.98929 -17
      vertex 0 5 13.99
      vertex 0.327015 4.98929 13.99
    endloop
  endfacet
  facet normal 0.0327332 0.999464 0
    outer loop
      vertex 0 5 13.99
      vertex 0.327015 4.98929 -17
      vertex 0 5 -17
    endloop
  endfacet
  facet normal -0.812853 0.582469 0
    outer loop
      vertex -4.15735 2.77785 -17
      vertex -3.96677 3.04381 13.99
      vertex -3.96677 3.04381 -17
    endloop
  endfacet
  facet normal -0.812853 0.582469 0
    outer loop
      vertex -3.96677 3.04381 13.99
      vertex -4.15735 2.77785 -17
      vertex -4.15735 2.77785 13.99
    endloop
  endfacet
  facet normal -0.910854 -0.41273 0
    outer loop
      vertex -4.48436 -2.21144 -17
      vertex -4.6194 -1.91342 13.99
      vertex -4.6194 -1.91342 -17
    endloop
  endfacet
  facet normal -0.910854 -0.41273 0
    outer loop
      vertex -4.6194 -1.91342 13.99
      vertex -4.48436 -2.21144 -17
      vertex -4.48436 -2.21144 13.99
    endloop
  endfacet
  facet normal 0.6344 0.773005 -0
    outer loop
      vertex 3.29673 3.7592 -17
      vertex 3.04381 3.96677 13.99
      vertex 3.29673 3.7592 13.99
    endloop
  endfacet
  facet normal 0.6344 0.773005 0
    outer loop
      vertex 3.04381 3.96677 13.99
      vertex 3.29673 3.7592 -17
      vertex 3.04381 3.96677 -17
    endloop
  endfacet
  facet normal 0.162872 -0.986647 0
    outer loop
      vertex 0.652631 -4.95722 -17
      vertex 0.975451 -4.90393 13.99
      vertex 0.652631 -4.95722 13.99
    endloop
  endfacet
  facet normal 0.162872 -0.986647 0
    outer loop
      vertex 0.975451 -4.90393 13.99
      vertex 0.652631 -4.95722 -17
      vertex 0.975451 -4.90393 -17
    endloop
  endfacet
  facet normal 0.973876 0.227081 0
    outer loop
      vertex 4.90393 0.975451 13.99
      vertex 4.82963 1.2941 -17
      vertex 4.82963 1.2941 13.99
    endloop
  endfacet
  facet normal 0.973876 0.227081 0
    outer loop
      vertex 4.82963 1.2941 -17
      vertex 4.90393 0.975451 13.99
      vertex 4.90393 0.975451 -17
    endloop
  endfacet
  facet normal 0.935909 0.352242 0
    outer loop
      vertex 4.73465 1.6072 13.99
      vertex 4.6194 1.91342 -17
      vertex 4.6194 1.91342 13.99
    endloop
  endfacet
  facet normal 0.935909 0.352242 0
    outer loop
      vertex 4.6194 1.91342 -17
      vertex 4.73465 1.6072 13.99
      vertex 4.73465 1.6072 -17
    endloop
  endfacet
  facet normal 0.6344 -0.773005 0
    outer loop
      vertex 3.04381 -3.96677 -17
      vertex 3.29673 -3.7592 13.99
      vertex 3.04381 -3.96677 13.99
    endloop
  endfacet
  facet normal 0.6344 -0.773005 0
    outer loop
      vertex 3.29673 -3.7592 13.99
      vertex 3.04381 -3.96677 -17
      vertex 3.29673 -3.7592 -17
    endloop
  endfacet
  facet normal -0.352242 0.935909 0
    outer loop
      vertex -1.6072 4.73465 -17
      vertex -1.91342 4.6194 13.99
      vertex -1.6072 4.73465 13.99
    endloop
  endfacet
  facet normal -0.352242 0.935909 0
    outer loop
      vertex -1.91342 4.6194 13.99
      vertex -1.6072 4.73465 -17
      vertex -1.91342 4.6194 -17
    endloop
  endfacet
  facet normal 0.812853 -0.582469 0
    outer loop
      vertex 3.96677 -3.04381 13.99
      vertex 4.15735 -2.77785 -17
      vertex 4.15735 -2.77785 13.99
    endloop
  endfacet
  facet normal 0.812853 -0.582469 0
    outer loop
      vertex 4.15735 -2.77785 -17
      vertex 3.96677 -3.04381 13.99
      vertex 3.96677 -3.04381 -17
    endloop
  endfacet
  facet normal -0.773005 -0.6344 0
    outer loop
      vertex -3.7592 -3.29673 -17
      vertex -3.96677 -3.04381 13.99
      vertex -3.96677 -3.04381 -17
    endloop
  endfacet
  facet normal -0.773005 -0.6344 0
    outer loop
      vertex -3.96677 -3.04381 13.99
      vertex -3.7592 -3.29673 -17
      vertex -3.7592 -3.29673 13.99
    endloop
  endfacet
  facet normal 0.582469 0.812853 -0
    outer loop
      vertex 3.04381 3.96677 -17
      vertex 2.77785 4.15735 13.99
      vertex 3.04381 3.96677 13.99
    endloop
  endfacet
  facet normal 0.582469 0.812853 0
    outer loop
      vertex 2.77785 4.15735 13.99
      vertex 3.04381 3.96677 -17
      vertex 2.77785 4.15735 -17
    endloop
  endfacet
  facet normal -0.8492 -0.528072 0
    outer loop
      vertex -4.15735 -2.77785 -17
      vertex -4.33013 -2.5 13.99
      vertex -4.33013 -2.5 -17
    endloop
  endfacet
  facet normal -0.8492 -0.528072 0
    outer loop
      vertex -4.33013 -2.5 13.99
      vertex -4.15735 -2.77785 -17
      vertex -4.15735 -2.77785 13.99
    endloop
  endfacet
  facet normal -0.098016 -0.995185 0
    outer loop
      vertex -0.652631 -4.95722 -17
      vertex -0.327015 -4.98929 13.99
      vertex -0.652631 -4.95722 13.99
    endloop
  endfacet
  facet normal -0.098016 -0.995185 -0
    outer loop
      vertex -0.327015 -4.98929 13.99
      vertex -0.652631 -4.95722 -17
      vertex -0.327015 -4.98929 -17
    endloop
  endfacet
  facet normal -0.935909 -0.352242 0
    outer loop
      vertex -4.6194 -1.91342 -17
      vertex -4.73465 -1.6072 13.99
      vertex -4.73465 -1.6072 -17
    endloop
  endfacet
  facet normal -0.935909 -0.352242 0
    outer loop
      vertex -4.73465 -1.6072 13.99
      vertex -4.6194 -1.91342 -17
      vertex -4.6194 -1.91342 13.99
    endloop
  endfacet
  facet normal -0.956939 -0.290291 0
    outer loop
      vertex -4.73465 -1.6072 -17
      vertex -4.82963 -1.2941 13.99
      vertex -4.82963 -1.2941 -17
    endloop
  endfacet
  facet normal -0.956939 -0.290291 0
    outer loop
      vertex -4.82963 -1.2941 13.99
      vertex -4.73465 -1.6072 -17
      vertex -4.73465 -1.6072 13.99
    endloop
  endfacet
  facet normal -0.162872 -0.986647 0
    outer loop
      vertex -0.975451 -4.90393 -17
      vertex -0.652631 -4.95722 13.99
      vertex -0.975451 -4.90393 13.99
    endloop
  endfacet
  facet normal -0.162872 -0.986647 -0
    outer loop
      vertex -0.652631 -4.95722 13.99
      vertex -0.975451 -4.90393 -17
      vertex -0.652631 -4.95722 -17
    endloop
  endfacet
  facet normal 0.986647 0.162872 0
    outer loop
      vertex 4.95722 0.652631 13.99
      vertex 4.90393 0.975451 -17
      vertex 4.90393 0.975451 13.99
    endloop
  endfacet
  facet normal 0.986647 0.162872 0
    outer loop
      vertex 4.90393 0.975451 -17
      vertex 4.95722 0.652631 13.99
      vertex 4.95722 0.652631 -17
    endloop
  endfacet
  facet normal 0.41273 0.910854 -0
    outer loop
      vertex 2.21144 4.48436 -17
      vertex 1.91342 4.6194 13.99
      vertex 2.21144 4.48436 13.99
    endloop
  endfacet
  facet normal 0.41273 0.910854 0
    outer loop
      vertex 1.91342 4.6194 13.99
      vertex 2.21144 4.48436 -17
      vertex 1.91342 4.6194 -17
    endloop
  endfacet
  facet normal 0.41273 -0.910854 0
    outer loop
      vertex 1.91342 -4.6194 -17
      vertex 2.21144 -4.48436 13.99
      vertex 1.91342 -4.6194 13.99
    endloop
  endfacet
  facet normal 0.41273 -0.910854 0
    outer loop
      vertex 2.21144 -4.48436 13.99
      vertex 1.91342 -4.6194 -17
      vertex 2.21144 -4.48436 -17
    endloop
  endfacet
  facet normal -0.290291 0.956939 0
    outer loop
      vertex -1.2941 4.82963 -17
      vertex -1.6072 4.73465 13.99
      vertex -1.2941 4.82963 13.99
    endloop
  endfacet
  facet normal -0.290291 0.956939 0
    outer loop
      vertex -1.6072 4.73465 13.99
      vertex -1.2941 4.82963 -17
      vertex -1.6072 4.73465 -17
    endloop
  endfacet
  facet normal 0.72985 0.683608 0
    outer loop
      vertex 3.7592 3.29673 13.99
      vertex 3.53553 3.53553 -17
      vertex 3.53553 3.53553 13.99
    endloop
  endfacet
  facet normal 0.72985 0.683608 0
    outer loop
      vertex 3.53553 3.53553 -17
      vertex 3.7592 3.29673 13.99
      vertex 3.7592 3.29673 -17
    endloop
  endfacet
  facet normal 0.528072 0.8492 -0
    outer loop
      vertex 2.77785 4.15735 -17
      vertex 2.5 4.33013 13.99
      vertex 2.77785 4.15735 13.99
    endloop
  endfacet
  facet normal 0.528072 0.8492 0
    outer loop
      vertex 2.5 4.33013 13.99
      vertex 2.77785 4.15735 -17
      vertex 2.5 4.33013 -17
    endloop
  endfacet
  facet normal -0.910854 0.41273 0
    outer loop
      vertex -4.6194 1.91342 -17
      vertex -4.48436 2.21144 13.99
      vertex -4.48436 2.21144 -17
    endloop
  endfacet
  facet normal -0.910854 0.41273 0
    outer loop
      vertex -4.48436 2.21144 13.99
      vertex -4.6194 1.91342 -17
      vertex -4.6194 1.91342 13.99
    endloop
  endfacet
  facet normal 0.956939 -0.290291 0
    outer loop
      vertex 4.73465 -1.6072 13.99
      vertex 4.82963 -1.2941 -17
      vertex 4.82963 -1.2941 13.99
    endloop
  endfacet
  facet normal 0.956939 -0.290291 0
    outer loop
      vertex 4.82963 -1.2941 -17
      vertex 4.73465 -1.6072 13.99
      vertex 4.73465 -1.6072 -17
    endloop
  endfacet
  facet normal -0.881932 -0.471376 0
    outer loop
      vertex -4.33013 -2.5 -17
      vertex -4.48436 -2.21144 13.99
      vertex -4.48436 -2.21144 -17
    endloop
  endfacet
  facet normal -0.881932 -0.471376 0
    outer loop
      vertex -4.48436 -2.21144 13.99
      vertex -4.33013 -2.5 -17
      vertex -4.33013 -2.5 13.99
    endloop
  endfacet
  facet normal -0.582469 -0.812853 0
    outer loop
      vertex -3.04381 -3.96677 -17
      vertex -2.77785 -4.15735 13.99
      vertex -3.04381 -3.96677 13.99
    endloop
  endfacet
  facet normal -0.582469 -0.812853 -0
    outer loop
      vertex -2.77785 -4.15735 13.99
      vertex -3.04381 -3.96677 -17
      vertex -2.77785 -4.15735 -17
    endloop
  endfacet
  facet normal -0.999464 -0.0327332 0
    outer loop
      vertex -4.98929 -0.327015 -17
      vertex -5 0 13.99
      vertex -5 0 -17
    endloop
  endfacet
  facet normal -0.999464 -0.0327332 0
    outer loop
      vertex -5 0 13.99
      vertex -4.98929 -0.327015 -17
      vertex -4.98929 -0.327015 13.99
    endloop
  endfacet
  facet normal -0.6344 -0.773005 0
    outer loop
      vertex -3.29673 -3.7592 -17
      vertex -3.04381 -3.96677 13.99
      vertex -3.29673 -3.7592 13.99
    endloop
  endfacet
  facet normal -0.6344 -0.773005 -0
    outer loop
      vertex -3.04381 -3.96677 13.99
      vertex -3.29673 -3.7592 -17
      vertex -3.04381 -3.96677 -17
    endloop
  endfacet
  facet normal -0.995185 0.098016 0
    outer loop
      vertex -4.98929 0.327015 -17
      vertex -4.95722 0.652631 13.99
      vertex -4.95722 0.652631 -17
    endloop
  endfacet
  facet normal -0.995185 0.098016 0
    outer loop
      vertex -4.95722 0.652631 13.99
      vertex -4.98929 0.327015 -17
      vertex -4.98929 0.327015 13.99
    endloop
  endfacet
  facet normal 0.0327332 -0.999464 0
    outer loop
      vertex 0 -5 -17
      vertex 0.327015 -4.98929 13.99
      vertex 0 -5 13.99
    endloop
  endfacet
  facet normal 0.0327332 -0.999464 0
    outer loop
      vertex 0.327015 -4.98929 13.99
      vertex 0 -5 -17
      vertex 0.327015 -4.98929 -17
    endloop
  endfacet
  facet normal -0.098016 0.995185 0
    outer loop
      vertex -0.327015 4.98929 -17
      vertex -0.652631 4.95722 13.99
      vertex -0.327015 4.98929 13.99
    endloop
  endfacet
  facet normal -0.098016 0.995185 0
    outer loop
      vertex -0.652631 4.95722 13.99
      vertex -0.327015 4.98929 -17
      vertex -0.652631 4.95722 -17
    endloop
  endfacet
  facet normal -0.973876 -0.227081 0
    outer loop
      vertex -4.82963 -1.2941 -17
      vertex -4.90393 -0.975451 13.99
      vertex -4.90393 -0.975451 -17
    endloop
  endfacet
  facet normal -0.973876 -0.227081 0
    outer loop
      vertex -4.90393 -0.975451 13.99
      vertex -4.82963 -1.2941 -17
      vertex -4.82963 -1.2941 13.99
    endloop
  endfacet
  facet normal 0.8492 0.528072 0
    outer loop
      vertex 4.33013 2.5 13.99
      vertex 4.15735 2.77785 -17
      vertex 4.15735 2.77785 13.99
    endloop
  endfacet
  facet normal 0.8492 0.528072 0
    outer loop
      vertex 4.15735 2.77785 -17
      vertex 4.33013 2.5 13.99
      vertex 4.33013 2.5 -17
    endloop
  endfacet
  facet normal -0.986647 0.162872 0
    outer loop
      vertex -4.95722 0.652631 -17
      vertex -4.90393 0.975451 13.99
      vertex -4.90393 0.975451 -17
    endloop
  endfacet
  facet normal -0.986647 0.162872 0
    outer loop
      vertex -4.90393 0.975451 13.99
      vertex -4.95722 0.652631 -17
      vertex -4.95722 0.652631 13.99
    endloop
  endfacet
  facet normal -0.162872 0.986647 0
    outer loop
      vertex -0.652631 4.95722 -17
      vertex -0.975451 4.90393 13.99
      vertex -0.652631 4.95722 13.99
    endloop
  endfacet
  facet normal -0.162872 0.986647 0
    outer loop
      vertex -0.975451 4.90393 13.99
      vertex -0.652631 4.95722 -17
      vertex -0.975451 4.90393 -17
    endloop
  endfacet
  facet normal 0.881932 -0.471376 0
    outer loop
      vertex 4.33013 -2.5 13.99
      vertex 4.48436 -2.21144 -17
      vertex 4.48436 -2.21144 13.99
    endloop
  endfacet
  facet normal 0.881932 -0.471376 0
    outer loop
      vertex 4.48436 -2.21144 -17
      vertex 4.33013 -2.5 13.99
      vertex 4.33013 -2.5 -17
    endloop
  endfacet
  facet normal 0.999464 -0.0327332 0
    outer loop
      vertex 4.98929 -0.327015 13.99
      vertex 5 0 -17
      vertex 5 0 13.99
    endloop
  endfacet
  facet normal 0.999464 -0.0327332 0
    outer loop
      vertex 5 0 -17
      vertex 4.98929 -0.327015 13.99
      vertex 4.98929 -0.327015 -17
    endloop
  endfacet
  facet normal 0.956939 0.290291 0
    outer loop
      vertex 4.82963 1.2941 13.99
      vertex 4.73465 1.6072 -17
      vertex 4.73465 1.6072 13.99
    endloop
  endfacet
  facet normal 0.956939 0.290291 0
    outer loop
      vertex 4.73465 1.6072 -17
      vertex 4.82963 1.2941 13.99
      vertex 4.82963 1.2941 -17
    endloop
  endfacet
  facet normal 0.910854 0.41273 0
    outer loop
      vertex 4.6194 1.91342 13.99
      vertex 4.48436 2.21144 -17
      vertex 4.48436 2.21144 13.99
    endloop
  endfacet
  facet normal 0.910854 0.41273 0
    outer loop
      vertex 4.48436 2.21144 -17
      vertex 4.6194 1.91342 13.99
      vertex 4.6194 1.91342 -17
    endloop
  endfacet
  facet normal 0.098016 0.995185 -0
    outer loop
      vertex 0.652631 4.95722 -17
      vertex 0.327015 4.98929 13.99
      vertex 0.652631 4.95722 13.99
    endloop
  endfacet
  facet normal 0.098016 0.995185 0
    outer loop
      vertex 0.327015 4.98929 13.99
      vertex 0.652631 4.95722 -17
      vertex 0.327015 4.98929 -17
    endloop
  endfacet
  facet normal 0.471376 0.881932 -0
    outer loop
      vertex 2.5 4.33013 -17
      vertex 2.21144 4.48436 13.99
      vertex 2.5 4.33013 13.99
    endloop
  endfacet
  facet normal 0.471376 0.881932 0
    outer loop
      vertex 2.21144 4.48436 13.99
      vertex 2.5 4.33013 -17
      vertex 2.21144 4.48436 -17
    endloop
  endfacet
  facet normal -0.582469 0.812853 0
    outer loop
      vertex -2.77785 4.15735 -17
      vertex -3.04381 3.96677 13.99
      vertex -2.77785 4.15735 13.99
    endloop
  endfacet
  facet normal -0.582469 0.812853 0
    outer loop
      vertex -3.04381 3.96677 13.99
      vertex -2.77785 4.15735 -17
      vertex -3.04381 3.96677 -17
    endloop
  endfacet
  facet normal 0.72985 -0.683608 0
    outer loop
      vertex 3.53553 -3.53553 13.99
      vertex 3.7592 -3.29673 -17
      vertex 3.7592 -3.29673 13.99
    endloop
  endfacet
  facet normal 0.72985 -0.683608 0
    outer loop
      vertex 3.7592 -3.29673 -17
      vertex 3.53553 -3.53553 13.99
      vertex 3.53553 -3.53553 -17
    endloop
  endfacet
  facet normal 0.683608 -0.72985 0
    outer loop
      vertex 3.29673 -3.7592 -17
      vertex 3.53553 -3.53553 13.99
      vertex 3.29673 -3.7592 13.99
    endloop
  endfacet
  facet normal 0.683608 -0.72985 0
    outer loop
      vertex 3.53553 -3.53553 13.99
      vertex 3.29673 -3.7592 -17
      vertex 3.53553 -3.53553 -17
    endloop
  endfacet
  facet normal -0.528072 0.8492 0
    outer loop
      vertex -2.5 4.33013 -17
      vertex -2.77785 4.15735 13.99
      vertex -2.5 4.33013 13.99
    endloop
  endfacet
  facet normal -0.528072 0.8492 0
    outer loop
      vertex -2.77785 4.15735 13.99
      vertex -2.5 4.33013 -17
      vertex -2.77785 4.15735 -17
    endloop
  endfacet
  facet normal -0.986647 -0.162872 0
    outer loop
      vertex -4.90393 -0.975451 -17
      vertex -4.95722 -0.652631 13.99
      vertex -4.95722 -0.652631 -17
    endloop
  endfacet
  facet normal -0.986647 -0.162872 0
    outer loop
      vertex -4.95722 -0.652631 13.99
      vertex -4.90393 -0.975451 -17
      vertex -4.90393 -0.975451 13.99
    endloop
  endfacet
  facet normal 0.881932 0.471376 0
    outer loop
      vertex 4.48436 2.21144 13.99
      vertex 4.33013 2.5 -17
      vertex 4.33013 2.5 13.99
    endloop
  endfacet
  facet normal 0.881932 0.471376 0
    outer loop
      vertex 4.33013 2.5 -17
      vertex 4.48436 2.21144 13.99
      vertex 4.48436 2.21144 -17
    endloop
  endfacet
  facet normal -0.935909 0.352242 0
    outer loop
      vertex -4.73465 1.6072 -17
      vertex -4.6194 1.91342 13.99
      vertex -4.6194 1.91342 -17
    endloop
  endfacet
  facet normal -0.935909 0.352242 0
    outer loop
      vertex -4.6194 1.91342 13.99
      vertex -4.73465 1.6072 -17
      vertex -4.73465 1.6072 13.99
    endloop
  endfacet
  facet normal 0.162872 0.986647 -0
    outer loop
      vertex 0.975451 4.90393 -17
      vertex 0.652631 4.95722 13.99
      vertex 0.975451 4.90393 13.99
    endloop
  endfacet
  facet normal 0.162872 0.986647 0
    outer loop
      vertex 0.652631 4.95722 13.99
      vertex 0.975451 4.90393 -17
      vertex 0.652631 4.95722 -17
    endloop
  endfacet
  facet normal -0.290291 -0.956939 0
    outer loop
      vertex -1.6072 -4.73465 -17
      vertex -1.2941 -4.82963 13.99
      vertex -1.6072 -4.73465 13.99
    endloop
  endfacet
  facet normal -0.290291 -0.956939 -0
    outer loop
      vertex -1.2941 -4.82963 13.99
      vertex -1.6072 -4.73465 -17
      vertex -1.2941 -4.82963 -17
    endloop
  endfacet
  facet normal 0.352242 -0.935909 0
    outer loop
      vertex 1.6072 -4.73465 -17
      vertex 1.91342 -4.6194 13.99
      vertex 1.6072 -4.73465 13.99
    endloop
  endfacet
  facet normal 0.352242 -0.935909 0
    outer loop
      vertex 1.91342 -4.6194 13.99
      vertex 1.6072 -4.73465 -17
      vertex 1.91342 -4.6194 -17
    endloop
  endfacet
  facet normal 0.290291 -0.956939 0
    outer loop
      vertex 1.2941 -4.82963 -17
      vertex 1.6072 -4.73465 13.99
      vertex 1.2941 -4.82963 13.99
    endloop
  endfacet
  facet normal 0.290291 -0.956939 0
    outer loop
      vertex 1.6072 -4.73465 13.99
      vertex 1.2941 -4.82963 -17
      vertex 1.6072 -4.73465 -17
    endloop
  endfacet
  facet normal 0.773005 -0.6344 0
    outer loop
      vertex 3.7592 -3.29673 13.99
      vertex 3.96677 -3.04381 -17
      vertex 3.96677 -3.04381 13.99
    endloop
  endfacet
  facet normal 0.773005 -0.6344 0
    outer loop
      vertex 3.96677 -3.04381 -17
      vertex 3.7592 -3.29673 13.99
      vertex 3.7592 -3.29673 -17
    endloop
  endfacet
  facet normal 0.352242 0.935909 -0
    outer loop
      vertex 1.91342 4.6194 -17
      vertex 1.6072 4.73465 13.99
      vertex 1.91342 4.6194 13.99
    endloop
  endfacet
  facet normal 0.352242 0.935909 0
    outer loop
      vertex 1.6072 4.73465 13.99
      vertex 1.91342 4.6194 -17
      vertex 1.6072 4.73465 -17
    endloop
  endfacet
  facet normal 0.471376 -0.881932 0
    outer loop
      vertex 2.21144 -4.48436 -17
      vertex 2.5 -4.33013 13.99
      vertex 2.21144 -4.48436 13.99
    endloop
  endfacet
  facet normal 0.471376 -0.881932 0
    outer loop
      vertex 2.5 -4.33013 13.99
      vertex 2.21144 -4.48436 -17
      vertex 2.5 -4.33013 -17
    endloop
  endfacet
  facet normal -0.812853 -0.582469 0
    outer loop
      vertex -3.96677 -3.04381 -17
      vertex -4.15735 -2.77785 13.99
      vertex -4.15735 -2.77785 -17
    endloop
  endfacet
  facet normal -0.812853 -0.582469 0
    outer loop
      vertex -4.15735 -2.77785 13.99
      vertex -3.96677 -3.04381 -17
      vertex -3.96677 -3.04381 13.99
    endloop
  endfacet
  facet normal 0.098016 -0.995185 0
    outer loop
      vertex 0.327015 -4.98929 -17
      vertex 0.652631 -4.95722 13.99
      vertex 0.327015 -4.98929 13.99
    endloop
  endfacet
  facet normal 0.098016 -0.995185 0
    outer loop
      vertex 0.652631 -4.95722 13.99
      vertex 0.327015 -4.98929 -17
      vertex 0.652631 -4.95722 -17
    endloop
  endfacet
  facet normal 0.683608 0.72985 -0
    outer loop
      vertex 3.53553 3.53553 -17
      vertex 3.29673 3.7592 13.99
      vertex 3.53553 3.53553 13.99
    endloop
  endfacet
  facet normal 0.683608 0.72985 0
    outer loop
      vertex 3.29673 3.7592 13.99
      vertex 3.53553 3.53553 -17
      vertex 3.29673 3.7592 -17
    endloop
  endfacet
  facet normal 0.973876 -0.227081 0
    outer loop
      vertex 4.82963 -1.2941 13.99
      vertex 4.90393 -0.975451 -17
      vertex 4.90393 -0.975451 13.99
    endloop
  endfacet
  facet normal 0.973876 -0.227081 0
    outer loop
      vertex 4.90393 -0.975451 -17
      vertex 4.82963 -1.2941 13.99
      vertex 4.82963 -1.2941 -17
    endloop
  endfacet
  facet normal 0.995185 -0.098016 0
    outer loop
      vertex 4.95722 -0.652631 13.99
      vertex 4.98929 -0.327015 -17
      vertex 4.98929 -0.327015 13.99
    endloop
  endfacet
  facet normal 0.995185 -0.098016 0
    outer loop
      vertex 4.98929 -0.327015 -17
      vertex 4.95722 -0.652631 13.99
      vertex 4.95722 -0.652631 -17
    endloop
  endfacet
  facet normal -0.881932 0.471376 0
    outer loop
      vertex -4.48436 2.21144 -17
      vertex -4.33013 2.5 13.99
      vertex -4.33013 2.5 -17
    endloop
  endfacet
  facet normal -0.881932 0.471376 0
    outer loop
      vertex -4.33013 2.5 13.99
      vertex -4.48436 2.21144 -17
      vertex -4.48436 2.21144 13.99
    endloop
  endfacet
  facet normal -0.41273 -0.910854 0
    outer loop
      vertex -2.21144 -4.48436 -17
      vertex -1.91342 -4.6194 13.99
      vertex -2.21144 -4.48436 13.99
    endloop
  endfacet
  facet normal -0.41273 -0.910854 -0
    outer loop
      vertex -1.91342 -4.6194 13.99
      vertex -2.21144 -4.48436 -17
      vertex -1.91342 -4.6194 -17
    endloop
  endfacet
  facet normal 0.812853 0.582469 0
    outer loop
      vertex 4.15735 2.77785 13.99
      vertex 3.96677 3.04381 -17
      vertex 3.96677 3.04381 13.99
    endloop
  endfacet
  facet normal 0.812853 0.582469 0
    outer loop
      vertex 3.96677 3.04381 -17
      vertex 4.15735 2.77785 13.99
      vertex 4.15735 2.77785 -17
    endloop
  endfacet
  facet normal -0.352242 -0.935909 0
    outer loop
      vertex -1.91342 -4.6194 -17
      vertex -1.6072 -4.73465 13.99
      vertex -1.91342 -4.6194 13.99
    endloop
  endfacet
  facet normal -0.352242 -0.935909 -0
    outer loop
      vertex -1.6072 -4.73465 13.99
      vertex -1.91342 -4.6194 -17
      vertex -1.6072 -4.73465 -17
    endloop
  endfacet
  facet normal -0.995185 -0.098016 0
    outer loop
      vertex -4.95722 -0.652631 -17
      vertex -4.98929 -0.327015 13.99
      vertex -4.98929 -0.327015 -17
    endloop
  endfacet
  facet normal -0.995185 -0.098016 0
    outer loop
      vertex -4.98929 -0.327015 13.99
      vertex -4.95722 -0.652631 -17
      vertex -4.95722 -0.652631 13.99
    endloop
  endfacet
  facet normal -0.72985 0.683608 0
    outer loop
      vertex -3.7592 3.29673 -17
      vertex -3.53553 3.53553 13.99
      vertex -3.53553 3.53553 -17
    endloop
  endfacet
  facet normal -0.72985 0.683608 0
    outer loop
      vertex -3.53553 3.53553 13.99
      vertex -3.7592 3.29673 -17
      vertex -3.7592 3.29673 13.99
    endloop
  endfacet
  facet normal 0 0 1
    outer loop
      vertex 4.98929 0.327015 13.99
      vertex 4.98929 -0.327015 13.99
      vertex 5 0 13.99
    endloop
  endfacet
  facet normal 0 0 1
    outer loop
      vertex 4.95722 0.652631 13.99
      vertex 4.98929 -0.327015 13.99
      vertex 4.98929 0.327015 13.99
    endloop
  endfacet
  facet normal 0 0 1
    outer loop
      vertex 4.95722 0.652631 13.99
      vertex 4.95722 -0.652631 13.99
      vertex 4.98929 -0.327015 13.99
    endloop
  endfacet
  facet normal 0 0 1
    outer loop
      vertex 4.90393 0.975451 13.99
      vertex 4.95722 -0.652631 13.99
      vertex 4.95722 0.652631 13.99
    endloop
  endfacet
  facet normal 0 0 1
    outer loop
      vertex 4.90393 0.975451 13.99
      vertex 4.90393 -0.975451 13.99
      vertex 4.95722 -0.652631 13.99
    endloop
  endfacet
  facet normal 0 0 1
    outer loop
      vertex 4.82963 1.2941 13.99
      vertex 4.90393 -0.975451 13.99
      vertex 4.90393 0.975451 13.99
    endloop
  endfacet
  facet normal 0 0 1
    outer loop
      vertex 4.82963 1.2941 13.99
      vertex 4.82963 -1.2941 13.99
      vertex 4.90393 -0.975451 13.99
    endloop
  endfacet
  facet normal 0 0 1
    outer loop
      vertex 4.73465 1.6072 13.99
      vertex 4.82963 -1.2941 13.99
      vertex 4.82963 1.2941 13.99
    endloop
  endfacet
  facet normal 0 0 1
    outer loop
      vertex 4.73465 1.6072 13.99
      vertex 4.73465 -1.6072 13.99
      vertex 4.82963 -1.2941 13.99
    endloop
  endfacet
  facet normal 0 0 1
    outer loop
      vertex 4.6194 1.91342 13.99
      vertex 4.73465 -1.6072 13.99
      vertex 4.73465 1.6072 13.99
    endloop
  endfacet
  facet normal 0 0 1
    outer loop
      vertex 4.6194 1.91342 13.99
      vertex 4.6194 -1.91342 13.99
      vertex 4.73465 -1.6072 13.99
    endloop
  endfacet
  facet normal 0 0 1
    outer loop
      vertex 4.48436 2.21144 13.99
      vertex 4.6194 -1.91342 13.99
      vertex 4.6194 1.91342 13.99
    endloop
  endfacet
  facet normal 0 0 1
    outer loop
      vertex 4.48436 2.21144 13.99
      vertex 4.48436 -2.21144 13.99
      vertex 4.6194 -1.91342 13.99
    endloop
  endfacet
  facet normal 0 0 1
    outer loop
      vertex 4.33013 2.5 13.99
      vertex 4.48436 -2.21144 13.99
      vertex 4.48436 2.21144 13.99
    endloop
  endfacet
  facet normal 0 0 1
    outer loop
      vertex 4.33013 2.5 13.99
      vertex 4.33013 -2.5 13.99
      vertex 4.48436 -2.21144 13.99
    endloop
  endfacet
  facet normal 0 0 1
    outer loop
      vertex 4.15735 2.77785 13.99
      vertex 4.33013 -2.5 13.99
      vertex 4.33013 2.5 13.99
    endloop
  endfacet
  facet normal 0 0 1
    outer loop
      vertex 4.15735 2.77785 13.99
      vertex 4.15735 -2.77785 13.99
      vertex 4.33013 -2.5 13.99
    endloop
  endfacet
  facet normal 0 0 1
    outer loop
      vertex 3.96677 3.04381 13.99
      vertex 4.15735 -2.77785 13.99
      vertex 4.15735 2.77785 13.99
    endloop
  endfacet
  facet normal 0 0 1
    outer loop
      vertex 3.96677 3.04381 13.99
      vertex 3.96677 -3.04381 13.99
      vertex 4.15735 -2.77785 13.99
    endloop
  endfacet
  facet normal 0 0 1
    outer loop
      vertex 3.7592 3.29673 13.99
      vertex 3.96677 -3.04381 13.99
      vertex 3.96677 3.04381 13.99
    endloop
  endfacet
  facet normal 0 0 1
    outer loop
      vertex 3.7592 3.29673 13.99
      vertex 3.7592 -3.29673 13.99
      vertex 3.96677 -3.04381 13.99
    endloop
  endfacet
  facet normal 0 0 1
    outer loop
      vertex 3.53553 3.53553 13.99
      vertex 3.7592 -3.29673 13.99
      vertex 3.7592 3.29673 13.99
    endloop
  endfacet
  facet normal 0 0 1
    outer loop
      vertex 3.53553 3.53553 13.99
      vertex 3.53553 -3.53553 13.99
      vertex 3.7592 -3.29673 13.99
    endloop
  endfacet
  facet normal 0 0 1
    outer loop
      vertex 3.29673 3.7592 13.99
      vertex 3.53553 -3.53553 13.99
      vertex 3.53553 3.53553 13.99
    endloop
  endfacet
  facet normal 0 0 1
    outer loop
      vertex 3.29673 3.7592 13.99
      vertex 3.29673 -3.7592 13.99
      vertex 3.53553 -3.53553 13.99
    endloop
  endfacet
  facet normal 0 0 1
    outer loop
      vertex 3.04381 3.96677 13.99
      vertex 3.29673 -3.7592 13.99
      vertex 3.29673 3.7592 13.99
    endloop
  endfacet
  facet normal 0 0 1
    outer loop
      vertex 3.04381 3.96677 13.99
      vertex 3.04381 -3.96677 13.99
      vertex 3.29673 -3.7592 13.99
    endloop
  endfacet
  facet normal 0 0 1
    outer loop
      vertex 2.77785 4.15735 13.99
      vertex 3.04381 -3.96677 13.99
      vertex 3.04381 3.96677 13.99
    endloop
  endfacet
  facet normal 0 0 1
    outer loop
      vertex 2.77785 4.15735 13.99
      vertex 2.77785 -4.15735 13.99
      vertex 3.04381 -3.96677 13.99
    endloop
  endfacet
  facet normal 0 0 1
    outer loop
      vertex 2.5 4.33013 13.99
      vertex 2.77785 -4.15735 13.99
      vertex 2.77785 4.15735 13.99
    endloop
  endfacet
  facet normal 0 0 1
    outer loop
      vertex 2.5 4.33013 13.99
      vertex 2.5 -4.33013 13.99
      vertex 2.77785 -4.15735 13.99
    endloop
  endfacet
  facet normal 0 0 1
    outer loop
      vertex 2.21144 4.48436 13.99
      vertex 2.5 -4.33013 13.99
      vertex 2.5 4.33013 13.99
    endloop
  endfacet
  facet normal 0 0 1
    outer loop
      vertex 2.21144 4.48436 13.99
      vertex 2.21144 -4.48436 13.99
      vertex 2.5 -4.33013 13.99
    endloop
  endfacet
  facet normal 0 0 1
    outer loop
      vertex 1.91342 4.6194 13.99
      vertex 2.21144 -4.48436 13.99
      vertex 2.21144 4.48436 13.99
    endloop
  endfacet
  facet normal 0 0 1
    outer loop
      vertex 1.91342 4.6194 13.99
      vertex 1.91342 -4.6194 13.99
      vertex 2.21144 -4.48436 13.99
    endloop
  endfacet
  facet normal 0 0 1
    outer loop
      vertex 1.6072 4.73465 13.99
      vertex 1.91342 -4.6194 13.99
      vertex 1.91342 4.6194 13.99
    endloop
  endfacet
  facet normal 0 0 1
    outer loop
      vertex 1.6072 4.73465 13.99
      vertex 1.6072 -4.73465 13.99
      vertex 1.91342 -4.6194 13.99
    endloop
  endfacet
  facet normal 0 0 1
    outer loop
      vertex 1.2941 4.82963 13.99
      vertex 1.6072 -4.73465 13.99
      vertex 1.6072 4.73465 13.99
    endloop
  endfacet
  facet normal 0 0 1
    outer loop
      vertex 1.2941 4.82963 13.99
      vertex 1.2941 -4.82963 13.99
      vertex 1.6072 -4.73465 13.99
    endloop
  endfacet
  facet normal 0 0 1
    outer loop
      vertex 0.975451 4.90393 13.99
      vertex 1.2941 -4.82963 13.99
      vertex 1.2941 4.82963 13.99
    endloop
  endfacet
  facet normal 0 0 1
    outer loop
      vertex 0.975451 4.90393 13.99
      vertex 0.975451 -4.90393 13.99
      vertex 1.2941 -4.82963 13.99
    endloop
  endfacet
  facet normal 0 0 1
    outer loop
      vertex 0.652631 4.95722 13.99
      vertex 0.975451 -4.90393 13.99
      vertex 0.975451 4.90393 13.99
    endloop
  endfacet
  facet normal 0 0 1
    outer loop
      vertex 0.652631 4.95722 13.99
      vertex 0.652631 -4.95722 13.99
      vertex 0.975451 -4.90393 13.99
    endloop
  endfacet
  facet normal 0 0 1
    outer loop
      vertex 0.327015 4.98929 13.99
      vertex 0.652631 -4.95722 13.99
      vertex 0.652631 4.95722 13.99
    endloop
  endfacet
  facet normal 0 0 1
    outer loop
      vertex 0.327015 4.98929 13.99
      vertex 0.327015 -4.98929 13.99
      vertex 0.652631 -4.95722 13.99
    endloop
  endfacet
  facet normal 0 0 1
    outer loop
      vertex 0 5 13.99
      vertex 0.327015 -4.98929 13.99
      vertex 0.327015 4.98929 13.99
    endloop
  endfacet
  facet normal 0 0 1
    outer loop
      vertex 0 5 13.99
      vertex 0 -5 13.99
      vertex 0.327015 -4.98929 13.99
    endloop
  endfacet
  facet normal -0 0 1
    outer loop
      vertex -0.327015 4.98929 13.99
      vertex 0 -5 13.99
      vertex 0 5 13.99
    endloop
  endfacet
  facet normal 0 0 1
    outer loop
      vertex -0.327015 4.98929 13.99
      vertex -0.327015 -4.98929 13.99
      vertex 0 -5 13.99
    endloop
  endfacet
  facet normal -0 0 1
    outer loop
      vertex -0.652631 4.95722 13.99
      vertex -0.327015 -4.98929 13.99
      vertex -0.327015 4.98929 13.99
    endloop
  endfacet
  facet normal 0 0 1
    outer loop
      vertex -0.652631 4.95722 13.99
      vertex -0.652631 -4.95722 13.99
      vertex -0.327015 -4.98929 13.99
    endloop
  endfacet
  facet normal -0 0 1
    outer loop
      vertex -0.975451 4.90393 13.99
      vertex -0.652631 -4.95722 13.99
      vertex -0.652631 4.95722 13.99
    endloop
  endfacet
  facet normal 0 0 1
    outer loop
      vertex -0.975451 4.90393 13.99
      vertex -0.975451 -4.90393 13.99
      vertex -0.652631 -4.95722 13.99
    endloop
  endfacet
  facet normal -0 0 1
    outer loop
      vertex -1.2941 4.82963 13.99
      vertex -0.975451 -4.90393 13.99
      vertex -0.975451 4.90393 13.99
    endloop
  endfacet
  facet normal 0 0 1
    outer loop
      vertex -1.2941 4.82963 13.99
      vertex -1.2941 -4.82963 13.99
      vertex -0.975451 -4.90393 13.99
    endloop
  endfacet
  facet normal -0 0 1
    outer loop
      vertex -1.6072 4.73465 13.99
      vertex -1.2941 -4.82963 13.99
      vertex -1.2941 4.82963 13.99
    endloop
  endfacet
  facet normal 0 0 1
    outer loop
      vertex -1.6072 4.73465 13.99
      vertex -1.6072 -4.73465 13.99
      vertex -1.2941 -4.82963 13.99
    endloop
  endfacet
  facet normal -0 0 1
    outer loop
      vertex -1.91342 4.6194 13.99
      vertex -1.6072 -4.73465 13.99
      vertex -1.6072 4.73465 13.99
    endloop
  endfacet
  facet normal 0 0 1
    outer loop
      vertex -1.91342 4.6194 13.99
      vertex -1.91342 -4.6194 13.99
      vertex -1.6072 -4.73465 13.99
    endloop
  endfacet
  facet normal -0 0 1
    outer loop
      vertex -2.21144 4.48436 13.99
      vertex -1.91342 -4.6194 13.99
      vertex -1.91342 4.6194 13.99
    endloop
  endfacet
  facet normal 0 0 1
    outer loop
      vertex -2.21144 4.48436 13.99
      vertex -2.21144 -4.48436 13.99
      vertex -1.91342 -4.6194 13.99
    endloop
  endfacet
  facet normal -0 0 1
    outer loop
      vertex -2.5 4.33013 13.99
      vertex -2.21144 -4.48436 13.99
      vertex -2.21144 4.48436 13.99
    endloop
  endfacet
  facet normal 0 0 1
    outer loop
      vertex -2.5 4.33013 13.99
      vertex -2.5 -4.33013 13.99
      vertex -2.21144 -4.48436 13.99
    endloop
  endfacet
  facet normal -0 0 1
    outer loop
      vertex -2.77785 4.15735 13.99
      vertex -2.5 -4.33013 13.99
      vertex -2.5 4.33013 13.99
    endloop
  endfacet
  facet normal 0 0 1
    outer loop
      vertex -2.77785 4.15735 13.99
      vertex -2.77785 -4.15735 13.99
      vertex -2.5 -4.33013 13.99
    endloop
  endfacet
  facet normal -0 0 1
    outer loop
      vertex -3.04381 3.96677 13.99
      vertex -2.77785 -4.15735 13.99
      vertex -2.77785 4.15735 13.99
    endloop
  endfacet
  facet normal 0 0 1
    outer loop
      vertex -3.04381 3.96677 13.99
      vertex -3.04381 -3.96677 13.99
      vertex -2.77785 -4.15735 13.99
    endloop
  endfacet
  facet normal -0 0 1
    outer loop
      vertex -3.29673 3.7592 13.99
      vertex -3.04381 -3.96677 13.99
      vertex -3.04381 3.96677 13.99
    endloop
  endfacet
  facet normal 0 0 1
    outer loop
      vertex -3.29673 3.7592 13.99
      vertex -3.29673 -3.7592 13.99
      vertex -3.04381 -3.96677 13.99
    endloop
  endfacet
  facet normal -0 0 1
    outer loop
      vertex -3.53553 3.53553 13.99
      vertex -3.29673 -3.7592 13.99
      vertex -3.29673 3.7592 13.99
    endloop
  endfacet
  facet normal 0 0 1
    outer loop
      vertex -3.53553 3.53553 13.99
      vertex -3.53553 -3.53553 13.99
      vertex -3.29673 -3.7592 13.99
    endloop
  endfacet
  facet normal -0 0 1
    outer loop
      vertex -3.7592 3.29673 13.99
      vertex -3.53553 -3.53553 13.99
      vertex -3.53553 3.53553 13.99
    endloop
  endfacet
  facet normal 0 0 1
    outer loop
      vertex -3.7592 3.29673 13.99
      vertex -3.7592 -3.29673 13.99
      vertex -3.53553 -3.53553 13.99
    endloop
  endfacet
  facet normal -0 0 1
    outer loop
      vertex -3.96677 3.04381 13.99
      vertex -3.7592 -3.29673 13.99
      vertex -3.7592 3.29673 13.99
    endloop
  endfacet
  facet normal 0 0 1
    outer loop
      vertex -3.96677 3.04381 13.99
      vertex -3.96677 -3.04381 13.99
      vertex -3.7592 -3.29673 13.99
    endloop
  endfacet
  facet normal -0 0 1
    outer loop
      vertex -4.15735 2.77785 13.99
      vertex -3.96677 -3.04381 13.99
      vertex -3.96677 3.04381 13.99
    endloop
  endfacet
  facet normal 0 0 1
    outer loop
      vertex -4.15735 2.77785 13.99
      vertex -4.15735 -2.77785 13.99
      vertex -3.96677 -3.04381 13.99
    endloop
  endfacet
  facet normal -0 0 1
    outer loop
      vertex -4.33013 2.5 13.99
      vertex -4.15735 -2.77785 13.99
      vertex -4.15735 2.77785 13.99
    endloop
  endfacet
  facet normal 0 0 1
    outer loop
      vertex -4.33013 2.5 13.99
      vertex -4.33013 -2.5 13.99
      vertex -4.15735 -2.77785 13.99
    endloop
  endfacet
  facet normal -0 0 1
    outer loop
      vertex -4.48436 2.21144 13.99
      vertex -4.33013 -2.5 13.99
      vertex -4.33013 2.5 13.99
    endloop
  endfacet
  facet normal 0 0 1
    outer loop
      vertex -4.48436 2.21144 13.99
      vertex -4.48436 -2.21144 13.99
      vertex -4.33013 -2.5 13.99
    endloop
  endfacet
  facet normal -0 0 1
    outer loop
      vertex -4.6194 1.91342 13.99
      vertex -4.48436 -2.21144 13.99
      vertex -4.48436 2.21144 13.99
    endloop
  endfacet
  facet normal 0 0 1
    outer loop
      vertex -4.6194 1.91342 13.99
      vertex -4.6194 -1.91342 13.99
      vertex -4.48436 -2.21144 13.99
    endloop
  endfacet
  facet normal -0 0 1
    outer loop
      vertex -4.73465 1.6072 13.99
      vertex -4.6194 -1.91342 13.99
      vertex -4.6194 1.91342 13.99
    endloop
  endfacet
  facet normal 0 0 1
    outer loop
      vertex -4.73465 1.6072 13.99
      vertex -4.73465 -1.6072 13.99
      vertex -4.6194 -1.91342 13.99
    endloop
  endfacet
  facet normal -0 0 1
    outer loop
      vertex -4.82963 1.2941 13.99
      vertex -4.73465 -1.6072 13.99
      vertex -4.73465 1.6072 13.99
    endloop
  endfacet
  facet normal 0 0 1
    outer loop
      vertex -4.82963 1.2941 13.99
      vertex -4.82963 -1.2941 13.99
      vertex -4.73465 -1.6072 13.99
    endloop
  endfacet
  facet normal -0 0 1
    outer loop
      vertex -4.90393 0.975451 13.99
      vertex -4.82963 -1.2941 13.99
      vertex -4.82963 1.2941 13.99
    endloop
  endfacet
  facet normal 0 0 1
    outer loop
      vertex -4.90393 0.975451 13.99
      vertex -4.90393 -0.975451 13.99
      vertex -4.82963 -1.2941 13.99
    endloop
  endfacet
  facet normal -0 0 1
    outer loop
      vertex -4.95722 0.652631 13.99
      vertex -4.90393 -0.975451 13.99
      vertex -4.90393 0.975451 13.99
    endloop
  endfacet
  facet normal 0 0 1
    outer loop
      vertex -4.95722 0.652631 13.99
      vertex -4.95722 -0.652631 13.99
      vertex -4.90393 -0.975451 13.99
    endloop
  endfacet
  facet normal -0 0 1
    outer loop
      vertex -4.98929 0.327015 13.99
      vertex -4.95722 -0.652631 13.99
      vertex -4.95722 0.652631 13.99
    endloop
  endfacet
  facet normal 0 0 1
    outer loop
      vertex -4.98929 0.327015 13.99
      vertex -4.98929 -0.327015 13.99
      vertex -4.95722 -0.652631 13.99
    endloop
  endfacet
  facet normal 0 -0 1
    outer loop
      vertex -4.98929 -0.327015 13.99
      vertex -4.98929 0.327015 13.99
      vertex -5 0 13.99
    endloop
  endfacet
  facet normal -0.683608 0.72985 0
    outer loop
      vertex -3.29673 3.7592 -17
      vertex -3.53553 3.53553 13.99
      vertex -3.29673 3.7592 13.99
    endloop
  endfacet
  facet normal -0.683608 0.72985 0
    outer loop
      vertex -3.53553 3.53553 13.99
      vertex -3.29673 3.7592 -17
      vertex -3.53553 3.53553 -17
    endloop
  endfacet
  facet normal -0.227081 -0.973876 0
    outer loop
      vertex -1.2941 -4.82963 -17
      vertex -0.975451 -4.90393 13.99
      vertex -1.2941 -4.82963 13.99
    endloop
  endfacet
  facet normal -0.227081 -0.973876 -0
    outer loop
      vertex -0.975451 -4.90393 13.99
      vertex -1.2941 -4.82963 -17
      vertex -0.975451 -4.90393 -17
    endloop
  endfacet
  facet normal -0.0327332 0.999464 0
    outer loop
      vertex 0 5 -17
      vertex -0.327015 4.98929 13.99
      vertex 0 5 13.99
    endloop
  endfacet
  facet normal -0.0327332 0.999464 0
    outer loop
      vertex -0.327015 4.98929 13.99
      vertex 0 5 -17
      vertex -0.327015 4.98929 -17
    endloop
  endfacet
  facet normal -0.8492 0.528072 0
    outer loop
      vertex -4.33013 2.5 -17
      vertex -4.15735 2.77785 13.99
      vertex -4.15735 2.77785 -17
    endloop
  endfacet
  facet normal -0.8492 0.528072 0
    outer loop
      vertex -4.15735 2.77785 13.99
      vertex -4.33013 2.5 -17
      vertex -4.33013 2.5 13.99
    endloop
  endfacet
  facet normal 0.8492 -0.528072 0
    outer loop
      vertex 4.15735 -2.77785 13.99
      vertex 4.33013 -2.5 -17
      vertex 4.33013 -2.5 13.99
    endloop
  endfacet
  facet normal 0.8492 -0.528072 0
    outer loop
      vertex 4.33013 -2.5 -17
      vertex 4.15735 -2.77785 13.99
      vertex 4.15735 -2.77785 -17
    endloop
  endfacet
  facet normal -0.72985 -0.683608 0
    outer loop
      vertex -3.53553 -3.53553 -17
      vertex -3.7592 -3.29673 13.99
      vertex -3.7592 -3.29673 -17
    endloop
  endfacet
  facet normal -0.72985 -0.683608 0
    outer loop
      vertex -3.7592 -3.29673 13.99
      vertex -3.53553 -3.53553 -17
      vertex -3.53553 -3.53553 13.99
    endloop
  endfacet
  facet normal -0.41273 0.910854 0
    outer loop
      vertex -1.91342 4.6194 -17
      vertex -2.21144 4.48436 13.99
      vertex -1.91342 4.6194 13.99
    endloop
  endfacet
  facet normal -0.41273 0.910854 0
    outer loop
      vertex -2.21144 4.48436 13.99
      vertex -1.91342 4.6194 -17
      vertex -2.21144 4.48436 -17
    endloop
  endfacet
  facet normal 0.582469 -0.812853 0
    outer loop
      vertex 2.77785 -4.15735 -17
      vertex 3.04381 -3.96677 13.99
      vertex 2.77785 -4.15735 13.99
    endloop
  endfacet
  facet normal 0.582469 -0.812853 0
    outer loop
      vertex 3.04381 -3.96677 13.99
      vertex 2.77785 -4.15735 -17
      vertex 3.04381 -3.96677 -17
    endloop
  endfacet
  facet normal -0.227081 0.973876 0
    outer loop
      vertex -0.975451 4.90393 -17
      vertex -1.2941 4.82963 13.99
      vertex -0.975451 4.90393 13.99
    endloop
  endfacet
  facet normal -0.227081 0.973876 0
    outer loop
      vertex -1.2941 4.82963 13.99
      vertex -0.975451 4.90393 -17
      vertex -1.2941 4.82963 -17
    endloop
  endfacet
  facet normal -0.683608 -0.72985 0
    outer loop
      vertex -3.53553 -3.53553 -17
      vertex -3.29673 -3.7592 13.99
      vertex -3.53553 -3.53553 13.99
    endloop
  endfacet
  facet normal -0.683608 -0.72985 -0
    outer loop
      vertex -3.29673 -3.7592 13.99
      vertex -3.53553 -3.53553 -17
      vertex -3.29673 -3.7592 -17
    endloop
  endfacet
  facet normal -0.773005 0.6344 0
    outer loop
      vertex -3.96677 3.04381 -17
      vertex -3.7592 3.29673 13.99
      vertex -3.7592 3.29673 -17
    endloop
  endfacet
  facet normal -0.773005 0.6344 0
    outer loop
      vertex -3.7592 3.29673 13.99
      vertex -3.96677 3.04381 -17
      vertex -3.96677 3.04381 13.99
    endloop
  endfacet
  facet normal 0.986647 -0.162872 0
    outer loop
      vertex 4.90393 -0.975451 13.99
      vertex 4.95722 -0.652631 -17
      vertex 4.95722 -0.652631 13.99
    endloop
  endfacet
  facet normal 0.986647 -0.162872 0
    outer loop
      vertex 4.95722 -0.652631 -17
      vertex 4.90393 -0.975451 13.99
      vertex 4.90393 -0.975451 -17
    endloop
  endfacet
  facet normal 0.773005 0.6344 0
    outer loop
      vertex 3.96677 3.04381 13.99
      vertex 3.7592 3.29673 -17
      vertex 3.7592 3.29673 13.99
    endloop
  endfacet
  facet normal 0.773005 0.6344 0
    outer loop
      vertex 3.7592 3.29673 -17
      vertex 3.96677 3.04381 13.99
      vertex 3.96677 3.04381 -17
    endloop
  endfacet
  facet normal -0.0327332 -0.999464 0
    outer loop
      vertex -0.327015 -4.98929 -17
      vertex 0 -5 13.99
      vertex -0.327015 -4.98929 13.99
    endloop
  endfacet
  facet normal -0.0327332 -0.999464 -0
    outer loop
      vertex 0 -5 13.99
      vertex -0.327015 -4.98929 -17
      vertex 0 -5 -17
    endloop
  endfacet
  facet normal -0.973876 0.227081 0
    outer loop
      vertex -4.90393 0.975451 -17
      vertex -4.82963 1.2941 13.99
      vertex -4.82963 1.2941 -17
    endloop
  endfacet
  facet normal -0.973876 0.227081 0
    outer loop
      vertex -4.82963 1.2941 13.99
      vertex -4.90393 0.975451 -17
      vertex -4.90393 0.975451 13.99
    endloop
  endfacet
  facet normal -0.956939 0.290291 0
    outer loop
      vertex -4.82963 1.2941 -17
      vertex -4.73465 1.6072 13.99
      vertex -4.73465 1.6072 -17
    endloop
  endfacet
  facet normal -0.956939 0.290291 0
    outer loop
      vertex -4.73465 1.6072 13.99
      vertex -4.82963 1.2941 -17
      vertex -4.82963 1.2941 13.99
    endloop
  endfacet
  facet normal -0.528072 -0.8492 0
    outer loop
      vertex -2.77785 -4.15735 -17
      vertex -2.5 -4.33013 13.99
      vertex -2.77785 -4.15735 13.99
    endloop
  endfacet
  facet normal -0.528072 -0.8492 -0
    outer loop
      vertex -2.5 -4.33013 13.99
      vertex -2.77785 -4.15735 -17
      vertex -2.5 -4.33013 -17
    endloop
  endfacet
  facet normal 0.910854 -0.41273 0
    outer loop
      vertex 4.48436 -2.21144 13.99
      vertex 4.6194 -1.91342 -17
      vertex 4.6194 -1.91342 13.99
    endloop
  endfacet
  facet normal 0.910854 -0.41273 0
    outer loop
      vertex 4.6194 -1.91342 -17
      vertex 4.48436 -2.21144 13.99
      vertex 4.48436 -2.21144 -17
    endloop
  endfacet
  facet normal -0.999464 0.0327332 0
    outer loop
      vertex -5 0 -17
      vertex -4.98929 0.327015 13.99
      vertex -4.98929 0.327015 -17
    endloop
  endfacet
  facet normal -0.999464 0.0327332 0
    outer loop
      vertex -4.98929 0.327015 13.99
      vertex -5 0 -17
      vertex -5 0 13.99
    endloop
  endfacet
  facet normal 0.227081 0.973876 -0
    outer loop
      vertex 1.2941 4.82963 -17
      vertex 0.975451 4.90393 13.99
      vertex 1.2941 4.82963 13.99
    endloop
  endfacet
  facet normal 0.227081 0.973876 0
    outer loop
      vertex 0.975451 4.90393 13.99
      vertex 1.2941 4.82963 -17
      vertex 0.975451 4.90393 -17
    endloop
  endfacet
  facet normal 0.290291 0.956939 -0
    outer loop
      vertex 1.6072 4.73465 -17
      vertex 1.2941 4.82963 13.99
      vertex 1.6072 4.73465 13.99
    endloop
  endfacet
  facet normal 0.290291 0.956939 0
    outer loop
      vertex 1.2941 4.82963 13.99
      vertex 1.6072 4.73465 -17
      vertex 1.2941 4.82963 -17
    endloop
  endfacet
  facet normal -0.471376 0.881932 0
    outer loop
      vertex -2.21144 4.48436 -17
      vertex -2.5 4.33013 13.99
      vertex -2.21144 4.48436 13.99
    endloop
  endfacet
  facet normal -0.471376 0.881932 0
    outer loop
      vertex -2.5 4.33013 13.99
      vertex -2.21144 4.48436 -17
      vertex -2.5 4.33013 -17
    endloop
  endfacet
  facet normal -0.471376 -0.881932 0
    outer loop
      vertex -2.5 -4.33013 -17
      vertex -2.21144 -4.48436 13.99
      vertex -2.5 -4.33013 13.99
    endloop
  endfacet
  facet normal -0.471376 -0.881932 -0
    outer loop
      vertex -2.21144 -4.48436 13.99
      vertex -2.5 -4.33013 -17
      vertex -2.21144 -4.48436 -17
    endloop
  endfacet
endsolid OpenSCAD_Model
